actual_price,nn_pred,xgb_pred
3.75,3.9153094,3.7638538
3.75,4.0279665,3.7675838
3.0,3.2537174,2.9959803
3.75,3.916465,3.7637827
3.75,3.7473674,3.6798973
3.5,3.632606,3.4715009
3.1,3.0136135,3.055571
3.0,3.157258,2.9651895
2.5,3.003912,2.5417404
2.5,3.0848794,2.5615118
3.0,3.177906,2.9641035
2.5,3.0783691,2.5679903
4.25,4.230625,4.187941
3.5,3.6013987,3.4448903
4.5,4.2183914,4.4863505
2.5,2.9509568,2.5419436
4.25,4.2842264,4.1864996
2.2,3.0931091,2.241374
3.0,3.167507,2.9649055
2.0,3.1065083,2.021214
2.45,2.9311395,2.514233
3.1,3.0136135,3.0537438
18.0,20.668715,18.22353
2.5,2.9258971,2.5364463
2.5,2.9074812,2.5278237
2.5,2.9572873,2.5368483
2.5,3.0769715,2.5660548
8.95,9.585283,8.9508095
0.8,0.9869957,0.80516833
2.2,2.7972903,2.231974
0.8,0.9636682,0.80357826
3.5,3.8815272,3.5655117
3.5,3.7820103,3.5658417
3.75,3.7109182,3.7282417
3.25,3.5380871,3.200064
3.25,3.5683973,3.2653594
3.1,3.4126408,3.1009438
4.5,4.439128,4.45047
3.0,3.1499457,2.9703915
2.5,2.8843346,2.507822
2.5,2.9725194,2.5092754
3.75,3.750472,3.7210124
3.0,3.0816848,2.9338021
3.75,3.7615478,3.7329688
4.0,3.7443569,3.9226468
3.0,3.4653432,3.0574403
2.2,2.9178028,2.231974
2.5,2.9492939,2.5386877
4.25,4.065648,4.195586
2.5,2.924068,2.536641
3.75,4.0573893,3.7864137
2.5,2.9467773,2.5616388
4.25,4.1934576,4.1972327
3.75,3.670311,3.7632315
4.25,4.109849,4.2010407
3.0,3.1938093,2.9470983
2.5,3.0717602,2.5599933
4.5,4.25251,4.469204
3.75,3.7696965,3.6820943
2.0,2.6757278,2.0218124
2.5,2.9594972,2.542401
2.5,3.0820382,2.5598478
2.5,3.0214918,2.5092754
3.5,3.9071252,3.5666142
18.0,18.571623,17.975069
2.5,2.9626884,2.5099986
2.5,2.9647624,2.5354674
3.5,3.595506,3.442486
4.38,3.6208718,3.5023022
3.0,3.0638287,2.9727805
3.5,3.6245682,3.4461205
2.5,3.001026,2.55614
2.5,3.0034103,2.5083966
2.5,2.978359,2.507822
2.0,2.6527283,2.0217488
2.45,2.940507,2.5145679
3.75,4.0587225,3.7864137
3.5,3.792397,3.561669
0.8,1.0024688,0.80516833
3.0,3.0621796,2.9333446
2.2,3.0897114,2.2381716
3.75,4.306983,3.8095963
2.5,3.0695515,2.5673585
2.0,2.6971767,2.0218124
4.25,4.10919,4.1970277
3.0,3.1492178,2.9633608
3.75,3.7549284,3.7251093
3.0,3.5689003,3.0251803
4.5,4.4457474,4.446462
2.5,2.9737926,2.5083966
3.0,3.2268143,2.9491005
2.5,3.0049696,2.5083568
4.5,4.3694835,4.445165
2.5,3.0803027,2.5686755
4.75,4.5401874,4.689435
2.0,2.624,2.0271523
3.0,3.158427,2.9703915
0.8,0.9804909,0.80378854
3.0,2.6137378,2.573565
3.0,3.234268,2.9624906
28.0,28.059366,27.982693
2.5,2.918524,2.5363936
3.1,3.4012218,3.1016688
3.0,3.4782274,3.0570476
3.1,3.3866289,3.1018622
3.0,3.0769887,2.9519894
2.1,2.5581927,2.8201292
14.75,16.82146,14.840483
2.45,2.913189,2.5141702
3.5,3.5133421,3.442486
0.8,0.96953434,0.80516833
2.5,3.1773248,2.5422857
2.45,2.9344575,2.514249
2.5,3.0613136,2.5564756
2.5,2.9609938,2.5099986
2.5,2.9236383,2.5407827
2.5,2.9618576,2.542401
3.0,3.094468,2.955444
3.0,3.2002754,2.964869
0.8,0.9952618,0.8047895
2.5,2.977693,2.5543745
22.5,20.73592,22.344648
3.75,4.024333,3.7736754
3.75,3.7565444,3.7357306
2.5,3.0506146,2.5552392
3.0,3.0682716,2.9316943
3.0,3.1749892,2.964448
3.0,3.2832065,2.9959803
3.5,3.6263924,3.4448903
3.0,3.1847339,2.9959803
3.75,3.7526577,3.7351053
3.0,2.8520412,2.9267654
2.45,2.9690444,2.5134223
2.5,3.0837395,2.5630124
3.75,4.03907,3.7732828
4.5,4.258506,4.4743247
3.25,3.565246,3.3038013
3.0,3.8776438,3.02466
2.5,2.9794858,2.5367603
2.1,2.6239061,2.602119
3.0,3.1534922,2.9576774
3.0,3.2769141,2.9901938
3.5,3.6685321,3.473054
4.0,3.7457578,3.9242737
2.5,2.9624138,2.5373058
28.0,25.938688,27.926846
3.25,3.4976027,3.2049353
2.5,3.1273384,2.5409389
3.0,3.0713782,2.9329426
0.8,0.99884796,0.8037572
3.0,3.5316155,3.0189044
18.0,18.773594,17.91145
2.5,3.0704274,2.5621893
4.75,4.392185,4.6845345
2.55,3.0136135,2.6193147
2.2,3.0908504,2.240144
2.5,3.084377,2.567816
3.5,3.5878463,3.4938996
3.0,3.1817982,2.946344
4.5,4.391964,4.446888
2.0,2.6651258,2.0218124
2.5,2.9810808,2.5375094
3.5,3.6121044,3.5498464
3.75,3.9409044,3.7638538
3.0,3.2891247,2.9907348
3.0,3.210569,2.9481857
3.5,3.549366,3.478396
3.5,3.8285308,3.5655117
2.55,3.0136135,2.6163967
3.75,4.1154995,3.764354
2.2,2.8016956,2.2299645
3.0,3.2015653,2.947043
2.2,3.0689778,2.240144
3.0,3.2783523,2.9907348
3.75,3.7569504,3.7270954
3.75,3.6945202,3.727147
2.5,2.9595325,2.5083966
2.5,3.0034053,2.541612
22.5,21.070498,24.068525
3.1,3.0136135,3.051535
3.25,3.5539916,3.243201
3.75,4.0613966,3.7815173
2.5,3.0873256,2.5610268
3.0,3.2161674,2.948241
2.45,2.9503975,2.5138807
3.0,3.0697765,2.9324298
2.5,3.0670574,2.563167
3.0,3.314305,2.994233
2.5,3.0158625,2.5553093
3.5,3.6024296,3.4461205
4.5,4.4064484,4.4431667
2.5,3.0261984,2.556811
4.75,4.5060387,4.691975
2.45,2.9426842,2.5134223
2.5,2.921903,2.5375853
0.8,0.982728,0.80378854
3.0,3.4931371,3.0618005
2.2,2.8035884,2.2299645
2.55,3.0136135,2.616613
0.8,0.9817709,0.80441636
3.5,3.6000063,3.47096
3.25,3.599182,3.3074245
2.1,2.5663872,2.7302468
3.75,4.333727,3.8073504
3.0,3.2336688,2.9639316
3.0,3.6373703,3.0236044
3.5,3.6200876,3.5602787
3.75,3.7244546,3.7288783
3.0,3.1804116,2.97099
3.0,3.5065196,3.02466
2.45,2.9759145,2.5138807
3.75,3.964016,3.7632825
2.5,2.9720001,2.5083966
2.2,3.0812404,2.241374
2.5,3.0325437,2.556811
2.5,2.957553,2.5419436
9.25,9.697842,9.221134
0.8,0.96621716,0.80350566
3.25,3.5594156,3.3085985
2.1,2.583709,2.796478
3.1,3.3234458,3.1015787
4.5,4.4240055,4.446462
2.5,3.0104666,2.5548544
3.75,3.7402685,3.6819525
3.25,3.5447593,3.206442
2.5,2.9176717,2.5359888
3.0,3.060434,2.9727805
2.45,2.9490805,2.5137906
2.5,3.131134,2.541455
3.5,3.6632757,3.472513
3.5,3.6026666,3.4820094
3.0,3.1521196,2.9709263
2.5,3.0657496,2.564158
3.5,3.545144,3.4798734
3.0,3.2207603,2.9477835
3.0,3.3777575,3.0574403
2.5,2.944993,2.5083568
2.55,3.0136135,2.6170678
0.8,0.9918495,0.799526
2.65,3.09192,2.7461045
3.5,3.619313,3.4448903
3.0,3.08456,2.9536064
3.25,3.5854247,3.3170395
0.8,0.9867677,0.7966574
3.5,3.5948768,3.472513
2.5,3.0041542,2.558235
2.5,2.9208748,2.5359888
2.2,3.0993066,2.236799
20.45,17.613163,20.354792
4.5,4.4373784,4.446462
2.5,3.1166413,2.5417619
3.5,3.6171427,3.472513
3.0,3.0951967,2.9527123
3.0,3.088583,2.9560864
0.8,0.98704475,0.80410784
3.5,3.5214536,3.442486
2.45,3.0113206,2.5130188
3.0,3.0611868,2.95368
3.0,3.3045354,2.994233
2.0,2.6646585,2.0245647
3.75,4.3059435,3.8073578
3.0,3.096564,2.960461
3.75,3.690007,3.7270782
3.0,3.233863,2.9477835
2.5,2.9616833,2.5340493
3.75,4.3801584,3.8074677
4.75,4.551959,4.691975
0.8,0.9772693,0.8041432
3.5,3.5895584,3.4881651
0.8,0.98518395,0.80516833
3.0,3.139122,2.9709263
3.25,3.5353057,3.2774084
4.25,4.1117716,4.2010407
3.5,3.6223297,3.4461205
3.5,3.881921,3.5618267
2.5,2.9593482,2.5419436
2.5,3.0036225,2.5576417
2.5,3.1246161,2.5437799
3.0,3.2411995,2.948241
3.1,3.4075952,3.1008449
2.2,3.080409,2.241374
2.5,3.1678104,2.5417292
3.0,3.1496673,2.9703915
3.75,3.7339823,3.681663
0.8,0.97592163,0.8036213
2.2,2.8236382,2.231433
2.45,2.9909315,2.5130188
3.0,3.293399,2.994233
3.5,3.6139119,3.4448903
2.5,3.1681008,2.5437799
3.75,3.7101417,3.6812046
2.2,3.0745442,2.241374
3.0,3.2152715,2.948241
3.75,4.302335,3.8057485
3.25,3.544895,3.2626033
2.0,2.652876,2.0259223
2.2,2.813017,2.2299645
2.5,3.0906186,2.5678174
0.8,0.9825593,0.8040373
2.5,2.8864238,2.509472
0.8,0.9824805,0.80357826
3.0,3.1494455,2.97099
3.75,4.112561,3.7804694
4.0,3.731723,3.9193518
2.5,2.938294,2.53879
2.5,3.0133734,2.5569994
3.0,3.5588324,3.0236044
2.5,3.0762503,2.567816
3.75,4.1148157,3.7804694
3.5,3.640429,3.5487313
3.0,3.06673,2.9754167
3.5,3.553305,3.4818852
3.5,3.4628909,3.4411137
3.25,3.5524235,3.244779
3.75,4.06409,3.786021
3.0,3.5887287,3.0251803
3.0,3.2003407,2.964046
2.5,3.0867562,2.5613854
2.5,3.178804,2.5410001
3.75,4.299675,3.8082995
2.65,3.0228498,2.7461045
3.75,3.7176292,3.7275443
3.0,3.3129292,2.9954002
3.0,3.205031,2.9650517
3.0,2.6187236,2.8672223
2.5,2.9582539,2.5108445
4.25,4.129488,4.200648
3.25,3.5516284,3.2413118
2.2,2.838354,2.231974
3.25,3.575946,3.308576
3.0,3.376255,2.9901938
2.5,3.0138397,2.556811
6.4,11.725573,6.4669833
3.5,3.5546722,3.479135
3.75,3.7113163,3.7632315
3.75,3.7389476,3.6814005
2.5,3.0161762,2.5571792
2.5,3.1815128,2.5409389
3.75,3.7093213,3.7322915
3.0,3.0665612,2.9741867
3.0,3.0661058,2.9727805
3.75,3.7598584,3.7632315
3.0,3.2847092,2.9893107
3.0,3.0612788,2.9754167
3.1,3.0136135,3.0535529
3.75,4.2998147,3.813275
2.2,3.07489,2.240144
0.8,0.98087335,0.8041432
3.0,3.201317,2.9481857
3.0,3.6841748,3.0251803
0.8,0.97334194,0.8035693
3.5,3.6109216,3.472513
3.5,3.5609772,3.4798772
3.0,3.646233,3.0251803
2.5,2.9700518,2.5083966
2.5,3.0834846,2.5679417
3.5,3.8436828,3.56167
4.25,4.2092686,4.187941
3.0,3.1486776,2.9709263
0.8,0.9717982,0.80405474
0.8,0.9936786,0.80516833
2.5,3.0716608,2.567816
3.75,3.6750262,3.7628388
3.75,3.726217,3.7628388
4.25,4.120615,4.1970277
2.1,2.6319087,2.5415533
0.8,0.98806155,0.7987826
0.8,0.9914348,0.8042575
3.25,3.5631127,3.2406228
3.0,3.0865097,2.9517193
3.5,3.5963495,3.4461205
3.75,4.033269,3.753883
3.0,3.0624645,2.9322574
3.75,3.772693,3.729291
3.5,3.909721,3.56362
3.0,3.0589771,2.9741867
4.5,4.3329754,4.471708
2.5,2.9265795,2.532428
3.75,4.033779,3.7497187
2.5,2.9634457,2.5108445
3.75,4.060401,3.7864137
2.2,2.8139346,2.231433
9.25,9.710112,9.220764
4.5,3.9945552,4.489664
2.45,2.9501698,2.5134223
3.0,3.091985,2.9554152
4.5,4.410654,4.446792
2.5,3.0856917,2.559236
2.5,2.9637709,2.5108445
10.0,10.383815,9.958092
3.0,2.5958505,2.789372
2.5,2.9336681,2.5083966
2.5,3.0766854,2.5589921
2.2,2.875301,2.231433
2.45,2.9158926,2.5136182
3.25,3.5569527,3.3080714
3.5,3.8322506,3.562
2.5,2.977282,2.507822
2.2,2.821289,2.231433
2.5,3.0266027,2.5556161
3.25,3.5836487,3.31456
3.0,3.572519,3.0251803
2.0,2.6810071,2.0217488
2.2,2.8223503,2.231433
3.1,3.0136135,3.054376
4.5,4.341954,4.505336
3.0,3.1726909,2.9703915
2.65,3.5391557,3.203017
3.5,3.8324795,3.5655117
2.1,2.6400275,2.6557372
2.45,2.9176793,2.5133283
3.75,4.0409546,3.7732828
3.5,3.5866706,3.4461205
2.5,3.0627153,2.5673032
3.5,3.6316593,3.47096
2.2,2.8328614,2.231974
3.75,4.0178146,3.766728
3.75,4.3620043,3.8096924
3.25,3.5438468,3.2688982
2.0,2.664101,2.0271523
4.5,4.2202373,4.467911
3.0,2.5755112,2.7642965
3.25,3.5582716,3.262532
3.75,3.7115953,3.7397883
2.45,2.9594793,2.5138807
0.8,0.9765562,0.7981949
28.0,21.474546,22.621939
3.0,3.0848312,2.9328873
3.0,3.202578,2.9475005
3.1,3.372786,3.1003788
3.25,3.560807,3.2646646
4.75,4.4983196,4.6878033
3.0,3.189083,2.9623034
3.0,3.1506405,2.9650517
3.0,3.135332,2.9584727
3.0,3.2071478,2.9966562
2.5,3.2128181,2.5437799
2.5,3.075095,2.5677607
3.0,3.3773134,3.0584881
2.5,3.0556664,2.5099986
3.5,3.5538514,3.4836829
3.75,3.7275238,3.6812975
3.0,3.0817504,2.9560864
3.5,4.1321554,3.563845
3.5,3.618241,3.5567133
2.0,2.68346,2.0218124
2.2,3.0686827,2.241374
3.1,3.0136135,3.0523944
2.0,2.6842551,2.0218124
0.8,1.006743,0.80410784
3.0,3.2306497,2.9477282
3.75,4.071258,3.786021
3.1,3.2986727,3.101941
3.75,4.403553,3.7997289
15.0,18.486702,15.055068
3.75,3.7507548,3.7273488
0.8,0.98198175,0.7962848
3.75,3.7529874,3.681573
3.1,3.0136135,3.0535529
4.5,4.298641,4.470385
3.1,3.423636,3.1008313
3.25,3.5368812,3.2659452
3.75,4.3677855,3.8091226
3.0,3.4031172,3.0618005
3.75,3.7146504,3.6814005
2.5,2.9063017,2.5071583
3.0,3.2104437,2.9606905
2.5,2.9345222,2.542592
3.75,3.7192125,3.6820154
4.75,4.508486,4.693894
4.5,4.4157085,4.4426203
2.0,2.592719,2.0259223
2.1,2.5994248,2.549351
3.75,4.0435066,3.7674468
3.75,3.747933,3.7270603
3.75,3.7824142,3.6820943
3.5,3.6269891,3.47096
2.1,2.6389878,2.5256317
2.5,3.0701752,2.559375
2.5,2.9467256,2.5083966
3.0,3.195823,2.9629924
0.8,0.9862385,0.8037572
2.0,2.6341734,2.0259223
3.0,2.6342988,2.648618
3.0,3.4324594,3.0579169
2.5,2.948341,2.5108445
14.0,13.51738,13.940674
19.75,33.259212,20.01666
4.25,4.113735,4.1964564
3.0,3.1470451,2.9709263
2.5,3.083068,2.5582907
3.75,4.042324,3.753883
3.0,3.182576,2.962551
3.0,3.139892,2.9703915
2.0,2.6715946,2.0218124
3.0,3.1507177,2.9703915
3.0,3.0957165,2.9727805
3.1,3.312183,3.1013262
3.75,3.7081077,3.7240696
4.25,4.220454,4.1976256
3.0,3.2288666,2.9636333
0.8,0.98181,0.8052217
3.5,3.6241686,3.4461205
3.25,3.58693,3.3050852
2.55,3.0136135,2.6170678
10.95,9.941641,10.840151
3.0,3.2723572,2.9901938
3.1,3.3743663,3.1017992
2.5,2.9413812,2.542401
3.25,3.251248,3.2583764
3.5,3.5527995,3.4798436
3.5,3.5633452,3.4800205
3.0,3.1439114,2.9660187
3.0,3.0659072,2.9328873
3.75,4.003808,3.7638538
4.25,4.0678864,4.195586
3.5,3.6052861,3.4448903
3.75,3.7595313,3.7266402
2.5,3.0705256,2.5623174
7.6,8.371913,7.60466
3.0,3.082695,2.9508364
3.0,3.1890402,2.9645941
3.75,3.7285635,3.7264037
3.75,3.893379,3.7638538
3.0,3.2096052,2.9602487
2.45,3.1312692,2.5130568
3.1,3.0136135,3.048765
4.5,4.423174,4.4429455
4.25,4.238179,4.187941
2.5,3.1361895,2.541455
3.0,3.4227962,3.0584881
3.0,3.2585578,2.9893107
3.25,3.5674727,3.2419004
4.25,4.2338753,4.187941
3.75,4.300618,3.8129475
3.75,4.0655556,3.780946
2.5,2.9823842,2.5083966
3.75,4.0478077,3.768969
3.0,3.2380471,2.948241
3.0,3.182271,2.9454467
3.75,3.7741404,3.738825
3.0,3.2396038,2.9966562
3.5,3.8894086,3.5645506
2.5,3.0098438,2.55614
2.5,2.9714453,2.542401
0.8,0.9983845,0.8041068
2.5,2.923383,2.5367115
4.0,3.7027335,3.923318
3.0,3.0713892,2.9623725
3.0,3.3754046,3.0570476
3.75,4.11561,3.7800767
2.5,3.040086,2.5541918
3.0,3.1499593,2.97099
2.0,2.7069128,2.0218124
4.0,3.6774848,3.9190733
4.75,4.4881344,4.691645
2.5,3.5817294,2.5624804
3.75,4.071434,3.7815173
3.75,4.315419,3.801644
4.25,4.200885,4.1972327
3.0,3.2183156,2.9477835
2.5,2.9470885,2.5083966
2.5,3.0755167,2.5610287
3.0,3.2800086,2.994233
3.0,3.3317447,2.9893107
2.5,2.9438138,2.509472
3.0,3.327585,2.9901938
2.0,2.6769989,2.0218124
3.75,3.957776,3.7736754
2.0,2.6158588,2.0259223
0.8,0.9732815,0.80378854
2.5,2.9585726,2.5108445
2.55,3.0136135,2.616613
3.0,3.263594,2.9907348
0.8,0.995271,0.80516833
2.5,3.0566053,2.5092754
3.0,3.2675636,2.9959803
2.0,2.7129228,2.021214
0.8,0.99091923,0.8035693
2.45,2.9097652,2.5136182
3.1,3.0136135,3.0511072
2.5,3.0694833,2.5677607
2.5,2.984738,2.5553093
2.5,3.1534085,2.5422857
3.0,3.5393577,3.0621932
3.5,3.590833,3.4715009
3.0,3.18266,2.9966562
2.2,2.7781801,2.2299645
2.5,2.947701,2.5446675
3.5,3.6645272,3.472513
4.25,4.228767,4.18737
3.0,3.2567315,2.9898517
3.5,3.6102147,3.487643
3.75,3.6773686,3.7305787
2.65,3.547691,3.2055871
2.5,3.0931919,2.579422
2.0,2.6887295,2.021214
2.2,2.8144956,2.2299645
2.5,2.9923718,2.5108445
2.2,2.7977195,2.2305055
3.75,3.7180603,3.7244499
2.2,2.820871,2.231433
0.8,0.98741734,0.8041432
2.2,2.8514442,2.231974
3.5,3.621259,3.5516255
3.25,3.576062,3.3061604
4.25,4.2999907,4.1868925
4.0,3.6537027,3.9250064
3.0,3.2245913,2.948241
3.0,3.0756774,2.9531927
2.5,3.1037755,2.541078
13.33,10.3668995,13.267811
3.25,3.5220592,3.203489
3.0,3.424575,3.0574403
0.8,0.9736906,0.7957806
2.45,2.9621086,2.5145679
4.5,4.413839,4.4455967
3.0,3.3530753,2.9901938
3.1,3.3256333,3.1013262
3.0,3.0717945,2.9331336
3.25,3.5937111,3.302858
3.0,3.1104329,2.9581518
3.75,4.0562916,3.7815173
2.5,2.9366055,2.5083966
3.5,3.6191084,3.4461205
3.0,2.981995,2.9420085
2.5,2.9801726,2.509472
3.0,3.1428928,2.97099
3.5,3.975687,3.564215
2.2,2.797258,2.231433
3.0,3.1614392,2.9703915
4.5,4.3462877,4.5037637
3.5,3.6519976,3.472513
3.5,3.6513605,3.472513
2.5,2.935178,2.5364463
2.5,2.9558966,2.5083966
3.0,3.1474464,2.964046
3.0,3.082128,2.9545846
2.5,2.96301,2.5373058
3.75,3.7242236,3.7236097
3.0,3.0810719,2.9545846
3.0,3.5690794,3.0251803
3.75,3.7102442,3.7287307
2.5,3.157185,2.5409389
4.75,4.600669,4.691975
3.0,3.491358,3.0570476
2.5,3.1545384,2.5429568
3.0,3.269103,2.9907348
2.0,2.664091,2.0271523
3.0,3.0633287,2.9328873
2.55,3.0136135,2.6118574
3.5,3.6218774,3.5467114
3.0,3.2064714,2.9637988
3.75,3.9565094,3.7736754
2.5,2.9214406,2.5365803
2.45,3.0019565,2.5130568
4.25,4.1245375,4.200648
0.8,0.9859226,0.8041432
4.0,2.9428673,3.924141
7.6,7.7530107,7.604999
4.5,4.4022255,4.44559
3.0,3.092547,2.9703915
3.0,3.0861466,2.95897
2.2,3.032735,2.231974
4.75,4.505634,4.6894064
3.1,3.0136135,3.0536492
0.8,0.95961297,0.80360067
3.0,3.0760322,2.9569094
4.25,4.1109133,4.1964564
3.75,3.7248073,3.7237651
4.25,4.22244,4.1976256
3.5,3.5640032,3.4793885
2.45,2.9398665,2.5141702
4.25,4.1090727,4.2010407
4.5,4.187384,4.476691
0.8,0.9866848,0.8037572
3.1,3.4126449,3.1016688
3.25,3.5169065,3.2727196
3.0,3.2372193,2.948241
2.5,3.1385663,2.5429568
2.5,2.917933,2.5083966
4.5,4.325159,4.469757
0.8,0.9853119,0.80516833
3.5,3.6101265,3.552977
4.0,3.7030416,3.923318
3.75,3.6876137,3.7262485
3.5,3.6263704,3.572027
3.25,3.5364242,3.203706
2.5,3.053176,2.56074
3.5,3.5924754,3.473054
2.0,2.6378913,2.0271523
3.75,3.5978467,3.7211921
3.0,3.075121,2.9557095
2.5,3.0941956,2.5437875
3.0,3.2683058,2.9612532
3.1,3.3142393,3.1015787
3.0,3.0969024,2.961947
3.0,3.2024534,2.9645941
2.2,2.801872,2.2299645
3.5,3.580983,3.4822762
3.25,3.5169113,3.2071311
4.5,4.4096766,4.435073
3.0,3.176856,2.9622428
2.5,2.899946,2.5083966
2.5,3.0791657,2.5674841
15.0,19.244377,15.08686
3.1,3.0136135,3.0535529
2.45,2.9747546,2.5130568
3.1,3.3811011,3.099795
3.5,3.8535922,3.5606072
3.75,4.0392113,3.7674468
3.5,3.6096723,3.558458
0.8,1.0085943,0.80410784
3.0,3.0741272,2.9333446
10.0,11.016443,10.013527
2.5,3.073587,2.5620804
3.5,3.5860677,3.442486
2.5,3.0111198,2.55614
3.0,3.2938883,2.9907348
3.0,3.203327,2.9481857
4.25,4.179852,4.1972327
3.0,3.188706,2.9622226
2.5,2.9749393,2.5092754
2.0,2.680255,2.0218124
4.75,4.499629,4.692071
3.25,3.548636,3.270176
2.5,2.910675,2.5377707
3.75,3.9101849,3.7632825
2.0,2.6506488,2.0218124
3.75,4.0599585,3.780946
3.75,4.32867,3.8090546
0.8,0.98199785,0.8052217
3.0,3.2083647,2.9605267
3.0,2.5815384,2.93268
3.0,3.1833134,2.9631996
2.5,3.0327213,2.555714
2.45,2.9498394,2.5134223
3.0,3.2807627,2.9628615
2.5,2.9712038,2.542401
2.5,2.9469585,2.542401
2.5,3.0250134,2.557634
3.25,3.5807855,3.310263
4.5,4.4325333,4.446462
0.8,0.986246,0.80516833
3.1,3.3502705,3.1020372
3.0,3.3141375,2.9901938
3.5,3.6119301,3.4461205
4.25,4.1130495,4.2010407
4.75,4.495214,4.687797
2.45,2.9414473,2.5138807
4.5,4.45232,4.4420857
2.2,2.8304806,2.231433
2.5,3.0257561,2.5556161
22.5,20.086071,22.297039
3.0,3.1730816,2.9491005
2.5,3.0912638,2.561233
2.5,2.9988174,2.5099986
2.5,3.0142121,2.5553093
3.25,3.586576,3.3040442
3.0,3.0634007,2.9727805
3.1,3.3664238,3.1016688
3.75,4.05521,3.7815173
22.5,21.087824,22.07005
0.8,1.0098106,0.80516833
3.75,3.719805,3.7383277
0.8,1.0026534,0.8041432
2.5,3.1215663,2.5431945
3.25,3.5431798,3.2439954
3.0,3.0655036,2.9727805
4.75,4.562786,4.6879597
2.5,3.1364257,2.5428789
2.5,2.9372802,2.5099986
3.5,3.5423305,3.442486
3.0,3.102696,2.9561827
3.1,3.374917,3.1017992
2.2,3.0313098,2.231974
3.0,3.0672393,2.952602
2.45,2.9474354,2.514249
3.1,3.0136135,3.0567827
0.8,0.97555447,0.80332196
2.2,2.812982,2.231433
3.75,4.381031,3.8095963
2.5,3.0837116,2.562491
2.65,3.543155,3.206442
3.25,3.5932593,3.302761
3.0,3.3797338,3.0574403
3.0,3.2127392,2.9481857
2.2,2.806532,2.2305055
3.5,3.55706,3.5012085
3.0,3.1875656,2.9645941
2.5,2.9323454,2.5083966
3.0,3.2670765,2.9907348
2.2,3.0819707,2.2381716
2.2,3.0681708,2.241374
3.0,3.0964994,2.9554152
2.1,2.6256204,2.8785605
2.5,3.0165148,2.5572572
2.55,3.0136135,2.6150498
3.0,4.08352,3.0574403
2.0,2.6827037,2.021214
2.2,2.8080807,2.231974
4.75,4.4843946,4.69806
3.0,3.2096167,2.96234
3.0,3.071416,2.9324298
4.5,4.43021,4.4424467
3.0,3.2022908,2.9448996
3.0,3.2443156,2.9622598
2.2,2.8299458,2.231433
3.75,4.058193,3.7864137
2.5,2.9820201,2.5381289
3.0,3.0830622,2.9540684
3.0,3.0738184,2.9329426
4.0,3.7046485,3.9272468
4.5,4.3994646,4.441659
3.5,3.9004204,3.5659378
2.2,3.0822573,2.2381716
3.0,2.6103206,2.673525
2.55,3.0136135,2.6178985
0.8,0.9685526,0.7997503
2.0,2.6335711,2.0245647
3.0,3.2417574,2.9959803
3.75,3.6980193,3.681663
3.75,3.7321463,3.680839
3.5,3.559043,3.4448903
4.25,4.2387705,4.187941
3.1,3.0136135,3.054376
2.0,2.705266,2.0218124
2.45,2.945001,2.514249
3.5,3.615081,3.5695806
3.5,3.6190536,3.5523157
2.5,3.1376834,2.541455
3.75,4.110465,3.7804694
2.5,3.007678,2.5553093
2.5,3.000742,2.5092754
3.0,3.0713744,2.932485
3.0,3.0903685,2.9526517
2.0,2.697123,2.0218124
3.0,3.3465521,2.994233
4.25,4.240626,4.18737
7.6,7.960293,7.6047053
2.55,3.0136135,2.6159341
3.0,3.6277535,3.0251803
2.5,3.0627701,2.567816
2.0,2.6569872,2.0245647
2.0,2.6909332,2.0217488
2.5,2.9370852,2.5419436
2.5,2.9850073,2.5423458
3.1,3.3790712,3.1012473
2.5,2.9453344,2.5363948
2.5,3.1410887,2.5409389
3.0,3.24963,2.948241
3.5,3.5572655,3.442486
3.75,4.304654,3.8082995
4.0,3.7368915,3.9227726
2.45,2.9541204,2.5138807
2.0,2.676046,2.0218124
3.75,3.7183096,3.7338881
4.0,3.603167,3.921816
2.2,3.0846927,2.2381716
2.0,2.658689,2.0271523
10.0,11.051803,9.999427
3.25,3.5831897,3.3094563
3.75,4.0574284,3.7864137
2.5,3.0127988,2.5544162
3.0,3.1985173,2.9645941
3.25,3.5542076,3.2425895
3.1,3.4305716,3.1018622
2.0,2.6199346,2.0271523
9.5,10.140397,9.480421
3.0,3.0684123,2.9565325
3.75,4.0425844,3.7489262
4.25,4.195302,4.1972327
3.75,4.064502,3.7787042
3.5,3.663166,3.472513
3.5,3.5214427,3.4448903
4.0,3.6671453,3.921816
2.55,3.0136135,2.6170678
3.0,3.21825,2.9624946
2.5,3.1740463,2.5422857
2.5,2.9699445,2.537452
3.0,3.1579869,2.97099
2.5,3.0146432,2.555763
4.25,4.231949,4.187941
2.55,3.0136135,2.6175215
2.5,3.0374665,2.555714
3.0,3.438509,3.0574403
3.25,3.5518196,3.2411168
3.0,3.0626254,2.9329426
3.75,4.0694523,3.7801447
2.5,3.165317,2.5410001
2.5,3.062316,2.5671308
3.0,2.5790687,2.6454513
4.75,4.4480534,4.689978
3.5,3.5519702,3.4839242
2.0,2.6157265,2.0271523
2.45,2.9282537,2.5133283
2.2,3.0731273,2.241374
2.5,3.0795662,2.5616696
2.0,2.6670551,2.021214
4.5,4.4293594,4.4432735
3.75,3.7672179,3.7263138
3.5,3.5495653,3.4785364
4.25,4.2329416,4.18737
3.0,3.396755,3.0574403
4.0,3.6618493,3.924141
28.0,26.115606,27.928007
3.75,3.6974506,3.6812046
3.5,3.9636652,3.5666142
2.5,2.9662232,2.5083966
3.0,3.209851,2.9477835
4.25,4.240167,4.187941
2.5,3.093217,2.57084
4.0,3.6594024,3.921816
3.0,3.162363,2.97099
3.75,3.7185528,3.6807423
2.2,2.8594072,2.231974
0.8,0.9931214,0.80452645
2.0,2.6926029,2.0218124
3.25,3.580585,3.4298296
8.95,9.7974415,9.03277
3.5,3.5731194,3.4928155
2.5,2.9518948,2.507822
3.0,3.0722802,2.9556315
2.0,2.6979837,2.0218124
4.25,4.213483,4.1976256
3.0,3.240182,2.9959803
3.5,3.8336582,3.5649898
2.0,2.676797,2.0245647
2.0,2.6911325,2.0218124
3.75,3.7846348,3.6814795
2.0,2.6734557,2.0218124
4.5,4.440385,4.446888
2.5,3.0743594,2.5644746
2.5,2.972886,2.540504
0.8,1.0002738,0.80410784
3.0,3.0552685,2.9703915
2.2,3.094252,2.2381716
2.5,2.9755692,2.5348635
2.5,3.1609707,2.5409389
3.0,3.4657543,3.0574403
8.95,9.110437,8.952529
3.25,3.5494545,3.2411168
2.5,3.177214,2.5425391
4.5,4.4267797,4.446558
2.5,3.0715616,2.566618
2.5,2.9894323,2.5432606
4.5,4.411695,4.4465513
3.0,3.0777502,2.954167
2.5,2.973157,2.5099986
4.25,4.2095957,4.1972327
2.5,2.9765768,2.5418882
3.0,3.7106576,3.02466
3.0,3.3618062,3.0570476
3.5,3.56997,3.4448903
3.0,3.0709724,2.971408
22.5,20.61497,22.437881
2.1,2.5901055,2.7386599
4.0,3.71414,3.9181035
3.75,3.7402337,3.727433
3.0,3.3472211,2.9901938
2.5,3.0667944,2.560442
18.0,21.010754,18.165874
3.5,3.5697877,3.4824133
4.0,3.672722,3.923764
2.2,3.0828595,2.241374
3.5,3.576442,3.4860592
3.0,3.177399,2.97099
3.0,3.4004107,3.0570476
3.0,3.254037,2.9898517
3.75,4.294917,3.8096862
28.0,28.087801,27.949299
3.5,3.6315784,3.4826734
3.0,3.403126,3.0574403
3.0,3.147995,2.97099
3.0,3.2083015,2.9469981
3.75,3.9252067,3.7638538
3.0,3.15626,2.9703915
3.0,3.580598,3.0251803
2.0,2.709195,2.0218124
3.0,3.168031,2.9633608
4.0,3.6973536,3.9213612
3.5,3.553684,3.480107
3.5,3.5547602,3.4936466
3.0,3.0684187,2.9318
3.0,3.070925,2.9727805
3.25,3.5609224,3.323506
3.0,2.6211333,2.5950274
4.25,4.2514997,4.18737
3.0,3.061592,2.9741867
2.5,3.0659275,2.5677607
2.5,3.0269427,2.5547931
2.5,3.223693,2.5402257
4.25,4.1108437,4.1970277
3.0,3.2663822,2.9959803
8.95,9.915585,9.038089
2.2,2.824479,2.231433
2.5,2.946717,2.507822
2.5,2.9608603,2.5099986
4.25,4.066149,4.195979
3.75,4.069312,3.786021
3.75,4.324589,3.8057535
2.5,2.9943745,2.5108445
3.5,3.5501719,3.4815376
2.45,2.9396138,2.51296
3.75,4.1139784,3.7732828
2.5,3.1461604,2.5422857
2.5,2.916256,2.5367997
2.5,3.0774846,2.5609765
3.1,3.0136135,3.052051
3.0,3.0842628,2.9556315
3.0,3.4805033,3.0579169
3.0,3.088513,2.9727805
2.2,3.0683165,2.240144
3.75,4.3678265,3.806408
4.5,4.2511544,4.467542
2.5,2.9624972,2.5350516
3.5,3.5812163,3.4461205
0.8,0.9863948,0.80412936
3.1,3.0136135,3.04917
2.5,2.7179623,2.5083568
2.5,2.9553497,2.5099986
2.5,2.9858766,2.5092754
3.0,3.3301525,2.994233
2.5,3.137025,2.5670516
3.0,2.5757768,2.657761
3.5,3.5526392,3.4890513
3.75,3.7111967,3.7268658
3.75,3.7203147,3.680526
2.5,3.0160344,2.5092754
3.5,3.5542758,3.442486
3.75,4.101677,3.7804694
3.75,4.117492,3.7800767
2.5,3.013665,2.5603783
18.0,18.80929,17.784027
3.0,3.3061252,2.9893107
3.75,4.0731077,3.786021
4.5,4.447629,4.446888
4.0,3.7312005,3.922863
2.5,3.1179242,2.543806
3.75,3.7546582,3.7288764
2.2,3.0786362,2.2381716
3.0,3.073444,2.9329426
3.75,3.7198937,3.6807423
3.5,3.6227882,3.547077
3.5,3.6151285,3.4448903
3.75,3.7904158,3.7529285
3.5,3.6190557,3.4981258
3.0,3.182695,2.948241
3.0,3.2519665,2.9893107
3.1,3.0136135,3.0535529
2.0,2.7015982,2.0218124
3.0,3.5047755,3.0584881
3.25,3.579118,3.3064976
3.75,4.0569344,3.7864137
3.0,3.2149115,2.9477282
3.0,3.074383,2.9554076
3.25,3.5855048,3.3042843
3.0,3.1602602,2.9709263
2.5,3.1150854,2.5400653
4.75,4.5853014,4.690684
3.0,2.5478196,2.7613716
3.25,3.548667,3.2649367
2.5,2.9633381,2.5099986
3.25,3.5902398,3.3010857
3.0,3.3844252,3.0570476
2.5,2.983973,2.534769
3.1,3.0136135,3.052051
3.5,3.6400435,3.578857
2.5,3.0708103,2.5589988
2.5,3.089485,2.5609896
3.5,3.5319693,3.4448903
3.0,3.085947,2.9312367
2.0,2.6433265,2.0218124
3.0,3.200356,2.948241
3.0,3.203946,2.9481857
3.5,3.5971515,3.47096
4.5,4.4174213,4.446792
3.5,3.5733342,3.4949305
2.5,2.9265256,2.5364463
3.1,3.3816333,3.1018622
3.0,3.173527,2.9966562
4.38,3.562936,3.5015757
3.0,2.5766048,2.4990995
2.2,3.072916,2.241374
4.25,4.1014185,4.200648
8.95,9.349024,8.948176
2.5,3.0474894,2.5677607
4.75,4.4997845,4.6878033
3.0,3.5764096,3.021457
2.5,3.1251154,2.5423145
3.25,3.5682867,3.3070045
4.0,3.724427,3.9213612
3.75,4.154068,3.7619283
3.25,3.570933,3.3107958
3.75,3.7177494,3.7270665
2.5,3.0797594,2.5612679
3.0,3.1889486,2.9475005
2.5,2.9543722,2.5083966
3.0,3.2727327,2.9907348
2.5,2.9636037,2.5108445
3.75,3.7224486,3.7357888
3.75,3.7650406,3.6820943
4.25,4.065382,4.195979
4.0,3.6348166,3.921816
4.5,4.3269696,4.5152593
3.0,3.2593548,2.9901938
2.5,2.9989872,2.5099986
2.5,3.0685904,2.5610893
3.5,4.1753006,3.5813751
3.0,3.5796669,3.0251803
2.5,3.0623298,2.5612748
3.0,3.0716863,2.9741867
2.45,2.9780965,2.5137906
3.25,3.56515,3.2412374
3.75,4.0763674,3.786021
2.5,3.0284243,2.5092754
4.5,4.363825,4.4723525
3.5,3.6124985,3.4461205
4.25,4.232028,4.1976256
2.5,2.9453692,2.5108445
3.0,3.2666373,2.9907348
4.5,4.3562555,4.445501
0.8,1.0001249,0.8041432
4.25,4.1179447,4.200648
2.5,3.0717807,2.5585055
2.0,2.711615,2.0217488
2.0,2.609683,2.021214
3.0,3.0767193,2.953194
2.0,2.701609,2.0217488
3.0,3.0751305,2.9556315
2.45,2.94938,2.51176
3.5,3.5895264,3.4448903
3.25,3.5703866,3.309705
2.5,3.087734,2.5595894
2.45,2.941046,2.5133283
3.0,3.0818975,2.9329426
0.8,0.9786606,0.79952097
3.1,3.4860883,3.0999885
2.5,2.9547412,2.5083568
3.5,3.6353862,3.5519722
3.5,3.6339347,3.473054
3.0,3.0836084,2.9518466
2.5,2.9605703,2.5364463
3.5,3.5498257,3.4788177
3.75,3.9960938,3.7732828
4.0,3.7005215,3.923318
8.95,9.92754,9.037578
3.75,4.0367746,3.747911
3.1,3.0136135,3.053999
3.25,3.5908008,3.3048253
2.0,2.6257308,2.021214
4.75,4.494664,4.6872597
4.25,4.213764,4.1972327
3.25,3.5879958,3.3097394
3.1,3.3227735,3.1013262
3.0,3.291515,2.9591463
4.25,3.961478,4.1864996
3.0,3.0970457,2.9515338
2.0,2.6728451,2.021214
2.2,2.855682,2.231433
2.5,2.9644244,2.5423458
3.0,3.298145,2.9959803
4.75,4.5571136,4.690348
3.0,3.573947,3.021457
3.1,3.0136135,3.0529106
3.0,3.076746,2.9329426
3.0,3.187036,2.961964
2.0,2.7221735,2.0218124
3.25,3.5730896,3.3093655
3.75,3.7203557,3.7632315
3.75,3.7762187,3.6820943
3.0,3.0709724,2.971408
3.0,3.061869,2.9331336
3.75,3.9818115,3.7736754
0.8,0.9824999,0.79768276
3.0,3.0636766,2.9727805
3.25,3.5634418,3.2411773
2.5,2.9304485,2.5359888
3.25,3.579379,3.3045955
2.2,2.7838445,2.2305055
2.5,3.015109,2.507822
2.5,2.961677,2.5099986
3.5,3.7693334,3.5656078
2.5,3.0746317,2.5621524
2.5,3.0802712,2.560161
3.5,3.6271822,3.5535567
2.5,2.917367,2.534826
3.0,3.1623812,2.963909
3.75,3.7640812,3.728255
3.0,3.1532273,2.9703915
3.0,3.1994295,2.9612484
14.75,20.159637,15.075197
2.55,3.0136135,2.6159093
4.5,4.3116584,4.4695396
2.5,2.9331236,2.5372694
3.0,3.474212,3.0621932
3.0,3.1669168,2.9966562
4.0,3.6858575,3.9175715
3.75,4.053891,3.7787042
2.5,3.123564,2.5410001
23.0,27.848185,28.15702
3.1,3.4148803,3.1018622
3.5,3.582219,3.47096
4.5,4.3071756,4.413151
3.75,4.0316358,3.7509124
2.5,2.9481006,2.5083966
3.75,3.7541082,3.7311194
0.8,1.0082314,0.80516833
3.0,2.629049,2.8375952
2.5,3.0214946,2.5092754
2.5,3.0723004,2.567816
3.0,3.206077,2.964046
2.5,2.943473,2.5108445
3.75,3.758224,3.6811106
2.5,3.1723008,2.5418596
4.25,4.358241,4.1868925
3.0,2.6311035,2.7778878
4.0,3.7236135,3.925729
18.0,18.388216,18.037468
3.25,3.528569,3.203489
3.75,4.3168125,3.8082995
3.75,4.3129463,3.7956731
4.5,4.399482,4.4446664
3.0,3.0736895,2.9727805
2.45,2.9558787,2.5138807
3.0,3.1743002,2.964046
3.75,3.7258525,3.7632315
3.0,3.0780592,2.9540458
3.25,3.5577285,3.263387
3.75,3.7113042,3.7281024
3.5,3.6041138,3.4838624
2.0,2.6443202,2.0271523
3.5,3.6535752,3.47096
2.5,2.946173,2.5083966
3.0,3.151503,2.97099
21.0,19.300827,20.64087
3.75,4.064831,3.7864137
2.5,2.9292364,2.5359888
3.0,3.1627474,2.9703915
3.25,3.557883,3.2646646
3.1,3.3911002,3.1007442
3.0,3.1712778,2.9966562
2.0,2.6741564,2.0218124
2.5,2.9310467,2.5369945
3.75,4.3201914,3.807694
3.0,3.1072805,2.9754167
2.0,2.6641126,2.0218124
3.0,3.0684075,2.949076
3.1,3.3800223,3.1012104
3.0,3.1331115,2.9709263
2.0,2.6433816,2.0217488
2.1,2.635754,2.5670147
3.0,3.2384024,2.9966562
3.75,4.0666695,3.786021
3.75,4.0360036,3.769033
2.0,2.7002149,2.0218124
3.0,3.078589,2.932485
3.25,3.5566633,3.2413118
3.5,3.7677524,3.5656078
2.2,3.0765352,2.240144
3.75,3.7030597,3.6812046
3.0,3.0861652,2.953234
3.75,3.734094,3.732808
2.5,3.0679104,2.5609097
4.75,4.50272,4.693894
3.1,3.0136135,3.053999
3.0,2.5412598,2.7912667
4.75,4.5168943,4.690678
4.75,4.5359926,4.691645
2.55,3.0136135,2.615566
3.5,3.59994,3.4461205
3.0,3.1374702,2.9703915
3.5,3.5486875,3.4805236
3.0,2.5733886,2.7673209
3.75,4.031044,3.7507477
3.0,2.575582,2.729236
2.5,3.0817375,2.5615547
3.5,3.8679762,3.5656016
15.0,19.731913,15.131743
3.0,3.1644897,2.97099
3.25,3.5838096,3.3082793
3.75,3.7195556,3.7362707
3.5,3.5256672,3.442486
8.95,9.350337,8.946548
2.2,3.0792303,2.241374
3.0,3.3336916,2.994233
3.0,3.2250595,2.948241
4.0,3.713509,3.9213
4.5,4.3016243,4.5025043
2.5,3.0697465,2.5679455
3.0,3.077674,2.9741867
3.75,3.9659312,3.7638538
0.8,1.0024688,0.80516833
2.0,2.6291733,2.0271523
3.0,3.2223816,2.948241
2.5,3.083062,2.5673585
3.0,3.168887,2.9634414
3.75,3.6566627,3.6819525
2.5,3.0791411,2.5666733
2.5,2.986666,2.5423458
3.75,3.7204306,3.6812046
3.25,3.5483575,3.2427177
3.75,3.9013228,3.7632825
3.25,3.5583298,3.2646646
3.75,4.0579014,3.7864137
3.75,3.721359,3.680839
3.0,3.0835264,2.9506843
3.75,3.7596104,3.7632315
3.5,3.6214921,3.4461205
3.75,4.0066466,3.7736754
3.0,3.136116,2.9709263
3.1,3.0136135,3.053098
3.75,3.722993,3.6807423
3.0,3.0877054,2.9539251
0.8,0.99492824,0.8041432
3.0,3.426063,3.0584881
2.55,3.0136135,2.6150208
2.0,2.635266,2.0271523
2.45,2.9297428,2.514233
3.0,3.1972046,2.9477282
3.0,3.2059808,2.9481857
3.75,3.7383168,3.7248385
2.5,3.008044,2.5099986
4.5,4.3942337,4.443716
2.0,2.6706383,2.0245647
4.25,4.22837,4.187941
2.5,2.988202,2.5390596
0.8,0.98652655,0.8040234
2.55,3.0136135,2.615111
3.0,3.168061,2.9966562
4.75,4.5077686,4.691645
4.0,3.7199044,3.921968
3.75,3.7540176,3.7308125
2.2,3.090829,2.241374
3.75,4.062071,3.7815173
3.75,3.7730067,3.6811106
2.5,3.0178483,2.5544162
3.75,4.035757,3.748998
3.5,3.8948214,3.5616639
3.0,3.058822,2.9741867
3.75,4.1136036,3.7800767
3.0,3.0876887,2.9554076
2.2,3.0778599,2.2381716
3.1,3.3745985,3.1012104
2.55,3.0136135,2.61401
2.5,2.9452798,2.5418882
3.75,4.0575275,3.7864137
4.5,4.237625,4.471023
2.45,2.954012,2.5141702
3.0,3.0698168,2.9527729
3.0,3.2013786,2.960671
0.8,0.98907185,0.8000025
2.5,2.9742146,2.5083966
3.1,3.0136135,3.0592542
3.25,3.5775492,3.3072085
3.25,3.5908568,3.3083873
3.5,3.5815036,3.4461205
3.25,3.5665889,3.2583764
2.5,2.9698732,2.537452
4.38,3.5993793,3.618791
2.5,3.0192223,2.5567331
3.25,3.5529978,3.241792
3.75,3.7116828,3.7223306
2.5,2.991405,2.5083966
3.0,3.6358538,3.02466
2.5,2.95986,2.5108445
3.0,3.3870337,3.0621932
2.5,2.99407,2.5572648
2.5,2.936847,2.5108445
3.25,3.539024,3.203017
3.0,3.2679102,2.9893107
3.0,3.3991325,3.0574403
2.5,3.0117505,2.5548544
3.75,3.7728117,3.729724
2.5,3.0250187,2.5092754
2.5,2.9379945,2.542592
3.0,3.5662637,3.0251803
2.5,3.619759,2.5561123
4.25,4.2278185,4.1976256
3.5,3.0314717,3.442486
3.5,3.5502145,3.4798436
2.5,2.91928,2.5359888
4.5,4.2362356,4.4811897
3.0,3.1065798,2.9560864
2.45,2.9737008,2.5134223
4.25,4.276364,4.1864996
4.25,4.0648923,4.195586
0.8,0.97435904,0.8041432
3.5,3.9596312,3.5607028
3.5,3.582838,3.4792042
2.5,2.9433515,2.5352416
2.5,2.957293,2.536811
2.5,2.9947205,2.5108445
0.8,1.0007082,0.8041432
3.0,3.2921102,2.9901938
4.25,4.2237725,4.1976256
4.75,4.5734196,4.690684
3.0,3.1373615,2.960775
3.0,3.5947134,3.0251803
2.2,3.050191,2.240144
4.75,4.510089,4.691709
3.0,3.244613,2.9470983
3.5,3.5612357,3.442486
3.0,3.239934,2.9966562
2.5,3.07694,2.5593135
3.0,3.1723692,2.97099
4.5,4.2887077,4.468581
2.5,3.1551902,2.5437875
4.5,4.252877,4.473534
3.0,3.0852716,2.962468
2.5,3.0957925,2.540753
3.0,3.3410122,3.0570476
4.75,4.516857,4.691645
2.5,3.0378604,2.5553665
2.45,2.986365,2.5130188
2.5,2.975923,2.542401
3.75,3.6990347,3.7243118
3.5,3.547583,3.476481
3.5,3.5994737,3.472513
2.5,2.9321058,2.5083966
2.2,3.0852854,2.241374
2.5,3.064486,2.5677607
4.25,4.300282,4.1868925
3.75,3.9592898,3.76569
3.5,3.6063838,3.4448903
2.5,2.9619086,2.5083568
9.5,9.783433,9.480791
3.0,3.2060728,2.9459417
3.0,3.0884545,2.9523196
3.0,3.130921,2.9709263
3.75,3.7418313,3.7276711
2.5,3.055207,2.5641026
4.0,3.7077458,3.9213
2.5,2.9216468,2.5359888
3.0,3.3294647,2.9901938
3.0,3.1946917,2.964046
2.55,3.0136135,2.6159093
3.1,3.0136135,3.055964
3.0,3.1550896,2.9703915
3.5,3.6177943,3.5516222
2.5,2.9538448,2.5108445
2.5,3.0012548,2.5498922
2.5,3.0005136,2.5553093
2.5,2.9743145,2.5108445
3.25,3.6533039,3.3101325
3.5,3.9383967,3.5618865
3.25,3.6377714,3.3093898
2.5,2.967896,2.5354674
0.8,0.9815589,0.8035693
3.5,3.5474274,3.442486
2.5,3.0862665,2.5622396
3.25,3.5061905,3.2063475
3.0,3.2484746,2.9959803
3.0,3.375089,3.0579169
3.0,3.078308,2.9338021
3.1,3.3028092,3.101941
0.8,0.9778147,0.7975982
3.75,3.756219,3.7305558
0.8,0.9701009,0.80443877
3.0,3.1560826,2.9650517
2.5,3.0429258,2.5588248
2.5,3.071809,2.5604367
3.0,3.1902685,2.948241
3.25,3.5516407,3.2406228
2.5,3.036162,2.5555136
3.1,3.0136135,3.0478065
3.0,3.207651,2.960403
2.0,2.674231,2.021214
2.2,3.0680661,2.241374
2.5,2.9534585,2.535844
3.1,3.3788295,3.1012104
3.0,3.1470885,2.9709263
3.5,3.95494,3.566704
3.75,4.3212337,3.8095963
4.25,4.2268696,4.187941
2.1,2.5455499,2.9160798
2.5,3.0748823,2.5615547
3.1,3.4079523,3.100807
2.5,3.1008506,2.541455
3.25,3.5486925,3.2427177
4.25,4.33078,4.1868925
3.0,3.1846251,2.9627976
3.5,3.6206496,3.4715009
3.75,3.6932023,3.7628388
2.5,2.754447,2.5565844
3.75,3.9274666,3.7638538
4.25,4.2120795,4.1972327
0.8,0.9949122,0.8015571
3.75,4.3173723,3.8095963
4.75,4.490651,4.7044516
2.5,2.9849875,2.5099986
3.0,3.1537497,2.9578953
2.0,2.6669402,2.021214
2.0,2.6744442,2.0245647
2.5,3.0834541,2.5615215
3.25,3.5511692,3.263881
2.2,2.838375,2.231974
3.5,3.6388857,3.5518186
3.5,3.643801,3.555763
4.0,3.7099757,3.923318
3.0,3.0897677,2.9754167
2.5,2.91959,2.5359888
2.55,3.0136135,2.6131017
3.0,3.1897032,2.9966562
2.2,2.8257785,2.2305055
4.0,3.6627815,3.9220939
3.25,3.550909,3.2662144
3.0,3.2717366,2.9901938
3.0,3.322619,2.9901938
2.5,3.0687604,2.5592482
3.0,3.1915612,2.9645941
3.5,3.8661153,3.5645506
3.5,3.5742848,3.4448903
3.0,3.1880488,2.9469981
3.75,4.0542135,3.7538111
4.75,4.4961014,4.691741
3.75,3.7041306,3.7632315
2.5,2.9329984,2.53812
3.0,3.0837748,2.9545846
3.5,3.5730512,3.4448903
3.0,3.1743038,2.9475558
3.1,3.0136135,3.0515962
3.1,3.3746724,3.1016688
3.75,3.741029,3.731856
0.8,0.9748763,0.8004098
2.45,2.941236,2.5137527
3.75,4.0406475,3.7722948
2.5,2.926464,2.5108445
3.0,3.169871,2.964046
3.5,3.8334148,3.5757368
2.5,2.9655585,2.537452
0.8,0.99577236,0.79340005
3.0,2.625148,2.8459635
3.1,3.0136135,3.053176
4.75,4.481853,4.691645
3.0,3.1624289,2.9633608
3.75,3.7342095,3.7351313
3.0,3.7018452,3.0251803
3.0,3.05952,2.935209
4.25,4.302019,4.1868925
3.0,3.0902698,2.9581518
0.8,0.97506887,0.8003215
2.5,2.944756,2.5347404
2.5,3.0745072,2.5678182
4.75,4.494856,4.691645
3.0,3.169414,2.97099
3.75,3.4697616,3.6794665
3.0,3.1526031,2.9709263
3.75,3.7294815,3.7293618
3.0,3.2122488,2.9635885
3.0,3.201125,2.948241
4.25,4.1157007,4.200648
4.75,4.4888916,4.687062
3.0,3.374905,2.9901938
3.0,3.5777464,3.0236044
2.5,2.9652336,2.5371017
3.25,3.5419285,3.270176
0.8,0.97233135,0.7970328
2.5,2.989794,2.5425267
3.5,3.7608383,3.5672984
3.0,3.044213,2.9741867
3.75,4.0626554,3.7815173
3.25,3.578899,3.2462676
4.75,4.470799,4.691735
3.75,4.2975855,3.8047924
2.5,3.0084743,2.5108445
3.0,3.0706408,2.9328873
4.25,4.104726,4.1970277
4.25,4.217965,4.1976256
2.5,3.080893,2.5605698
3.1,3.4278548,3.1018622
3.0,3.29465,2.994233
3.0,3.0734816,2.9329426
2.5,3.082847,2.567816
3.75,3.7531955,3.7288764
3.0,3.5043643,3.0621932
3.0,3.1495855,2.963537
3.0,3.076186,2.9483917
4.5,4.3402414,4.4702907
3.75,4.0959177,3.7800767
2.5,3.06812,2.556068
2.5,2.9312418,2.5099986
2.5,2.9533644,2.542401
3.0,3.0501914,2.955751
2.5,2.9211016,2.5083966
2.5,2.9690528,2.5083966
3.0,3.1561506,2.9703915
3.75,4.071392,3.7732828
3.0,3.1672032,2.9627523
2.45,2.9381564,2.5136971
3.0,3.3611512,2.9901938
3.0,3.5376842,2.9907348
4.5,4.2630777,4.468935
3.5,3.652788,3.5516217
0.8,0.98914224,0.80369353
4.25,3.9850187,4.195586
3.5,3.55413,3.4800625
2.1,2.6090078,2.6591609
3.5,3.575496,3.488513
2.0,2.6705441,2.0218124
3.75,3.9541087,3.7736754
4.5,4.4328003,4.438244
4.75,4.4693727,4.6907735
2.5,3.140393,2.5390856
3.0,3.2658615,2.9612532
3.1,3.0136135,3.0524118
4.0,3.662223,3.923318
3.0,3.6346855,3.0251803
3.75,3.7190063,3.6807423
3.0,2.6278884,2.8369195
3.0,3.0839171,2.9552722
3.25,3.5616941,3.2646646
2.5,3.0061727,2.5510647
2.0,2.674427,2.0271523
3.0,3.2521334,2.9901938
3.0,3.1574318,2.9709263
2.5,2.9759614,2.5099986
2.5,3.096589,2.541455
0.8,0.97530353,0.80478233
2.45,2.9298744,2.5136182
3.75,4.300458,3.8096862
3.1,3.3074398,3.1013262
2.5,3.0955997,2.5559661
2.2,2.838426,2.231974
0.8,0.97587734,0.8041432
3.0,3.2243273,2.9966562
4.25,4.1804533,4.1976256
3.0,3.0891972,2.9527552
4.75,4.503775,4.687803
3.5,3.5735023,3.442486
0.8,0.9778912,0.7982182
7.6,7.948489,7.604628
2.5,2.9254513,2.5371745
4.25,4.2181497,4.1972327
2.5,2.9398541,2.5108445
3.0,3.0837996,2.9741867
3.0,3.155558,2.9709263
2.0,2.6403122,2.021214
2.55,3.0136135,2.6102777
4.75,4.4714603,4.691735
2.0,2.6752594,2.0218124
2.5,2.965271,2.5439215
3.0,3.5652149,3.021457
2.5,2.920314,2.5359888
3.5,3.6170318,3.4448903
3.0,2.6066785,2.706798
2.45,2.9667559,2.51176
4.25,4.065819,4.195979
3.0,2.605527,2.5449126
3.25,3.938673,3.2397678
3.5,3.6113007,3.472513
3.75,4.316541,3.8073592
2.5,3.0099745,2.5544775
3.75,3.7290378,3.6812975
2.5,3.0737503,2.567816
2.2,2.8277156,2.231974
3.0,3.2525766,2.9959803
3.0,3.09407,2.9545846
3.0,3.174501,2.97099
3.0,3.0751565,2.9625428
3.75,3.738138,3.725995
3.1,3.0136135,3.0535529
4.25,4.275442,4.1864996
3.0,3.2349002,2.9481857
3.0,3.2087932,2.964869
3.0,3.187239,2.9966562
3.25,3.5529418,3.2374406
3.25,3.5658462,3.3143234
2.0,2.8253787,2.0245647
2.55,3.0136135,2.6150498
3.1,2.9578035,3.042258
3.0,3.0792081,2.9324298
3.5,3.5841107,3.4839222
4.5,4.369606,4.471687
2.0,2.699807,2.021214
3.0,3.0950878,2.9569094
2.2,2.8223734,2.2305055
3.5,3.5593219,3.442486
2.5,2.9686484,2.5092754
3.1,3.0136135,3.052874
10.95,9.775679,10.840151
3.0,3.262904,2.9907348
8.95,9.336813,8.949005
0.8,0.99053943,0.8035693
4.75,4.5107517,4.691645
3.5,3.5874636,3.4448903
3.75,3.6945155,3.720837
2.55,3.0136135,2.6163967
2.5,2.9814138,2.5423458
4.5,4.41319,4.4475646
3.75,4.043956,3.7687044
2.2,2.7869844,2.2305055
0.8,0.98490024,0.8046915
3.0,3.1774101,2.9469981
2.2,3.0699816,2.241374
3.0,3.2543352,2.994233
3.75,3.759909,3.7300723
3.0,3.2319784,2.9455512
3.1,3.4156933,3.1012104
10.95,10.018136,10.837107
2.5,2.9346843,2.5359888
2.5,3.0297105,2.556811
3.0,3.152328,2.9709263
4.75,4.476191,4.691735
3.0,3.0839784,2.9727805
3.0,3.1746745,2.964046
2.5,3.1862073,2.5385568
3.5,3.555783,3.4869332
3.75,3.717074,3.680839
2.2,2.7686777,2.2299645
2.5,2.9554396,2.535897
2.5,3.0716062,2.5673585
4.75,4.507407,4.691645
3.75,4.017473,3.7509842
4.75,4.5140324,4.6894126
4.5,4.2857914,4.4679427
0.8,0.9752145,0.80360067
3.75,3.7391818,3.724486
4.5,4.284197,4.469768
3.0,3.5998352,3.0251803
3.0,3.2278733,2.9635885
2.5,3.0680182,2.5673585
2.5,3.0922222,2.5598416
3.75,3.7203157,3.7283487
2.5,2.957153,2.5419436
2.0,2.6637907,2.0271523
2.5,2.956726,2.542401
3.0,3.1590424,2.97099
3.75,4.3462563,3.8108048
3.5,3.5918539,3.4794686
3.1,3.0136135,3.0542932
3.0,3.0928538,2.955444
4.0,3.6525624,3.922863
0.8,0.98576117,0.8041432
3.0,3.131925,2.9625428
3.0,3.0798836,2.9506843
3.0,3.6075938,3.0251803
3.5,3.612773,3.472513
3.1,3.0136135,3.0523944
2.5,2.956993,2.5092754
3.75,3.8630433,3.7628388
3.75,4.125246,3.7804694
3.25,3.5821035,3.305711
3.0,3.0718405,2.9538405
3.1,3.3845482,3.1012104
3.1,3.4076395,3.1017992
3.75,4.101202,3.7804694
2.5,2.9715981,2.507822
3.75,3.760092,3.7277691
4.25,4.1208057,4.1964564
45.0,35.022747,44.959152
0.8,0.9717804,0.8041619
4.75,4.528279,4.691645
2.5,2.9035423,2.5344148
0.8,1.0026296,0.80410784
2.5,3.02817,2.5547931
3.25,3.4800246,3.203017
3.0,3.146378,2.9703915
3.5,3.6115768,3.473054
4.5,4.384226,4.4437227
3.0,3.1861567,2.9645941
2.0,2.699761,2.0218124
3.1,3.32646,3.1020372
3.25,3.5403986,3.2426465
4.5,4.411831,4.4475646
3.25,3.5719519,3.2439613
3.75,4.0179844,3.751478
3.1,3.4078112,3.1016688
3.25,3.5377178,3.221163
2.55,3.0136135,2.6163967
3.75,3.7121346,3.7291002
3.75,3.7399952,3.6808012
2.5,2.956443,2.5108445
2.5,2.907476,2.5099986
3.0,3.1856236,2.9966562
4.0,3.570992,3.921816
0.8,1.0031449,0.80516833
2.5,3.0709913,2.567816
3.5,3.5809805,3.48269
2.5,2.9659147,2.5092754
4.25,4.2477674,4.18737
4.5,4.348852,4.439185
3.0,3.144351,2.9633608
3.0,3.1494465,2.9650517
3.25,3.520926,3.1980064
3.0,3.2953854,2.994233
2.0,2.6255972,2.0245647
3.0,3.0910954,2.9560864
4.25,4.1093025,4.2010407
3.25,3.5824656,3.306001
3.0,3.2204463,2.948241
2.45,2.9468021,2.5134223
2.0,2.749233,2.0245647
4.25,4.1168194,4.1964564
4.75,4.5738,4.691645
14.0,13.319284,14.203322
3.75,4.0313387,3.765494
2.55,3.0136135,2.617514
3.75,3.7001262,3.7258344
2.5,3.0866294,2.5612679
2.2,2.8316455,2.231433
2.5,2.9915717,2.5423458
4.0,3.6945002,3.9237716
2.5,2.9439626,2.5372694
2.5,3.0773597,2.5673585
4.75,4.5196037,4.6958685
4.75,4.56777,4.690684
3.1,3.0136135,3.054376
4.25,4.2093697,4.187941
3.75,3.7722745,3.6814795
3.0,3.1493397,2.964812
4.75,4.4935703,4.6879597
3.0,3.105681,2.9495904
3.0,3.0801911,2.9727805
2.5,3.1134005,2.54258
2.5,2.991867,2.5108445
3.0,3.0784383,2.9543025
4.5,4.419573,4.447654
2.5,3.072958,2.561786
3.5,3.6292622,3.5533028
2.5,3.1769767,2.543806
0.8,0.9980835,0.80555534
3.0,3.4160004,3.0621932
2.5,2.9545934,2.5365784
13.33,10.992486,13.287569
2.5,3.0697827,2.5664804
2.5,2.948615,2.5351195
3.75,3.7201664,3.7279932
2.0,2.6891496,2.0218124
4.0,3.6635215,3.924141
3.0,3.0781333,2.9727805
3.25,3.5605385,3.2654307
0.8,0.9766651,0.8035693
2.5,3.135547,2.5428789
2.2,3.01643,2.241374
2.2,2.8248935,2.231433
4.5,4.352825,4.4681973
4.5,4.2315254,4.475757
3.75,4.058115,3.7864137
3.1,3.0136135,3.0509336
3.0,3.4872909,3.0621932
2.5,3.0718067,2.5595608
3.0,3.276212,2.9901938
4.75,4.5143785,4.689773
2.5,3.133064,2.5437799
2.5,3.0839038,2.5620635
3.25,3.5578198,3.3214726
3.1,3.3167858,3.1015787
2.5,3.060804,2.5673032
3.5,3.6280365,3.472513
3.25,3.593459,3.303321
4.25,4.2783604,4.1864996
3.5,3.5878327,3.5701926
2.5,2.994431,2.5108445
2.5,2.915629,2.5108445
2.5,3.068014,2.5613177
3.0,3.0867753,2.9534802
3.0,3.0695999,2.9328873
3.75,4.04425,3.771394
3.1,3.0136135,3.0543835
2.5,2.9229784,2.5327904
2.5,2.9987218,2.5099986
2.5,2.9556446,2.5071583
3.0,3.5656493,3.0251803
4.25,4.110942,4.2010407
2.5,3.074552,2.5677607
3.75,3.722605,3.6807423
3.0,3.1999478,2.9635885
20.45,17.456121,20.333723
3.5,3.5726683,3.472513
4.0,3.6659718,3.923318
3.5,3.8673084,3.5652542
3.75,4.0657234,3.7864137
3.0,3.06754,2.9741867
3.0,3.0701184,2.9494996
3.75,3.6427867,3.7317603
2.5,3.1379404,2.5415215
3.75,3.7298386,3.681663
3.75,4.1014743,3.7804694
3.0,3.0664582,2.9576068
3.75,4.1130867,3.7804694
3.25,3.5633986,3.2646646
2.5,3.0109847,2.559058
3.1,3.0136135,3.0535715
2.65,3.5501964,3.206442
4.25,4.073662,4.200648
3.5,3.592275,3.4461205
3.75,3.7301872,3.728418
3.75,3.7294323,3.7289836
2.5,3.1109552,2.5417619
4.5,4.455945,4.446792
3.75,4.3467836,3.8047924
4.5,4.3888636,4.437305
3.0,3.1654794,2.97099
2.2,3.0522277,2.240144
4.5,4.3595037,4.44376
7.6,8.045167,7.6043344
3.0,3.4279575,3.0570476
3.25,3.5595329,3.260434
4.5,4.299117,4.4696465
2.5,3.0383604,2.5529063
2.0,2.683807,2.0218124
3.25,3.4249868,3.2022333
2.5,2.9700122,2.5083966
3.25,3.574474,3.3086483
2.0,2.6314037,2.0259223
3.1,3.0136135,3.0489917
3.0,3.482225,3.0618005
2.5,2.9868402,2.5418882
0.8,0.9938922,0.7991214
3.25,3.5551362,3.2646646
2.0,2.6749504,2.021214
3.25,3.5529459,3.263387
3.5,3.5607035,3.472513
4.0,3.6469812,3.9213612
2.5,3.1293283,2.5410001
4.25,4.1159678,4.1970277
3.5,3.5713966,3.4884984
4.5,4.2473707,4.4670753
3.5,3.5864165,3.47096
2.5,2.9128957,2.5083966
3.5,3.6063845,3.483948
3.5,3.5691938,3.442486
4.0,3.699767,3.924141
0.8,0.9805665,0.8041748
3.0,3.2388935,2.948241
3.0,3.0717392,2.9328873
2.5,2.9390864,2.5083966
3.0,3.6740355,3.0251803
3.5,3.6145034,3.4461205
3.25,3.5763242,3.3117096
3.0,3.6124256,3.0251803
3.75,3.7117603,3.7267473
28.0,28.250065,27.94626
3.0,3.4164636,3.0579169
3.0,3.079277,2.9545846
3.0,3.4083273,3.0584881
4.5,4.410388,4.448711
3.0,3.0780358,2.954302
3.75,4.0549135,3.780946
3.75,4.0672007,3.786021
2.2,3.0843577,2.240144
3.5,3.6061218,3.4833438
4.5,4.4093847,4.446462
2.0,2.6524098,2.0217488
2.2,2.7962978,2.2299645
3.25,3.4571168,3.2661088
3.5,3.585274,3.4890137
3.5,3.9048042,3.5656078
2.5,3.0001223,2.55614
2.5,3.0845208,2.5671308
4.0,3.7375705,3.9226468
3.0,3.2175782,2.9481857
3.0,3.195091,2.9645941
4.75,4.49881,4.6878033
3.5,3.6201704,3.554829
13.33,11.111587,13.287569
0.8,1.0055689,0.80516833
2.5,3.1291676,2.542502
2.5,2.941972,2.5099986
3.1,3.0136135,3.051535
3.75,4.071191,3.786021
3.0,3.0699215,2.95271
2.5,3.008537,2.5503497
2.0,2.6701941,2.021214
3.0,3.1614153,2.9577584
3.0,3.0639791,2.952647
4.75,4.4949713,4.687797
3.0,3.069254,2.9554152
2.5,2.9242668,2.507822
3.0,3.05797,2.9727805
3.0,3.2683058,2.9612532
2.2,3.0895977,2.2381716
3.0,3.0757675,2.9328873
18.0,18.779684,17.961876
4.25,4.117117,4.1970277
3.75,3.7594378,3.7290704
3.0,3.0729916,2.9741867
2.5,3.07717,2.56235
3.0,3.3983145,3.0574403
3.25,3.568769,3.304339
3.0,3.2301903,2.9898517
3.5,3.6310165,3.5515866
2.0,2.670409,2.021214
3.0,3.2623959,2.9901938
3.75,4.0372763,3.7674468
3.0,3.2385626,2.9966562
0.8,0.9992324,0.80516833
4.25,4.068349,4.1958604
3.0,2.6348577,2.5411868
2.5,3.0863116,2.561606
3.0,3.0675788,2.9741867
3.75,3.900338,3.7638538
3.0,3.0887601,2.9526517
3.1,3.0136135,3.0535529
2.5,3.0011005,2.5092754
4.0,3.6278024,3.9270766
3.75,4.2769365,3.8079295
3.75,3.6091557,3.6819525
2.0,2.7033868,2.0245647
2.5,3.159788,2.55051
4.5,4.236622,4.471023
2.5,3.140781,2.562292
18.0,20.458197,17.9631
3.75,4.0549097,3.7815173
2.5,3.081649,2.5601213
3.0,3.2385526,2.9477835
3.1,3.4192548,3.1003826
3.0,3.1739066,2.9650517
0.8,0.9809885,0.8033501
0.8,0.97527176,0.7969891
4.5,4.4091187,4.446462
3.5,3.604976,3.4461205
3.75,3.7177756,3.723994
3.75,3.9789188,3.7736754
7.6,7.763727,7.605426
3.5,3.974697,3.5656075
3.5,3.5611217,3.4448903
2.5,2.9603968,2.542401
3.25,3.5424178,3.203017
2.5,3.1245656,2.5429568
3.0,3.0942988,2.9541297
3.75,4.0400457,3.7670164
3.5,4.195628,3.5688496
3.25,3.5774558,3.306339
3.75,4.0568953,3.780946
4.25,4.1229124,4.1970277
4.5,4.3954935,4.446462
3.5,3.5513122,3.4795492
3.0,3.6591446,3.0251803
4.0,3.7227354,3.923318
0.8,0.97506106,0.8042964
3.5,3.5902998,3.472513
3.25,3.601467,3.259654
0.8,0.9888083,0.80516833
4.25,4.245474,4.18737
3.5,3.6104903,3.5524135
4.25,4.1240215,4.2010407
3.0,3.216764,2.948241
3.75,3.7330735,3.6808012
3.0,3.4530077,3.0584881
3.75,4.3535986,3.8082995
3.25,3.54826,3.2646646
2.5,3.0099945,2.556811
2.5,3.0365572,2.5547931
2.5,3.0873256,2.5610268
4.25,4.0634365,4.195586
3.0,3.1621141,2.9966562
3.1,3.0136135,3.052051
2.5,3.0124989,2.555763
3.5,3.6282659,3.550997
3.1,3.375177,3.1012104
3.75,3.6991103,3.733203
2.5,2.9615808,2.5376756
2.5,2.9278934,2.5371487
2.2,2.7752244,2.2299645
0.8,0.9712087,0.80357826
4.0,3.6494162,3.9209843
3.0,3.1603537,2.9709263
3.0,3.264703,2.962795
3.0,3.0633144,2.9324298
3.75,4.3140793,3.8082995
3.0,3.0948892,2.9554152
3.0,3.4178472,3.0574403
3.5,3.6002812,3.4461205
3.0,3.1841466,2.9966562
3.0,3.152232,2.9629033
3.0,3.0799217,2.9521954
3.75,4.0142517,3.7529285
2.5,2.952317,2.5108445
0.8,0.99527186,0.8041432
3.0,3.1374261,2.9649055
3.0,3.2863655,2.9610014
4.75,4.540011,4.689516
2.2,2.8089194,2.2299645
4.5,4.386098,4.444223
3.5,3.60313,3.4448903
3.25,3.5575771,3.263387
3.75,3.9044905,3.7632825
0.8,0.98568237,0.7974967
3.0,3.2663243,2.9959803
3.0,3.1522565,2.9709263
3.0,3.0566013,2.932485
2.2,3.016952,2.240144
3.5,3.5785096,3.4847689
2.2,3.0635965,2.2381716
3.5,3.5363555,3.442486
3.1,3.3046222,3.1018782
2.0,2.6802216,2.0218124
2.0,2.68554,2.0217488
3.75,3.7187753,3.7250543
2.5,3.0161343,2.5547931
2.5,3.0172124,2.556811
3.0,3.0679421,2.9322574
3.0,3.0818076,2.9727805
2.2,3.1032124,2.240144
3.0,3.3688269,2.9901938
18.0,18.356798,17.952194
2.5,3.0107565,2.5083568
2.5,2.9979067,2.5362833
3.1,3.4202776,3.1017992
3.5,3.563435,3.442486
3.0,3.4704661,3.0574403
4.25,4.1234035,4.200648
3.5,3.576722,3.483962
2.5,3.0795856,2.5671308
3.5,3.566766,3.4797766
3.5,3.9212067,3.5666142
2.2,3.0472665,2.240144
18.0,18.512205,17.972696
4.75,4.5007877,4.6817775
0.8,0.9705983,0.80425686
2.55,3.0136135,2.6178985
3.0,3.0921817,2.9605405
3.75,4.327867,3.8045092
2.55,3.0136135,2.6105719
2.0,2.6461263,2.0271523
3.75,3.6729681,3.7632315
4.0,3.7511392,3.9235063
3.25,3.576116,3.3041353
2.5,3.0127895,2.556811
2.55,3.0136135,2.6150498
3.0,3.0862808,2.9754167
3.1,3.4261587,3.099795
0.8,0.98308927,0.8035693
2.45,2.983785,2.5130188
3.0,3.1381025,2.962424
3.5,3.651669,3.473054
3.5,3.5741537,3.442486
4.5,4.280978,4.4679427
2.55,3.0136135,2.618666
3.5,3.8317924,3.5656016
3.75,4.018856,3.7732828
0.8,0.99795735,0.8037409
3.0,3.3781512,3.0621932
2.5,2.99546,2.5559793
3.5,3.9734318,3.5666142
3.0,3.2937646,2.9959803
3.0,3.0806847,2.9569094
2.5,3.15068,2.5422857
3.5,3.5744183,3.4774208
4.25,4.213228,4.1972327
4.0,3.7010546,3.924141
2.5,3.07797,2.5622334
4.75,4.4625607,4.6927476
3.0,3.5837815,3.0584881
3.25,3.5618255,3.2612886
3.25,3.5513284,3.306663
2.5,3.1004076,2.541455
3.0,3.7314348,3.02466
3.0,3.0795422,2.9490592
3.5,3.61258,3.4461205
3.5,3.5848362,3.481403
3.25,3.5485516,3.2435014
2.5,3.089354,2.5609896
2.0,2.663737,2.021214
2.5,3.079272,2.5593948
2.0,2.9128115,2.0259223
4.5,4.427521,4.446462
0.8,0.95767486,0.8035038
2.5,2.946567,2.5108445
3.5,3.6256135,3.5527334
0.8,0.9888256,0.8039259
3.0,3.057393,2.9519124
3.75,4.3800726,3.7898247
2.5,3.0472937,2.5092754
3.75,4.0979357,3.7732828
4.0,3.7114408,3.9213
2.2,2.844183,2.231433
0.8,1.0036607,0.8041432
0.8,0.9691639,0.8010596
3.5,3.5893986,3.4448903
3.75,3.7529333,3.728049
3.0,3.1024795,2.9555411
3.75,3.7434983,3.7310503
2.5,2.9426754,2.507822
3.0,3.2406223,2.9477835
3.75,4.3293867,3.8099263
3.75,3.7151167,3.7254965
2.2,3.070666,2.241374
3.1,3.0136135,3.0515962
3.75,4.0535097,3.780946
2.5,2.9721506,2.537452
0.8,0.9885347,0.8045242
3.25,3.5637715,3.4158976
2.5,3.0624213,2.567816
3.0,3.275128,2.9959803
4.25,4.216815,4.1972327
3.5,3.5582154,3.4961855
3.25,3.552643,3.2433355
2.5,2.9714155,2.5099986
4.75,4.503124,4.6880198
3.75,3.7520182,3.735167
2.55,3.0136135,2.615566
3.0,3.2534716,2.963893
3.1,3.3753824,3.10041
2.5,2.9696054,2.5083966
3.75,3.721031,3.7280345
2.2,2.839053,2.231433
4.75,4.5214453,4.691975
3.1,3.0136135,3.0535529
2.5,2.9603527,2.5418882
0.8,0.9859783,0.8008291
3.75,3.7209823,3.6814005
2.5,3.1670265,2.5422857
2.5,2.9523573,2.507822
3.0,3.0731936,2.9741867
2.5,2.9060156,2.536763
3.25,3.556623,3.263387
2.5,3.1529498,2.5385568
3.0,3.21072,2.9481857
2.2,2.8564253,2.231433
4.25,4.104106,4.2010407
3.25,3.5232415,3.3113248
4.5,4.402418,4.4442296
2.5,3.1755078,2.5409389
3.5,3.6252232,3.5496087
4.25,4.242594,4.187941
3.5,3.8199327,3.5614967
3.5,3.553953,3.4940746
0.8,0.9739462,0.8050104
4.0,3.5598025,3.924141
4.0,3.7202957,3.9213612
3.0,3.1577396,2.97099
4.5,4.220164,4.4684315
3.0,3.1274462,2.952824
3.0,3.2282555,2.948241
2.0,2.6388917,2.0271523
3.1,3.0136135,3.0525048
2.0,2.6531706,2.0245647
3.75,3.7201455,3.6812046
4.0,3.6759837,3.9277833
3.0,3.2610772,2.9901938
4.0,3.752825,3.9235063
2.5,3.0702238,2.5622826
3.75,3.9359472,3.7638538
9.25,9.578619,9.219415
4.0,3.6898932,3.923318
0.8,0.9678623,0.79976267
2.5,3.0079672,2.5092754
0.8,0.99937236,0.8041434
28.0,28.800917,28.086975
3.5,3.6303334,3.4461205
3.1,3.4166937,3.1012473
3.5,3.8493931,3.5658417
3.5,3.642699,3.5513272
3.5,3.80731,3.5628097
2.2,2.8166873,2.231433
3.0,3.0935414,2.9556315
4.25,4.3024616,4.1868925
3.0,3.455279,3.0618005
3.0,3.0669355,2.9503555
3.0,3.1584961,2.961947
2.0,2.6674721,2.0259223
3.5,3.617186,3.4448903
3.0,2.6118817,2.5797374
2.1,2.5770366,2.7175643
2.5,3.1801047,2.5443387
2.55,3.0136135,2.6147342
4.0,3.6959097,3.922863
2.5,2.9567318,2.542401
2.5,2.9575744,2.5099986
3.0,3.187055,2.9966562
3.0,3.2767644,2.9907348
4.25,4.202832,4.1972327
3.0,3.3350036,2.9893107
4.5,4.403879,4.440905
3.75,4.3381004,3.8099263
3.75,3.717892,3.7276907
3.5,3.8556676,3.5656016
3.75,4.064311,3.7815173
2.5,2.9598475,2.5401018
3.0,3.1946356,2.9475005
3.1,3.0136135,3.047409
3.1,3.3820376,3.1017992
3.75,3.9848192,3.7732828
2.5,3.1905122,2.5437799
3.0,3.061871,2.9329426
4.25,4.1289034,4.200648
7.6,7.770767,7.604999
3.75,4.3176413,3.806301
3.0,3.1835887,2.962572
3.1,3.2923126,3.1013262
4.75,4.482168,4.690348
2.5,2.90296,2.5083966
2.2,2.7709594,2.2299645
3.75,3.7494276,3.7294762
2.55,3.0136135,2.6170678
3.75,3.7373493,3.6819525
2.0,2.6457195,2.0218124
2.2,3.0738654,2.2381716
3.75,4.1028223,3.7804694
4.5,4.3482933,4.4698477
4.5,4.448331,4.446462
2.5,3.0820515,2.5588396
2.5,2.9081466,2.507822
2.2,2.8399682,2.231433
4.25,4.285837,4.1864996
0.8,0.9834407,0.80368495
3.75,3.712273,3.7276669
3.1,3.3142354,3.101941
3.0,3.6497564,3.0251803
3.1,3.0136135,3.0549347
2.45,2.9649816,2.51526
3.75,3.8913653,3.764354
3.0,3.3021824,2.9901938
2.5,2.9897368,2.5099986
3.0,3.0715466,2.9533617
2.5,2.983312,2.5083966
3.75,4.0999107,3.7800767
3.5,3.5968544,3.472513
18.0,18.460642,17.98905
0.8,0.9682022,0.80357826
3.0,3.4299288,3.0574403
2.5,2.9566069,2.5397236
2.0,2.613937,2.0259223
2.0,2.6478975,2.020355
2.5,3.1303687,2.54243
2.5,2.9490037,2.509472
3.0,3.3379397,2.994233
9.25,9.586235,9.213804
4.5,4.390091,4.445495
3.75,4.0395584,3.747911
2.5,3.063813,2.5671308
18.0,20.681276,17.96176
0.8,0.9726101,0.7987636
2.5,3.113536,2.5437875
3.5,3.6289706,3.47096
3.25,3.5462773,3.1929011
4.25,4.231633,4.1976256
3.75,3.760857,3.7278292
4.25,4.236248,4.187941
3.5,3.5797398,3.4461205
3.0,3.1695304,2.9638753
4.5,4.382742,4.4416523
0.8,0.9922668,0.79763377
2.45,2.9136803,2.5136971
2.5,2.954204,2.5083966
3.75,4.3412647,3.808415
3.0,3.0997376,2.9554152
9.5,10.304716,9.460634
2.5,3.0826879,2.5632262
3.1,3.3158665,3.1020334
3.75,3.7245004,3.7255173
3.0,3.0848722,2.9545846
3.75,3.7466671,3.7382562
3.0,3.1830487,2.9645941
0.8,0.99350905,0.79776853
3.25,3.5637012,3.2397647
3.5,3.6006665,3.4448903
4.25,4.1098986,4.1964564
4.5,4.404257,4.4426136
4.25,4.069298,4.195586
3.0,3.0519574,2.9754167
2.5,3.0792146,2.560161
3.75,3.766546,3.7356985
2.2,3.0813575,2.240144
3.5,3.6499393,3.55012
3.1,3.0136135,3.0535529
4.25,4.217367,4.18737
3.1,3.0136135,3.0528817
3.75,4.0561123,3.7864137
3.5,3.7913995,3.5667205
4.75,4.5211062,4.693894
3.75,4.097166,3.7804694
3.75,3.7211668,3.7262433
4.5,4.4329863,4.446792
4.5,4.345701,4.430919
3.0,3.2438781,2.9966562
3.75,4.0609064,3.7864137
4.5,4.305773,4.4687786
3.0,3.2618766,2.9898517
2.5,2.9594302,2.5108445
3.0,3.258866,2.9619453
4.25,4.2823133,4.1864996
2.0,2.6673012,2.021214
3.75,4.039822,3.7505388
3.0,3.285945,2.9901938
4.25,4.214041,4.1972327
0.8,0.98051274,0.8041432
3.75,3.7776394,3.7628388
3.25,3.545029,3.200064
3.75,3.899237,3.7638538
3.5,3.5789769,3.481611
12.0,14.216688,12.014442
2.0,2.6614366,2.0217488
2.45,2.9187262,2.514249
3.5,3.6454895,3.4842415
3.0,3.0859761,2.9727805
2.5,2.9718435,2.542401
3.75,4.2309237,3.7732828
3.25,3.5526702,3.239839
3.25,3.55358,3.2649367
0.8,0.98087275,0.797548
3.5,3.5643425,3.4793484
3.0,3.130329,2.9649055
0.8,1.0029246,0.80516833
3.0,3.1901252,2.9640963
3.0,3.2296824,2.9671907
3.0,3.0854979,2.9560864
3.0,3.15166,2.9656043
8.95,9.250716,8.94926
2.45,2.9436312,2.5134223
4.75,4.506777,4.6929326
2.5,2.9473884,2.5365841
3.5,3.621548,3.473054
2.0,2.6437683,2.0271523
3.0,3.4581048,3.0618005
2.5,3.0063415,2.5083568
3.1,3.3772635,3.101665
3.75,3.777106,3.72509
3.0,3.251588,2.9893107
3.0,3.0894384,2.9591115
3.0,3.304949,2.9959803
2.5,2.955721,2.5099986
2.55,3.0136135,2.6163967
3.0,3.077726,2.948654
4.0,3.7112615,3.918918
3.0,3.4624882,3.0621932
0.8,0.9883828,0.8037572
2.0,2.6504521,2.0218124
3.5,3.6028326,3.4811912
3.0,3.187494,2.9481857
4.25,4.2878428,4.1868925
3.0,3.2600539,2.9959803
3.5,3.5497198,3.4831593
3.75,3.6481354,3.7628388
4.25,4.2347283,4.187941
2.5,2.927291,2.5108445
4.5,4.4583874,4.446462
4.25,4.1106668,4.1970277
3.0,3.2708168,2.9959803
4.0,3.7236505,3.9265654
3.1,3.428049,3.1018622
4.5,4.3917,4.446792
3.1,3.3784637,3.100807
3.0,3.199378,2.9658747
3.0,3.2125158,2.948241
2.5,3.066127,2.5666714
3.0,3.0739317,2.9508119
2.2,2.8475583,2.231433
2.5,3.0323162,2.557634
2.5,2.9913573,2.5099986
3.75,4.063011,3.7815173
3.0,3.4381483,3.0570476
0.8,1.0026858,0.8034785
2.45,2.9425414,2.5133283
3.75,4.059881,3.7864137
3.0,3.0820262,2.9741867
2.5,2.9655995,2.5368195
2.2,3.075062,2.2381716
2.2,2.8003838,2.231974
3.0,3.19116,2.9483666
3.75,3.7292483,3.6820154
3.0,3.466364,3.0584881
2.0,2.6971965,2.0218124
3.0,3.1869152,2.9481857
2.5,3.0082664,2.5553093
3.5,3.6015341,3.472513
3.0,3.0908847,2.9727805
3.5,3.4803956,3.442486
2.2,3.0694916,2.240144
2.2,3.0812414,2.240144
3.0,3.071971,2.9328873
3.75,3.7142203,3.722568
3.1,3.0136135,3.054376
3.75,4.393201,3.8099263
3.5,3.5532727,3.4448903
2.2,3.088948,2.241374
2.55,3.0136135,2.6153646
2.0,2.635682,2.0271523
3.0,3.7407565,3.02466
3.75,3.7337778,3.6819525
4.5,4.247816,4.468583
2.5,2.9291983,2.537542
2.55,3.0136135,2.616389
3.0,3.1874676,2.946344
3.75,4.064554,3.7815173
3.1,3.0136135,3.0528817
3.75,4.058075,3.7815173
3.5,3.5603962,3.481291
3.1,3.4118853,3.1019545
4.25,4.1216974,4.1964564
0.8,0.98028255,0.7966975
3.5,3.5638764,3.482253
3.0,3.0705166,2.953552
3.5,3.5623732,3.4772422
3.0,3.2623725,2.9893107
2.5,3.0059526,2.5561688
2.5,2.9531407,2.5419436
3.1,3.4276078,3.1009438
3.0,3.2537417,2.9959803
3.25,3.575352,3.306545
3.0,3.0867043,2.9567661
2.5,2.930199,2.5365894
3.0,3.6693223,3.0251803
4.0,2.915244,3.921755
0.8,0.9836554,0.80524105
4.0,3.7531214,3.9264135
4.75,4.5101576,4.6856313
3.0,3.2132332,2.967218
3.0,3.5667331,3.0251803
4.5,4.422943,4.446462
2.5,2.9613228,2.5092754
3.0,3.077316,2.9485748
4.75,4.4733524,4.690348
4.0,3.707479,3.9241486
2.55,3.0136135,2.6118574
3.75,4.131441,3.7800767
3.5,3.5589972,3.4809465
2.0,2.6684601,2.0245647
2.2,2.8708947,2.231433
2.5,2.9497206,2.5099986
4.75,4.46737,4.692837
4.25,4.3569384,4.1868925
3.0,3.2538352,2.948241
4.5,4.3876467,4.436137
2.5,2.9884717,2.5092754
3.1,3.383529,3.100748
2.5,3.1606762,2.5409389
3.0,3.1905742,2.948241
14.75,17.31084,14.836009
2.2,2.935161,2.2305055
2.5,3.0663133,2.567816
3.5,3.5457718,3.442486
3.0,3.5085886,3.0618005
2.5,3.1015992,2.541455
2.2,2.8052628,2.231974
3.1,3.3408415,3.1015408
3.25,3.5578284,3.2646646
3.0,3.1477761,2.9633608
2.5,2.9157507,2.507822
3.75,4.0716324,3.786021
2.45,2.9300084,2.514233
3.0,3.0794852,2.9754167
2.2,3.0698214,2.2381716
0.8,0.9963931,0.8041432
4.0,3.6672237,3.923318
3.0,3.417518,3.0618005
3.75,4.0556183,3.7553334
4.0,3.6942892,3.9268851
2.5,2.957437,2.5380867
3.0,3.3191755,2.9893107
2.0,2.637879,2.0245647
3.75,4.1888704,3.800356
3.0,2.9752498,2.949401
4.75,4.5029707,4.691741
3.0,3.1435578,2.9703915
2.5,2.9395084,2.507822
3.5,4.0261893,3.563383
3.0,3.2318761,2.9477282
2.45,2.986825,2.5130188
2.5,3.0726244,2.561399
3.5,3.6442773,3.472513
3.5,3.8486838,3.564215
3.0,3.072764,2.932485
2.0,2.6987195,2.0218124
2.5,2.9370637,2.5364463
3.75,3.7326334,3.7407374
2.0,2.6604242,2.0217488
2.5,3.1562634,2.5422857
3.75,3.7546418,3.7632315
3.75,3.901219,3.7632825
3.0,3.386869,3.0574403
4.25,4.280328,4.1864996
3.1,3.377121,3.101665
28.0,27.72888,27.953943
3.0,3.1473289,2.963909
2.5,2.948602,2.5423458
3.0,3.1456907,2.9703915
3.75,4.0543866,3.780946
3.0,3.2747624,2.9901938
3.0,3.2081347,2.9966562
4.25,4.269665,4.1864996
3.0,3.6397333,3.0251803
2.0,2.6550822,2.0217488
4.0,3.6660488,3.9245255
2.5,2.9993846,2.558235
3.75,4.396636,3.8099263
2.0,2.6423,2.0271523
2.0,2.8079019,2.0218124
2.5,2.960603,2.5092754
2.5,2.9329598,2.5372694
2.0,2.6452014,2.0245647
3.75,4.0566807,3.7815173
3.25,3.5575864,3.2411168
3.0,3.1142592,2.9541297
3.0,3.3480632,2.994233
3.75,3.770379,3.735651
3.0,3.138342,2.9649055
2.5,2.9558313,2.5380425
3.0,3.1986568,2.948643
2.5,2.967041,2.537452
2.5,3.1480575,2.544555
2.5,2.9379246,2.5362728
3.0,3.246008,2.9959803
3.0,3.2600954,2.9901938
3.75,3.6958866,3.7342749
2.5,2.9728918,2.5417159
0.8,0.96567756,0.80360067
2.5,3.053071,2.5655284
4.5,4.35795,4.4383016
3.1,3.0136135,3.0515962
2.2,3.0953586,2.2381716
3.75,3.671353,3.7632315
2.5,2.9564688,2.538396
9.5,10.091819,9.480791
3.25,3.5329077,3.206442
2.5,3.0672553,2.5660548
19.75,33.667233,20.028093
3.25,3.5677888,3.3051286
2.55,3.0136135,2.6178985
3.75,3.679904,3.728233
2.5,3.0315623,2.5556526
2.5,2.9343824,2.507822
3.5,3.5517592,3.4816568
2.0,2.6735568,2.0217488
3.75,3.736841,3.6819525
2.5,3.1168182,2.5417619
2.0,2.6750727,2.0271523
3.0,3.088697,2.9520376
2.2,3.0710516,2.240144
3.5,3.5849974,3.472513
4.5,4.2417393,4.4679093
3.25,3.576251,3.3091462
0.8,0.98301005,0.7994352
3.5,3.628988,3.4461205
2.2,2.7910252,2.2299645
3.0,3.0782716,2.9554152
3.0,3.0692313,2.9600449
4.0,3.6803448,3.920516
2.0,2.6810102,2.0245647
3.0,3.1550453,2.97099
0.8,0.97490835,0.80443877
2.2,2.8509698,2.231433
0.8,1.0045651,0.80516833
3.5,3.575431,3.473054
2.5,3.0798378,2.5578706
3.5,3.6586227,3.4837165
2.0,2.6585288,2.0271523
3.75,3.7697475,3.6820314
3.0,3.5845497,3.0236044
2.45,2.9681132,2.5137906
3.0,3.1505194,2.9703915
2.5,3.0658655,2.567816
3.0,3.293308,2.9893107
2.5,3.060759,2.5673032
0.8,0.9852133,0.7998991
3.0,3.2270467,2.9481857
2.5,2.9928231,2.5099986
2.1,2.6281862,2.8004656
0.8,0.98103887,0.8048809
2.5,2.9312966,2.5083966
3.0,3.145053,2.9703915
3.75,3.7311337,3.7294166
2.0,2.6706653,2.0245647
3.5,3.563071,3.4953172
3.1,3.3178604,3.1020372
3.5,3.5973861,3.472513
0.8,0.97866476,0.8040051
2.5,3.0630295,2.5677607
4.5,4.414524,4.4481354
3.0,3.079309,2.9538193
3.5,3.6255467,3.4715009
3.0,3.2995296,2.9901938
3.0,3.292156,2.9893107
3.5,3.59926,3.4461205
3.0,3.075271,2.9493914
2.55,3.0136135,2.618263
3.75,4.070759,3.786021
4.0,3.7332056,3.9213612
2.45,2.9395537,2.51296
3.25,3.5562923,3.2419004
2.2,2.9917355,2.231433
3.0,3.0869884,2.9330683
3.0,3.462344,3.0621932
3.25,3.5677652,3.3093655
3.0,3.073612,2.954082
2.5,3.0792031,2.5677607
3.5,3.5828176,3.4461205
3.1,3.374583,3.1012104
3.1,3.0136135,3.0543835
2.2,3.0569148,2.2381716
3.0,3.1813312,2.97099
4.5,4.336417,4.471487
4.5,4.2199717,4.4694266
3.0,3.3435495,2.9901938
3.0,3.072174,2.962066
2.5,3.0739274,2.567816
3.0,3.2154608,2.9477282
2.0,2.6666079,2.0218124
4.0,3.6552846,3.9241672
0.8,0.9898069,0.80516833
4.5,4.4178634,4.4465513
3.0,3.2536964,2.9898517
2.5,3.0183082,2.5547931
3.25,3.5504265,3.2062762
2.0,2.6461046,2.0245647
2.5,2.9780552,2.5083568
3.5,4.356065,3.5584831
2.0,2.6756446,2.0218124
3.0,3.199412,2.9645941
2.5,2.9438295,2.535761
2.5,2.9836,2.555763
3.0,3.186409,2.948241
3.5,3.6042674,3.4813845
2.1,2.624978,2.5960975
2.5,2.9899988,2.5099986
2.5,3.0834405,2.562124
2.5,2.9609976,2.5083966
0.8,0.9587814,0.80360067
4.75,4.4953876,4.687797
2.2,2.7924428,2.2299645
2.5,2.9166918,2.5374975
4.0,3.6958551,3.9213
19.75,33.198254,20.13173
4.5,4.327345,4.470833
4.5,4.42039,4.438839
3.5,3.6050632,3.5648737
2.5,3.185462,2.54448
2.5,2.909406,2.5371728
4.75,4.4962797,4.6894064
3.5,3.6142597,3.5577283
2.0,2.664484,2.0218124
3.0,3.1531837,2.9966562
2.2,2.8232536,2.231433
2.65,3.5280504,3.19265
3.5,3.569994,3.486777
2.5,3.0623019,2.5677607
3.0,3.082478,2.9545846
2.0,2.6556468,2.0259223
4.5,4.447898,4.446462
2.5,2.9450374,2.5446675
4.75,4.524416,4.691645
3.5,3.6629047,3.4715009
3.0,3.0911062,2.9626675
3.0,3.387061,3.0574403
0.8,0.97183454,0.80418056
3.5,3.6230505,3.5692506
3.0,3.1721852,2.9645314
2.0,2.6691976,2.0218124
4.75,4.5195136,4.6927476
3.25,3.5529425,3.263881
3.0,3.2003856,2.948241
3.0,2.6338286,2.8615222
3.25,3.554372,3.263881
2.5,3.078979,2.5677607
2.5,3.0170798,2.5547931
0.8,0.97753656,0.80378854
3.75,4.0264816,3.7740867
3.5,3.619855,3.4448903
2.5,2.9731843,2.534133
4.25,4.0807266,4.1964564
4.25,4.2321978,4.1976256
2.5,3.1005857,2.5419087
3.1,3.0136135,3.0543835
4.25,4.1268053,4.200648
2.45,2.9562652,2.5137527
2.5,3.0862613,2.5614812
2.5,2.9388654,2.5099986
2.5,2.921369,2.5108445
28.0,28.13566,27.946238
2.45,2.993115,2.5138807
3.75,4.057678,3.7864137
3.1,3.0136135,3.051535
2.5,3.0790956,2.5673585
0.8,0.9838979,0.8041432
3.0,3.2027655,2.964046
2.5,3.124993,2.5409389
3.5,3.5543878,3.442486
3.0,3.124744,2.9543972
3.0,3.3979619,3.0570476
4.75,4.484868,4.685674
2.5,3.074039,2.5673585
3.0,3.3943043,3.0574403
2.5,3.0344727,2.5092754
4.25,4.2483397,4.187941
4.0,3.6878135,3.921816
3.75,3.9359128,3.7637827
3.0,3.0194356,2.9741867
3.0,3.0676913,2.9471223
2.5,2.9752316,2.5099986
3.0,2.6412272,2.6796358
2.55,3.0136135,2.6167498
0.8,0.99278,0.8042575
21.0,19.084044,21.005644
3.75,3.7341626,3.7351563
3.75,4.325242,3.8095963
2.5,3.0228434,2.5092754
3.0,3.149074,2.97099
2.2,2.807673,2.231974
3.75,4.113185,3.7800767
3.0,3.1187255,2.9613295
3.0,3.242333,2.9966562
3.75,4.111839,3.7800767
3.75,4.0183372,3.751478
2.1,2.5649045,2.727937
2.5,2.9560208,2.5369945
2.5,3.0450687,2.5434396
2.5,3.0876417,2.5763466
3.5,3.8515844,3.5604615
2.5,2.9329746,2.5099986
2.0,2.657906,2.0218124
3.0,3.1951735,2.9475558
2.5,3.0336106,2.5547931
2.0,2.67557,2.0217488
3.0,3.3020427,2.9901938
3.0,3.147295,2.97099
3.5,3.614971,3.5756302
2.5,3.0075047,2.5563562
2.55,3.0136135,2.6158729
3.75,3.7107844,3.6812046
2.5,2.9356337,2.538275
4.5,4.324547,4.4331703
3.75,4.3138237,3.805581
4.5,4.381092,4.454292
3.5,3.565253,3.472513
3.25,3.5562391,3.3103752
3.25,3.5516396,3.263881
3.0,3.0753102,2.9529204
3.1,3.3278198,3.1015787
3.75,4.064883,3.7864137
3.5,3.6049001,3.472513
0.8,0.97647285,0.80026346
3.5,3.5530431,3.4915662
2.0,2.6379526,2.0259223
2.5,3.0769317,2.5698621
45.0,29.665174,44.048176
3.75,4.378406,3.8072243
3.75,3.9889617,3.7732828
2.5,2.9574633,2.5356
2.2,3.0755174,2.2381716
4.75,4.49778,4.6927476
3.5,3.5485651,3.4774883
2.5,2.9372272,2.5346045
3.0,2.5596435,2.6818516
2.5,3.0100272,2.55614
2.45,2.9216979,2.5134223
3.0,3.066434,2.9754167
2.5,3.023142,2.5580018
3.0,3.0652683,2.9324298
2.5,3.0759063,2.562571
2.5,3.0166101,2.5580187
3.25,3.5979717,3.3030505
2.5,3.0990887,2.5422857
4.5,4.2982416,4.4684315
3.75,3.6895192,3.6812046
3.75,3.6611736,3.7632315
3.5,3.5942004,3.4448903
2.5,3.1186638,2.5437875
3.0,3.1420174,2.97099
3.5,3.5883071,3.5538435
2.5,2.959316,2.5369945
2.2,3.0865815,2.2381716
2.5,2.9696956,2.5083966
4.0,3.680346,3.921816
0.8,0.97305197,0.8038284
3.1,3.3831654,3.1017992
3.75,4.0507054,3.7732828
3.75,4.355195,3.8057535
3.5,3.6324375,3.47096
3.75,3.754062,3.7300298
3.0,3.4615433,3.0584881
2.45,2.9005775,2.514249
2.5,3.040738,2.5529063
2.5,2.9785566,2.5423458
2.5,3.0871859,2.5624106
4.5,4.406995,4.4475646
0.8,0.9796516,0.8741554
3.0,3.1311326,2.9703915
3.25,3.5674684,3.3060591
3.75,3.7585623,3.7288175
3.5,3.6059217,3.47096
4.0,3.671954,3.9226756
3.0,3.2593727,2.961555
0.8,0.9631369,0.80360067
0.8,0.9805839,0.80357826
2.2,3.0821593,2.2381716
2.55,3.0136135,2.6174526
2.0,2.6390905,2.0245647
2.5,3.0115852,2.5503497
2.1,2.6067083,2.52293
3.1,3.4175568,3.1012104
2.2,2.8167045,2.231433
3.75,4.3855333,3.811845
2.2,3.0925725,2.241374
2.5,3.0863197,2.5610073
2.0,2.6797297,2.0217488
2.5,2.9292884,2.5099986
3.0,3.0540674,2.9727805
3.0,3.3083982,2.9898517
2.5,2.9294066,2.5083966
3.0,3.513688,3.0560677
2.55,3.0136135,2.6170678
3.75,3.7226493,3.6807423
2.5,2.9791503,2.5350516
4.5,4.3258,4.4687176
3.5,3.580023,3.4990063
4.0,3.7133706,3.923318
3.5,3.628077,3.552036
0.8,0.97178996,0.7970921
3.0,3.212029,2.9477282
4.25,4.3103743,4.1864996
0.8,0.9933824,0.80410784
3.75,3.7516217,3.7632315
2.5,2.9554,2.542401
2.45,3.010287,2.5138807
3.75,4.3017597,3.8107948
3.75,4.3122764,3.80575
0.8,0.9909477,0.8036213
0.8,0.9601989,0.7891144
3.0,3.300259,2.9901938
3.0,3.0700548,2.9329426
0.8,0.99204266,0.8042575
2.0,2.725136,2.0218124
3.5,3.6334827,3.4461205
3.75,3.7158887,3.6829264
3.0,3.3043792,2.994233
3.0,3.4647667,3.0618005
3.25,3.563007,3.24182
3.0,3.6264746,3.0251803
2.5,3.1944466,2.5395157
3.5,3.6399467,3.47096
3.1,3.4188447,3.1012473
3.75,3.7257752,3.7632315
2.5,2.947668,2.5325708
3.25,3.58946,3.3268056
3.75,4.0731254,3.786021
4.25,4.066063,4.195586
3.5,3.5520694,3.4801345
2.5,3.0775428,2.5613503
3.5,3.610166,3.5500672
3.1,3.383523,3.1012473
2.2,3.082447,2.240144
2.45,2.9247017,2.514249
3.1,3.3767176,3.1012473
3.0,3.1415863,2.963899
3.75,4.1403713,3.7800767
3.5,3.835635,3.5609808
3.1,3.4103298,3.1016688
12.0,12.401527,12.080927
3.5,3.6007836,3.48056
3.0,3.6858594,3.0251803
3.0,3.267321,2.9901938
3.75,4.3720207,3.8096924
3.75,4.0579247,3.7815173
3.0,3.0779002,2.9533617
9.5,10.14213,9.484263
4.5,4.3937154,4.4480224
4.75,4.528905,4.692837
2.5,2.9519272,2.5375507
3.5,3.550536,3.4860535
2.5,3.0136952,2.5563562
3.0,3.1828103,2.964869
2.0,2.6258729,2.0245647
0.8,0.9857336,0.80113375
2.45,2.978191,2.5135152
3.0,3.0941765,2.9527123
3.0,3.0714798,2.9338021
4.0,3.7245097,3.922863
3.0,3.3334785,2.9893107
2.0,2.6241982,2.0259223
2.2,2.8267002,2.231974
4.25,4.11934,4.1970277
3.25,3.5213416,3.206442
2.0,2.6693027,2.0217488
4.5,4.352198,4.4751725
4.75,4.5538454,4.6879597
3.1,3.0136135,3.0535529
3.0,3.1847873,2.9650517
2.5,2.979643,2.542401
3.0,3.14082,2.9709263
3.0,3.48285,3.0570476
3.0,3.0973876,2.9560864
4.25,4.066908,4.195979
3.0,3.0730486,2.9741867
3.75,4.1068296,3.7804694
3.0,3.178957,2.9626336
3.0,3.4539652,3.0618005
3.5,3.504096,3.442486
3.75,4.3899803,3.7997289
2.0,2.6338842,2.0271523
3.0,3.2644863,2.9901938
2.5,2.9072561,2.5361478
3.75,3.7159672,3.6820154
9.5,9.829424,9.480791
10.95,10.099789,10.8366785
2.5,3.1433766,2.5405202
3.0,3.180177,2.9631603
2.5,3.0128407,2.5544162
3.5,3.5770357,3.49406
3.0,3.090235,2.9517193
3.0,3.417746,3.0618005
4.0,3.6643546,3.924141
3.0,3.1699924,2.9651895
2.5,2.9572818,2.5366206
4.5,4.441931,4.435073
4.25,4.063923,4.195979
0.8,1.0024896,0.8037572
2.5,3.0234938,2.556811
2.5,2.9704237,2.5334477
0.8,0.97504616,0.7993202
0.8,0.9797901,0.80378854
3.0,3.157953,2.9650517
3.25,3.5414286,3.2630866
3.25,3.4986327,3.203017
14.0,13.990443,14.656868
2.55,3.0136135,2.6150498
3.0,3.1929054,2.947043
3.75,4.3283997,3.8095963
2.2,3.087605,2.240144
0.8,0.98181,0.8052217
2.5,2.9584503,2.5354686
2.0,2.6670334,2.0218124
3.0,3.0913227,2.9560864
3.5,3.5827253,3.472513
3.0,3.09175,2.9569094
0.8,0.9883603,0.80558795
3.5,3.5780294,3.4820724
3.0,3.075227,2.950879
2.5,2.9461174,2.5419436
3.1,3.0136135,3.051535
3.75,4.0543613,3.7815173
3.75,4.074029,3.7736754
3.25,3.547301,3.2454681
2.5,2.8418727,2.5359862
3.0,3.2202222,2.9481857
3.0,2.626289,2.9465356
4.5,4.3864217,4.4424467
4.5,4.3708677,4.44409
0.8,0.9738182,0.80427927
0.8,0.9884862,0.80516833
3.25,3.58796,3.30511
3.5,3.6182392,3.575154
2.5,3.068514,2.5610178
0.8,1.0005705,0.8037572
21.0,19.69098,20.869118
3.0,2.905201,2.9137177
3.5,3.5473325,3.4801981
3.0,3.2563133,2.9479191
2.5,3.0250323,2.55614
3.0,3.3847623,3.0579169
4.5,4.235681,4.468581
3.75,3.7125096,3.7253768
3.5,3.5832653,3.442486
2.5,2.9338903,2.5364463
4.0,3.6889691,3.921746
2.0,2.6620536,2.0259223
3.5,3.6297941,3.4461205
3.25,3.5536587,3.2411168
3.0,3.2451324,2.948643
3.75,3.7312236,3.6819525
2.5,3.168822,2.5419087
2.5,2.9534407,2.5425367
2.45,2.9761643,2.5141702
4.5,4.391966,4.44559
3.75,3.9868457,3.76569
2.45,2.966272,2.5141702
3.5,3.5933774,3.4461205
3.5,3.635482,3.58512
3.75,4.0547514,3.786021
2.5,2.9274166,2.5099986
3.0,3.1313887,2.9649055
3.5,3.6182134,3.4461205
2.5,2.9510589,2.542401
3.0,3.07095,2.9311452
4.5,4.3431983,4.468874
3.1,3.349741,3.1015787
4.75,4.5793247,4.6927476
6.4,10.135223,6.4185033
4.25,4.107318,4.1970277
2.55,3.0136135,2.615566
3.75,3.7662094,3.739406
3.0,3.0842628,2.9556315
2.5,2.9243655,2.5359888
3.75,4.0454116,3.7627895
3.5,3.570896,3.4715009
3.0,3.4069228,3.0621932
3.0,3.4431667,3.0584881
3.25,3.562037,3.324815
3.5,3.5403664,3.442486
3.75,4.081042,3.7732828
3.75,3.7543998,3.7353315
0.8,0.9723427,0.8048653
3.0,3.0851378,2.9727805
2.0,2.626313,2.0259223
3.0,3.0655103,2.9328873
2.5,3.1404643,2.5437875
3.0,3.0911021,2.9727805
3.0,3.0903487,2.9471545
3.5,3.6354501,3.5522747
3.25,3.5431273,3.2405484
3.1,3.4142337,3.1010337
3.1,3.0136135,3.0543835
0.8,0.98121274,0.8043188
2.5,2.998133,2.5092754
2.5,3.0666192,2.567816
2.5,3.0881007,2.5625346
3.1,2.9940782,3.1003788
4.25,4.0689926,4.195586
2.5,3.1298826,2.5422857
3.0,3.0784607,2.9754167
2.2,3.076753,2.2381716
2.5,3.0751746,2.567816
2.5,2.9109793,2.5353036
3.5,3.549226,3.4816382
2.5,3.0257134,2.5503151
3.75,4.3267403,3.8106987
3.75,3.894235,3.7638538
0.8,1.001993,0.8037572
2.5,3.0818205,2.561964
3.75,3.7006044,3.680641
9.5,10.285864,9.480421
2.2,3.1083624,2.2381716
3.0,3.0801141,2.9554152
3.0,3.194322,2.9613562
2.0,2.6817086,2.021214
2.2,3.0783234,2.2381716
3.0,3.0822349,2.9727805
3.5,3.609734,3.5509562
2.5,2.9610045,2.5083966
2.2,3.0740204,2.240144
3.5,3.5716698,3.496307
2.5,2.9720078,2.5099986
3.0,3.1874263,2.9623034
3.5,3.5770974,3.4461205
4.25,4.0628443,4.195979
2.1,2.5608234,2.5452547
2.5,2.9610033,2.5375094
2.5,3.0732422,2.5673585
4.5,4.2653017,4.4870105
2.5,3.0695202,2.565884
3.75,3.7409043,3.7276711
2.5,2.9747176,2.5092754
2.5,2.9716992,2.5416605
2.45,2.925262,2.5141702
3.0,3.0600517,2.9741867
45.0,28.576298,42.620655
4.25,4.1995153,4.1972327
2.45,2.9425254,2.5138807
3.5,3.5545785,3.4735408
3.0,3.0486636,2.9741867
3.75,3.7119198,3.7632315
4.5,4.398054,4.441412
3.75,3.8919113,3.780946
3.75,3.7366846,3.681663
0.8,0.98813367,0.8037572
3.75,3.7556622,3.7274551
3.0,3.1235762,2.9589825
3.5,3.562616,3.442486
3.5,3.6255386,3.472513
0.8,0.9800786,0.80516833
3.75,3.6969666,3.727771
3.0,3.2286084,2.95843
2.55,3.0136135,2.6146312
3.75,3.718005,3.7252078
4.0,3.656231,3.9214392
2.5,2.9436774,2.534908
2.55,3.0136135,2.6160197
2.5,2.9487288,2.5099986
2.5,3.0272655,2.5547931
0.8,0.99171436,0.80369353
3.0,3.0873902,2.9527314
4.0,3.7149367,3.923318
3.75,4.3795404,3.8086352
45.0,33.171684,44.724945
2.5,2.9475904,2.538702
3.75,4.038014,3.7732828
3.75,4.385143,3.80795
3.0,2.6244469,2.86691
3.0,3.268132,2.9959803
3.0,3.1683366,2.964046
3.5,3.8999572,3.5655117
3.75,3.671302,3.7273757
2.2,2.932575,2.231433
3.25,3.551087,3.2654307
4.25,4.231991,4.18737
3.0,3.0810156,2.9530644
3.1,3.0136135,3.0535715
2.5,3.082129,2.5605686
4.5,4.3982353,4.4426136
2.5,3.084893,2.562133
2.0,2.649702,2.0245497
3.1,3.336171,3.1020334
2.2,3.083277,2.241374
2.5,2.9535758,2.542401
2.5,3.0063229,2.55614
3.0,3.5786002,3.0251803
2.0,2.664924,2.0217488
4.0,3.6862242,3.9213
3.75,4.3673277,3.8116672
3.75,4.3504295,3.8082995
2.5,2.9654124,2.5423458
4.0,3.6864278,3.924141
3.0,3.2058609,2.9483666
3.5,3.5560613,3.4814184
3.0,3.0707338,2.9741867
4.0,3.7288153,3.9226468
0.8,0.99563015,0.8015805
2.55,3.0136135,2.6136267
12.0,14.305719,12.117399
2.5,2.9678981,2.5373058
2.5,2.9926424,2.5564342
3.75,4.360129,3.808725
3.0,3.0878794,2.9727805
4.75,4.497584,4.6864104
3.0,3.086894,2.9560864
4.25,4.320387,4.1868925
3.5,3.9106674,3.560918
3.75,3.7202425,3.7297084
3.75,3.8993523,3.7638538
4.5,4.387091,4.4478116
3.0,3.1421156,2.9703915
3.0,3.0678074,2.9507937
2.5,3.0769765,2.5611846
3.75,3.7237058,3.725801
3.1,3.0136135,3.0515962
3.0,3.0858867,2.9562747
3.0,3.6568234,3.0251803
2.55,3.0136135,2.616613
2.2,2.8368201,2.231974
2.0,2.6735947,2.021214
3.0,3.2488928,2.9966562
3.5,3.6453142,3.5542753
0.8,0.9671055,0.80553925
4.0,3.699657,3.9241486
3.75,3.7312322,3.6808012
3.0,3.2314851,2.9641805
3.0,3.0723443,2.9322574
2.0,2.6562538,2.021214
21.0,19.810045,21.004835
4.5,4.281171,4.467422
3.0,3.0768962,2.9539871
3.75,4.018343,3.751478
4.0,3.6098878,3.921816
3.0,3.0805705,2.9727805
3.0,3.4858665,3.0574403
2.5,2.9769497,2.537452
21.0,19.671408,21.040504
3.1,3.0136135,3.053098
2.0,2.6545124,2.0217488
3.25,3.5890155,3.263387
3.75,4.0418854,3.7553334
0.8,0.97303545,0.79977214
2.5,2.9512827,2.535761
3.0,3.2032132,2.948241
2.5,3.0714777,2.5588408
2.55,3.0136135,2.6150498
2.2,2.825904,2.231433
3.0,3.0496743,2.932485
3.0,3.2243364,2.9481857
2.5,2.9478753,2.5355895
3.25,3.517241,3.2688982
3.25,3.5400841,3.203017
3.0,3.110875,2.9703915
3.0,2.594034,2.7693975
3.0,3.233829,2.959029
4.5,4.3295116,4.4702907
2.5,2.974924,2.5108445
4.75,4.500738,4.6927476
2.5,2.9428897,2.5419436
0.8,0.9802474,0.80368495
3.0,2.5816834,2.5841045
2.0,2.6954317,2.021214
3.0,3.0912256,2.938866
2.5,3.118275,2.5425985
3.25,3.7457154,3.2426465
3.0,3.260363,2.9893107
2.5,2.9669304,2.5083966
3.5,3.587075,3.4844422
3.25,3.5528681,3.2685978
2.5,2.9340959,2.5099986
3.0,3.2420564,2.948241
3.25,3.5705976,3.2405424
3.5,3.558982,3.498578
3.5,3.57667,3.4802523
2.0,2.6484554,2.0271523
4.25,4.1358776,4.1970277
2.65,3.3040438,2.7660718
3.0,3.072697,2.9754167
2.2,3.0675707,2.2381716
3.75,4.0971155,3.7804694
3.25,3.5427094,3.206442
2.5,2.9816866,2.536831
3.0,3.0732007,2.9296012
2.0,2.686852,2.021214
3.0,3.2716463,2.9907348
2.5,2.9775405,2.5092754
3.0,3.0814521,2.952372
2.5,3.0760088,2.567816
3.0,3.4058814,3.0618005
2.5,3.0420175,2.5092754
2.5,2.9529436,2.5373058
4.5,4.407563,4.4442296
3.75,4.031989,3.7483459
3.25,3.551109,3.2367616
4.5,4.43005,4.4424667
3.75,3.6957276,3.7236168
3.75,3.732036,3.6808012
2.2,3.070022,2.241374
4.5,4.2587695,4.4715166
3.0,3.3421288,2.9893107
2.45,2.9217,2.5141702
2.5,2.9781773,2.5423458
4.0,3.6714096,3.9242144
3.5,3.6115968,3.47096
3.5,3.6091397,3.4461205
2.0,2.7037284,2.0259223
3.0,2.6009703,2.5906107
3.75,3.7108033,3.7275624
2.5,3.0166008,2.556811
4.5,4.438615,4.446462
3.0,2.63337,2.8454893
2.55,3.0136135,2.6170678
2.5,2.9314117,2.5083966
4.25,4.120637,4.1970277
3.75,3.9611514,3.7637827
3.0,3.168539,2.9645941
2.0,2.6523652,2.0271523
3.75,3.7162778,3.6803768
3.0,3.220952,2.9966562
3.0,3.1814203,2.9703915
4.75,4.5859,4.691645
2.5,2.956204,2.5092754
3.0,3.0692687,2.932485
4.5,4.3190985,4.470302
4.25,4.227865,4.18737
2.5,2.9589324,2.507822
4.25,4.063943,4.195979
4.25,4.2331047,4.1976256
2.5,3.0262744,2.5092754
3.1,3.323516,3.102356
3.5,3.555946,3.4774914
3.5,3.6282294,3.472513
2.55,3.0136135,2.616613
3.0,3.1764367,2.97099
2.2,3.0795202,2.241374
4.25,4.1220164,4.200648
2.2,3.087233,2.240144
3.0,3.062015,2.9302528
2.0,2.6412287,2.0271523
2.0,2.6866896,2.021214
8.95,9.362192,8.949005
2.5,2.9620614,2.5364463
3.5,3.5722032,3.4448903
3.0,2.641194,2.6212902
2.5,3.106667,2.541269
4.25,4.0662937,4.195586
2.5,3.0764964,2.5644746
2.5,3.079191,2.567816
2.5,2.9482088,2.542401
3.25,3.5834017,3.3351197
3.0,3.0647802,2.9522562
3.0,3.1583278,2.9703915
0.8,0.9907629,0.8000025
3.5,3.608761,3.473054
2.5,2.956226,2.507822
3.0,3.1546478,2.97099
3.75,4.297037,3.8095963
2.45,2.9009576,2.5141702
2.2,2.7960436,2.2305055
12.0,13.414598,12.021416
3.5,3.5641418,3.4934177
4.75,4.5193095,4.6899943
3.0,3.0817442,2.9440913
3.75,3.7516356,3.7278743
2.2,2.8607738,2.231433
2.2,3.0760846,2.240144
0.8,0.9908033,0.8007854
3.0,3.0822191,2.9527123
3.0,3.081142,2.9529424
3.25,3.5282395,3.308411
2.45,2.9770753,2.5107536
18.0,20.05374,18.02377
3.0,3.0761535,2.9727805
4.5,4.257406,4.469415
0.8,0.97201836,0.80378854
0.8,1.0021873,0.8037572
3.5,3.617641,3.5553713
2.55,3.0136135,2.6153786
0.8,0.9691875,0.798553
4.25,4.303893,4.1868925
3.0,3.0780797,2.9554152
3.75,4.0831137,3.7736754
2.5,3.088721,2.561456
2.0,2.672406,2.0271523
3.0,3.2875764,2.994233
3.0,3.2630112,2.9907348
2.55,3.0136135,2.615111
8.95,9.352051,8.946857
3.0,3.2299066,2.948241
3.0,3.58081,3.0236044
2.45,2.9227605,2.514233
2.2,3.078814,2.241374
3.0,3.0586114,2.9311452
2.5,3.0760317,2.5673032
2.5,3.0037417,2.5498922
3.0,3.142538,2.9709263
2.5,2.9566317,2.5364463
3.0,2.5923603,2.7631857
3.1,3.3813622,3.1012104
3.5,3.7970662,3.5666142
4.5,4.3781605,4.4416523
4.0,3.6931424,3.9226468
2.5,3.0785406,2.5622263
2.55,3.0136135,2.6154542
4.5,4.4439735,4.4445705
3.0,3.0906215,2.9727805
2.5,3.1340356,2.5437799
3.1,3.3246276,3.1011126
2.5,2.9764342,2.5411043
3.25,3.5218577,3.2253947
3.75,3.7153308,3.680839
2.5,3.0084476,2.5548544
3.75,3.787616,3.681535
2.55,3.0136135,2.6170678
2.0,2.6826556,2.0245647
3.75,3.7305348,3.7218962
2.5,3.0225453,2.557634
3.5,3.5573199,3.499226
2.5,3.0420055,2.5615835
0.8,0.9812798,0.8003852
4.5,4.3344917,4.474091
2.5,2.9611967,2.5412583
2.0,2.6750257,2.0217488
3.0,3.0755649,2.9329426
3.75,4.0414724,3.7643864
2.55,3.0136135,2.6178985
3.0,3.2420688,2.9573572
3.0,3.1847734,2.9966562
2.5,2.9414818,2.5357366
4.0,3.6636925,3.921816
3.0,3.0743833,2.9754167
4.5,4.359171,4.47101
4.75,4.511142,4.6877985
2.5,2.9353187,2.536493
3.75,3.7134645,3.6820154
0.8,0.9886979,0.8041432
2.5,2.960568,2.5108445
3.0,3.265182,2.994233
3.75,4.0352426,3.7484324
3.25,3.5513666,3.263387
3.75,3.7285275,3.7275376
2.1,2.5854218,2.728754
2.2,3.092258,2.2381716
0.8,1.0006101,0.80516833
3.0,3.2574708,2.9898517
2.65,3.5197413,3.2056584
3.1,3.3150454,3.102356
3.1,3.0136135,3.053639
2.5,2.9353688,2.533535
2.2,2.8399863,2.231433
3.25,3.5523696,3.2376637
2.5,3.0794425,2.5612621
3.75,4.301562,3.8082995
3.5,3.548548,3.479506
2.2,3.0702436,2.2381716
3.75,4.05406,3.7815173
0.8,0.9892075,0.80378854
3.0,3.0685155,2.9338021
3.0,3.4770842,3.0618005
3.25,3.5854273,3.3083017
3.75,4.321295,3.809635
3.75,4.031439,3.7509215
3.0,3.163684,2.9645941
3.0,2.6116385,2.9510362
3.0,3.0870113,2.951786
4.25,4.2462845,4.18737
4.5,4.425317,4.4465513
3.0,3.062687,2.932485
3.0,3.2931643,2.9898517
3.0,2.5620074,2.8018436
2.5,2.9790409,2.5337172
3.0,2.5507135,2.9765594
4.25,4.22464,4.1976256
2.0,2.668435,2.020355
3.75,4.031872,3.748998
3.0,3.1963146,2.9658747
3.0,3.18742,2.9966562
2.0,2.6908586,2.0218124
3.75,4.334488,3.8095963
3.5,3.6152253,3.5560994
2.5,3.1368804,2.5429568
2.5,2.97195,2.5432606
4.25,4.1254272,4.200648
3.75,4.3809676,3.8095963
2.5,2.9241757,2.5366502
3.5,3.5708437,3.472513
2.5,2.9280052,2.5327227
2.45,2.961151,2.5138807
2.5,3.0832572,2.5602987
2.5,2.9968908,2.5083966
3.0,3.0476613,2.9328873
2.5,3.07628,2.5624392
3.0,3.0865753,2.9562159
4.75,4.5029335,4.694828
3.0,3.1150498,2.9516864
3.75,4.300682,3.8025029
2.5,3.0706434,2.5677607
3.0,3.0282803,2.9898517
2.5,2.976049,2.507822
2.5,3.0792198,2.5623262
3.25,3.5800703,3.3331463
3.75,4.0228424,3.760169
4.0,3.6892936,3.921746
2.5,2.948928,2.5410974
3.0,3.0622108,2.9727805
2.5,3.0281324,2.5547931
3.0,3.262959,2.9901938
4.25,4.1133223,4.2010407
2.5,3.0560427,2.5092754
3.0,3.0954149,2.9727805
3.0,3.1641738,2.9703915
4.5,4.385412,4.4453254
2.0,2.6702254,2.0245647
4.25,4.2158823,4.18737
3.5,3.61401,3.551372
4.75,4.577529,4.6879597
3.5,3.974155,3.566704
2.45,2.9564672,2.5130568
2.5,3.0905223,2.561999
3.0,3.0616226,2.9741867
3.75,3.750607,3.7405605
2.5,2.978876,2.5332384
3.0,3.2380729,2.9966562
3.0,3.0861948,2.9560864
3.75,4.031107,3.7507477
3.0,3.071679,2.9581518
3.5,3.595073,3.5728202
3.5,3.6126478,3.5515356
4.25,4.0710382,4.195586
2.5,2.9387603,2.5376823
3.0,2.6372473,2.851846
3.5,3.595173,3.472513
2.5,3.071032,2.5673032
4.0,3.7209675,3.923318
4.5,4.402481,4.446792
18.0,18.399164,17.957644
2.5,2.9424548,2.5370533
3.0,3.1507661,2.9636054
3.75,3.7586887,3.7301054
7.6,7.713916,7.604954
2.5,2.9656584,2.5412583
4.25,4.118782,4.1970277
3.75,3.7395847,3.7343771
2.0,2.7096868,2.0218124
20.45,17.46702,20.324015
3.25,3.5925448,3.3039446
2.5,3.075511,2.5673585
3.75,4.331497,3.8099263
3.0,3.3491113,2.9901938
3.25,3.5511405,3.2654912
2.5,3.013029,2.557634
3.75,4.017547,3.7511213
0.8,0.9778428,0.8019919
2.45,2.9781597,2.5130568
2.5,2.9849312,2.5588765
4.25,4.1877527,4.1972327
3.5,3.6073844,3.4820676
3.0,3.2132854,2.9477835
0.8,1.0002137,0.80410784
3.0,3.287087,2.9901938
3.0,3.1895847,2.9475005
3.75,3.6920903,3.7632315
3.0,3.0805318,2.9330683
2.2,3.0710955,2.2381716
2.5,3.070221,2.567816
3.0,3.278377,2.9907348
3.0,3.078508,2.9552546
3.0,3.1742496,2.9966562
2.0,2.6285796,2.0245647
0.8,0.9868114,0.804557
4.25,4.2292905,4.18737
2.2,3.0744636,2.241374
3.0,3.1542125,2.9635885
2.45,2.9418356,2.5138807
3.5,3.6116538,3.489477
2.2,3.094968,2.241374
2.5,3.0771592,2.5661156
3.25,3.5487442,3.2626033
3.0,3.1163597,2.9561827
2.5,2.9996922,2.557634
3.75,3.7148843,3.680839
3.0,3.216228,2.948241
2.2,2.8329802,2.231974
0.8,0.9693124,0.7995154
8.95,9.305446,8.94926
3.25,3.5712016,3.2410455
4.25,4.2341537,4.1976256
2.5,3.0856016,2.5673585
3.1,3.382965,3.1008449
2.5,2.9861946,2.5432606
3.0,3.2023437,2.9635885
3.75,3.7560248,3.681573
2.0,2.6352086,2.0259223
3.1,3.3809626,3.1012104
3.1,3.3719366,3.1016688
22.5,20.811102,22.50869
3.1,3.0136135,3.0535529
2.55,3.0136135,2.6150498
2.5,2.928308,2.5359888
3.75,3.7456965,3.73
0.8,0.9770856,0.80456334
2.5,2.924918,2.542401
2.0,2.6452892,2.0271523
3.0,3.070063,2.9329426
3.5,3.5490468,3.489384
4.5,4.425317,4.4465513
3.25,3.5532196,3.2662144
0.8,0.9881656,0.80367726
3.75,3.7170246,3.7399502
3.0,3.2184556,2.9626615
3.0,3.0798316,2.9505835
4.5,4.3044686,4.4696574
0.8,0.9821762,0.80419654
3.0,3.2190437,2.9469981
3.0,3.2452433,2.931721
4.0,3.6944208,3.923318
2.55,3.0136135,2.6141763
2.5,2.9786613,2.542335
3.5,3.5516138,3.4818327
3.25,3.5838494,3.3162222
3.0,3.622458,3.0251803
3.0,3.0473368,2.931798
3.0,3.1008458,2.9727805
3.0,3.3828323,3.0574403
3.5,3.5564175,3.4971538
3.5,3.7816074,3.554123
3.0,3.069334,2.9727805
2.0,2.6496696,2.0271523
3.0,3.2815015,2.994233
3.0,3.106445,2.96353
2.0,2.6173778,2.0271523
3.75,3.7423437,3.726899
3.0,3.2883496,2.9959803
3.0,2.593549,2.7840366
3.0,3.5895967,3.021457
2.55,3.0136135,2.6178985
3.75,4.014226,3.7736754
0.8,0.96599495,0.80360067
0.8,0.96540654,0.80357826
3.0,3.2559433,2.9893107
2.5,2.991753,2.5099986
4.25,4.23013,4.18737
3.25,3.55721,3.319328
3.5,3.99279,3.5646405
3.0,3.483377,3.0584881
3.5,3.8420324,3.5674865
4.0,3.669083,3.921816
2.2,2.8451009,2.231433
4.75,4.494715,4.691741
10.95,10.081587,10.840151
4.5,4.398964,4.444223
3.0,3.079967,2.9548914
3.1,3.3173718,3.1015787
3.75,4.1128263,3.7804694
4.5,4.4078236,4.4412274
2.5,2.9534364,2.5418882
4.5,4.365918,4.446462
3.5,3.6241343,3.5570896
2.0,2.666504,2.0245647
3.5,3.6212442,3.4875283
3.0,3.4657896,3.0618005
2.45,2.951568,2.5145679
3.0,3.0965424,2.953593
3.75,4.3526525,3.8082995
3.75,3.7058387,3.6812046
3.0,2.5724587,2.744594
2.2,3.0706944,2.2381716
3.75,3.652069,3.7272754
3.5,3.5973518,3.5680969
2.5,3.2788777,2.5404794
3.0,3.0749907,2.9541297
3.0,3.5300796,3.0570476
2.5,3.059804,2.5637004
2.5,2.96318,2.5368733
15.0,18.970537,15.064218
3.25,3.5544517,3.263387
2.5,2.936182,2.5317326
4.75,4.506339,4.6883497
2.5,2.9338284,2.5369625
3.0,3.4383633,3.0579169
3.75,4.3336906,3.8099263
3.5,3.5522468,3.4764569
2.55,3.0136135,2.61665
2.5,2.930781,2.5367787
3.25,3.5498848,3.2631578
2.0,2.6506197,2.0245647
3.75,3.7533743,3.7296963
3.5,3.284215,3.472513
3.75,4.0398617,3.7490633
3.0,3.2763815,2.9893107
3.5,3.9795618,3.560497
2.2,2.8303246,2.231433
4.5,4.364276,4.4475646
2.2,3.09198,2.2381716
19.75,29.18729,20.127768
2.5,3.1874266,2.5389907
4.25,4.2367153,4.187941
4.25,4.1193247,4.1970277
3.0,2.5735273,2.8053532
3.0,3.2015615,2.9635885
2.5,2.933823,2.542401
3.0,3.1863973,2.964046
3.0,3.2706904,2.9901938
0.8,1.0019214,0.80516833
2.2,3.072878,2.240144
3.75,3.7457297,3.6823502
2.65,3.5529993,3.2411773
3.0,3.2881517,2.9959803
3.75,3.727495,3.7275884
3.1,3.0136135,3.0528817
18.0,18.658974,17.939476
3.75,3.7491686,3.7268345
3.0,3.3600972,2.9901938
3.0,3.4474049,3.0574403
3.5,3.547272,3.476441
2.45,2.9602897,2.5138807
22.5,21.03364,21.535553
0.8,0.97634166,0.80419654
3.0,3.092656,2.9560864
2.2,3.0665147,2.2381716
2.0,2.6846485,2.0245647
3.1,3.0136135,3.052874
2.5,3.0681834,2.5673585
2.5,2.992788,2.541612
3.0,3.154167,2.97099
2.5,3.2217152,2.5424986
3.0,3.1525679,2.97099
4.5,4.306448,4.4823728
3.1,3.4094062,3.1017992
3.5,3.58235,3.47096
3.0,3.1843684,2.9658747
0.8,0.99015874,0.80410784
4.75,4.4999275,4.6894064
3.75,4.305895,3.8068943
0.8,0.9875125,0.80410784
2.2,2.8541732,2.231974
2.0,2.6926963,2.0245647
3.0,3.0748959,2.953197
2.5,3.0198483,2.5108445
2.5,2.9996119,2.5564342
2.5,3.0817013,2.5582445
3.5,3.520149,3.443518
3.75,4.0658245,3.786021
3.0,3.2731142,2.9893107
3.5,3.61115,3.551445
22.5,20.440292,21.649948
3.25,3.5687487,3.3088436
3.5,3.6128042,3.5503297
2.55,3.0136135,2.615189
2.5,2.9037886,2.5325098
3.0,3.1755667,2.948241
3.5,3.556121,3.4800963
3.0,3.454487,3.0570476
3.0,3.084692,2.9622858
2.2,3.0848498,2.240144
3.5,3.644581,3.47096
2.5,2.927048,2.5368786
2.5,3.0866258,2.5588396
3.0,3.4366202,3.0621932
4.75,4.5042167,4.6894064
3.0,3.0563955,2.9741867
3.75,4.366252,3.8010693
3.75,4.0414724,3.7643864
3.0,3.613097,3.021457
3.0,3.1418307,2.9650517
3.5,3.840176,3.5655117
3.0,3.0693803,2.9727805
3.0,3.107051,2.954928
3.5,3.6243236,3.473054
9.5,9.799725,9.48397
4.5,4.2630777,4.468935
2.65,3.2876997,2.7660718
3.0,3.071971,2.9328873
2.0,2.671017,2.0217488
2.0,2.6485667,2.0218124
3.0,3.1491807,2.97099
3.0,3.069654,2.95404
3.25,3.584307,3.3019285
2.2,2.848731,2.231433
4.25,4.249739,4.187941
0.8,0.96806943,0.8041544
3.0,3.0728626,2.9324298
2.45,3.0036907,2.5130568
3.0,3.1488595,2.9703915
3.0,3.0379934,2.9550307
3.75,4.3330946,3.8095963
12.0,13.608003,12.023114
4.75,4.484227,4.69806
2.5,3.0612788,2.5677607
2.5,3.146288,2.5429568
2.5,2.940603,2.507822
2.5,2.9498167,2.5083966
3.75,3.7200892,3.735273
3.75,3.97056,3.7638538
3.0,3.0632381,2.9324298
2.5,2.9522357,2.542401
3.5,3.6331716,3.5640633
4.75,4.484536,4.685674
4.5,4.3480234,4.44559
13.33,11.312252,13.287939
0.8,0.94463444,0.80419654
2.2,2.7981899,2.2305055
3.0,3.2566285,2.9893107
3.25,3.5721772,3.3032386
2.2,3.088955,2.241374
3.0,3.0740473,2.932485
3.0,3.838779,3.0579169
3.25,3.519306,3.2805505
3.5,3.6142597,3.5577283
4.0,3.697692,3.9213
3.75,3.7259302,3.728822
2.5,2.9557686,2.537452
2.5,2.9367628,2.5367362
2.5,2.9592,2.5083966
3.0,3.320272,2.9901938
2.5,3.0010836,2.5092754
2.5,3.1249855,2.5424116
0.8,0.9795364,0.80516833
2.5,2.9771533,2.5083966
3.75,3.7584949,3.6828716
4.25,4.2290106,4.187941
4.75,4.5146813,4.692837
3.5,3.5862525,3.473054
4.0,3.6940293,3.9208813
3.75,4.0306845,3.767871
3.25,3.581907,3.3067389
2.5,3.031958,2.556811
2.55,3.0136135,2.6160197
0.8,0.97719336,0.8043709
2.2,3.0785127,2.2381716
0.8,0.9878424,0.7977999
0.8,0.968755,0.80360067
2.5,3.1839468,2.5364609
2.5,3.0034971,2.5553093
3.0,3.2299287,2.9632118
2.5,2.9264185,2.5099986
15.0,19.128778,15.070041
2.5,2.9595537,2.5099986
3.0,3.4399939,3.0570476
2.5,3.0894315,2.5613217
3.0,3.0782413,2.9324865
4.75,4.513279,4.691645
3.0,3.1463187,2.9709263
3.0,3.2363243,2.994233
3.5,3.657981,3.473054
2.5,2.9384813,2.5380707
2.5,3.0799088,2.562395
2.5,2.988309,2.55614
3.75,4.0623913,3.780946
2.5,2.943736,2.537452
3.75,3.6965091,3.6812046
3.75,4.017604,3.7804365
3.75,3.7992256,3.7632315
2.5,3.1394594,2.540562
3.5,4.073948,3.5664916
3.0,3.504216,3.0621932
3.0,3.272445,2.9612732
3.5,3.7549303,3.5637162
3.75,4.055037,3.7815173
3.0,3.0653236,2.9328873
4.69,4.0429945,3.7698658
3.75,4.074362,3.786021
3.5,3.6011055,3.473054
3.75,4.038604,3.7525682
3.0,3.2233477,2.9477835
3.0,2.603138,2.8793342
3.25,3.5467513,3.2626033
3.0,3.2247581,2.9477835
4.5,3.8244884,4.432523
3.0,2.5644946,2.9370298
4.25,4.1180954,4.1964564
2.5,2.899625,2.5432606
4.0,3.6903112,3.922291
3.1,3.0136135,3.0528817
4.25,4.104106,4.2010407
3.25,3.559823,3.263387
3.75,3.6860225,3.7628388
28.0,28.355982,28.014673
3.5,3.6201758,3.4829278
2.55,3.0136135,2.614673
2.5,3.0750623,2.567816
3.0,3.5655303,3.0236044
4.5,4.356327,4.444333
3.0,3.0606415,2.9536498
2.0,2.6360898,2.0259223
3.0,3.1169047,2.9629076
2.2,3.082613,2.241374
3.0,3.0782373,2.9530764
4.5,4.4406137,4.446792
3.0,2.5876946,2.8150208
3.25,3.556207,3.2649367
3.5,3.60087,3.5545945
3.0,3.1054993,2.9521203
3.0,3.2493796,2.9477835
4.25,4.187125,4.1972327
20.45,17.774,20.35365
3.75,4.0154095,3.7529285
3.25,3.5459254,3.2646646
2.0,2.6533656,2.0245647
0.8,0.95656276,0.80360067
3.0,3.2553177,2.9477835
3.25,3.5533757,3.260434
3.5,3.5735176,3.4829626
2.5,3.1174433,2.5410001
3.0,3.1650252,2.97099
2.5,3.127416,2.5409389
2.5,2.9834251,2.5099986
28.0,28.305052,27.948795
2.55,3.0136135,2.6160078
2.2,3.0676336,2.240144
3.75,4.108933,3.7804694
3.0,3.2399046,2.962551
2.55,3.0136135,2.615566
3.0,3.2126932,2.9459417
3.5,3.6500719,3.472513
3.75,4.0691833,3.786021
3.1,3.0136135,3.0535529
4.5,4.3508987,4.4681973
3.75,4.3947287,3.8095963
3.0,2.5989983,2.5615263
3.0,3.1756306,2.94497
3.1,3.0136135,3.0524557
4.5,4.228406,4.4694266
2.5,2.9719148,2.536724
2.5,3.0708103,2.5589988
2.5,2.9195194,2.5083966
3.75,3.7125027,3.7286203
3.0,3.3269024,2.994233
2.2,3.0752435,2.241374
2.5,3.186779,2.5373583
3.5,3.5984533,3.4461205
3.5,3.5688503,3.472513
2.5,3.0346262,2.5547931
2.5,3.1745555,2.5429568
2.5,3.018909,2.5099986
14.0,13.908226,14.178458
3.0,3.369152,3.0584881
2.5,2.9327881,2.5364463
4.25,4.235236,4.18737
3.5,3.657703,3.47096
3.0,3.1869879,2.9626942
3.0,2.6222277,2.86691
2.5,2.9293466,2.507822
3.5,4.023612,3.566704
3.0,3.5741072,3.0251803
3.1,3.0136135,3.0528817
12.0,13.76992,12.354587
2.5,2.9669511,2.5083568
3.0,3.2545266,2.994233
3.0,3.0655634,2.9727805
2.2,3.0721037,2.2381716
3.0,3.3619435,3.0579169
2.5,3.076441,2.5673585
3.0,3.3868942,3.0570476
2.0,2.6732392,2.0218124
4.25,4.280391,4.1864996
2.0,2.6175313,2.0259223
3.75,3.7048733,3.7283287
3.5,3.8457396,3.5674865
2.5,2.9263308,2.5083966
3.0,3.1410737,2.97099
3.0,3.0885758,2.9537556
4.5,4.34717,4.471984
4.0,3.7015135,3.9213
3.25,3.543658,3.2439954
4.25,4.2663546,4.1864996
3.0,3.4646592,3.0618005
3.75,3.7481043,3.731503
4.25,4.1266203,4.1970277
3.0,3.1593523,2.97099
0.8,0.9683849,0.7996468
4.75,4.4697886,4.6885056
3.5,3.5667613,3.4828093
2.5,3.0721626,2.5595608
2.2,2.8536425,2.231433
3.75,4.0637164,3.7864137
0.8,0.9747896,0.8041432
3.75,4.015609,3.7508194
3.0,3.2745738,2.9959803
2.5,2.9533975,2.5108445
3.5,3.5708072,3.442486
4.25,4.0697737,4.2010407
3.5,3.6220777,3.556226
4.75,4.5667233,4.688189
4.25,4.216626,4.1976256
3.0,3.1873534,2.9635885
3.0,3.0883818,2.9556315
3.0,3.2731416,2.9907348
2.45,2.9426994,2.5138807
2.2,3.0972447,2.241374
3.75,3.7300029,3.7628388
2.0,2.675872,2.0217488
3.0,3.2220106,2.9966562
3.0,4.1717825,3.024313
3.75,3.7231321,3.6820154
2.5,2.952352,2.5108445
3.25,3.5540283,3.262532
3.0,2.5851765,2.7235065
4.75,4.595639,4.6899986
2.55,3.0136135,2.6170678
0.8,0.983165,0.80033386
3.5,3.621392,3.557042
2.5,3.075375,2.5607808
3.0,3.0871215,2.9545846
4.25,4.313142,4.1868925
3.5,3.5622566,3.4842184
4.25,4.120309,4.200648
4.0,3.6402605,3.9202218
3.75,3.7750826,3.6820314
3.75,3.7929869,3.7732828
2.5,3.0641935,2.5604546
3.0,3.077053,2.9338021
3.0,3.269191,2.96231
3.0,3.0754933,2.9727805
2.5,3.0603013,2.5641026
3.0,3.0706372,2.956324
3.0,3.0782495,2.952473
4.0,3.6510277,3.921816
3.75,3.9220903,3.7638538
3.75,4.0079527,3.7510302
3.75,4.078639,3.7795734
2.0,2.6466577,2.0271523
3.0,3.0720706,2.9727805
2.5,2.9464166,2.5355287
4.0,3.630457,3.921816
3.25,3.6100173,3.3086736
2.5,2.9663792,2.5347404
3.75,3.7642596,3.7175088
3.75,4.387862,3.8095963
3.1,3.3939288,3.1018622
2.0,2.6146765,2.0259223
3.5,3.8297412,3.5656016
3.25,3.5824656,3.306001
2.5,3.132874,2.5450222
2.45,2.9595013,2.5137906
2.5,3.068489,2.5613842
2.0,2.6643238,2.0217488
2.5,3.0767593,2.567816
2.5,2.9804988,2.5092754
2.5,3.085345,2.559694
2.5,3.0413766,2.5556526
2.0,2.6526227,2.021214
3.0,3.4135473,3.0584881
3.75,4.2974844,3.8047874
4.25,4.278392,4.1864996
3.0,3.1347098,2.9624617
2.5,2.96034,2.537452
3.0,3.093976,2.9526517
4.25,4.2786694,4.1864996
3.75,3.7601194,3.6820943
3.0,3.1938837,2.964046
15.0,18.993002,15.087329
2.5,3.0700433,2.567816
2.55,3.0136135,2.615111
4.5,4.4200234,4.446558
2.5,2.9137678,2.5337565
3.5,3.576223,3.4448903
2.5,2.9248807,2.5356505
3.5,3.595153,3.472513
3.0,2.6203833,2.8252397
2.5,2.9768255,2.5092754
2.5,2.923736,2.5359888
3.75,3.7079527,3.7255409
2.65,3.5505078,3.2055871
2.5,2.921915,2.5371196
2.5,3.0734847,2.5665123
2.2,2.8516827,2.231433
4.5,4.3648186,4.445165
3.0,3.0702333,2.9328873
3.5,3.6043286,3.5636642
3.0,3.080864,2.9622858
4.5,4.443556,4.45047
3.0,3.2293959,2.9481857
2.0,2.6646528,2.0271523
4.75,4.520159,4.6854167
4.5,4.2069435,4.475907
3.25,3.5244448,3.204178
3.0,3.2380793,2.962551
4.5,4.2182527,4.5006723
10.0,11.3647995,10.025669
4.25,4.105941,4.1964564
2.5,3.0681372,2.5673032
2.1,2.5864575,2.6560707
3.0,3.1515658,2.97099
3.75,3.694541,3.6812046
2.5,3.0667377,2.564158
3.75,3.725406,3.6814005
4.75,4.5529766,4.691735
2.5,3.071125,2.5677607
3.5,3.8340652,3.5655117
3.5,3.6415217,3.5554237
3.0,3.2007406,2.948241
2.55,3.0136135,2.615111
4.5,4.284379,4.469659
2.5,2.9643419,2.5083568
2.5,3.0765548,2.5615857
2.5,2.9175282,2.53586
0.8,0.9997522,0.80410784
4.5,4.446978,4.446558
2.5,3.119958,2.5437875
3.0,3.2413049,2.9966562
2.0,2.6629894,2.0271523
3.5,3.2966647,3.473054
4.75,4.552415,4.691741
3.5,3.6087406,3.5691035
4.5,4.356847,4.456781
2.5,2.9837651,2.5423458
3.0,3.0750642,2.9568315
3.75,3.7141807,3.6803768
3.0,3.6054606,3.0251803
2.45,2.999827,2.5138807
0.8,0.97954404,0.80426544
4.5,4.2591352,4.4570165
2.5,2.9835258,2.5567331
2.5,3.07056,2.5671308
2.5,3.073632,2.5677607
2.5,2.9445496,2.5363948
2.5,3.1769767,2.543806
2.5,3.0808654,2.559596
2.5,2.9325902,2.5371797
3.0,3.2034085,2.9635885
3.0,3.1674771,2.9658747
3.0,3.2554324,2.9959803
3.0,3.1713326,2.964046
3.75,3.7270076,3.6820154
3.75,4.0573616,3.7638538
2.5,3.0281324,2.5547931
2.5,3.1321025,2.547347
3.75,3.900892,3.7632825
2.5,2.9329126,2.5331752
3.5,3.6167471,3.5735326
2.5,3.1665742,2.547347
2.5,2.971168,2.5108445
3.75,3.98966,3.76569
3.0,3.1771984,2.9633608
3.25,3.579457,3.30751
3.75,4.3363576,3.8079295
3.5,3.9379742,3.5645506
3.75,3.9846196,3.7732828
12.0,13.055622,12.055342
2.5,3.078606,2.567816
3.0,3.067401,2.9329426
2.45,2.940971,2.5134223
3.75,4.104293,3.7804694
12.0,16.705511,14.275166
3.5,3.5876973,3.472513
4.75,4.586974,4.691645
2.5,3.0485163,2.5673585
3.0,3.2641933,2.9893107
0.8,0.97098327,0.80443877
2.5,2.9651175,2.5368733
3.75,3.740586,3.7347364
3.75,4.315217,3.8095963
3.0,3.4414582,3.0584881
4.0,3.7458894,3.9226468
3.75,3.7489645,3.731118
3.75,3.7172449,3.680839
2.5,2.93646,2.507822
4.5,4.2990265,4.445348
2.45,2.936025,2.5138807
2.55,3.0136135,2.617805
3.25,3.5148153,3.2071311
3.0,3.162541,2.97099
2.5,3.165757,2.5429568
0.8,0.9925873,0.80410784
3.5,3.5740335,3.4461205
2.5,3.211817,2.5421958
3.75,3.728521,3.726462
4.5,4.336089,4.4681973
2.45,2.9401078,2.5134223
0.8,0.96566397,0.8041432
3.0,3.2490823,2.9907348
3.75,3.730467,3.681663
3.75,3.7077587,3.7316384
4.5,4.3946476,4.4393845
4.5,4.2913404,4.4685717
3.0,3.109805,2.9541297
3.0,3.1426165,2.9703915
4.25,4.064356,4.195586
3.1,3.3750677,3.100807
2.45,2.9595776,2.5130568
3.5,3.550584,3.4875214
2.5,3.022059,2.5556161
3.0,3.0667381,2.9329426
4.5,4.365945,4.4465513
2.5,2.93374,2.5382302
2.0,2.6644452,2.0218124
2.5,3.1480863,2.5455287
3.5,3.607381,3.4448903
3.0,2.6246443,2.8965216
3.0,3.2262065,2.994233
3.75,4.069195,3.786021
2.5,3.0780587,2.5673585
2.55,3.0136135,2.6170678
3.75,3.8007033,3.7632315
3.0,3.151282,2.960775
3.0,3.072437,2.9316998
3.0,3.320823,2.994233
3.0,3.2565372,2.9901938
2.0,2.670051,2.020355
2.5,3.0800674,2.5625768
3.75,3.9717557,3.7736754
4.0,3.711355,3.924141
4.5,4.380042,4.457421
2.2,2.826091,2.231433
7.6,7.8256845,7.5848413
3.5,3.5852284,3.442486
10.0,10.745119,10.021468
2.2,2.8140159,2.231974
3.5,4.0111113,3.5656016
3.0,3.158847,2.97099
2.5,2.9486694,2.542401
4.0,3.6629102,3.923318
3.5,3.7702453,3.5658417
0.8,0.9752716,0.8035693
3.75,4.0468197,3.771257
2.5,2.9121099,2.534214
3.75,4.102681,3.7800767
2.5,3.0824776,2.561606
3.1,3.0136135,3.0556183
2.5,2.9424539,2.542401
3.25,3.5906203,3.3082511
3.0,3.2689059,2.96346
2.5,2.9615579,2.542401
3.0,3.0761337,2.9545846
3.5,3.5516977,3.485036
3.0,3.3605607,3.0579169
4.25,4.2406354,4.18737
3.5,3.6112309,3.4448903
3.0,3.0723846,2.950421
3.0,3.1787362,2.9649055
3.25,3.538553,3.2691221
2.5,2.96059,2.5386724
2.5,2.9199295,2.5372832
3.75,3.7056515,3.6812046
2.0,2.6909661,2.021214
3.75,4.4305105,3.7898247
3.75,3.705393,3.7278855
3.5,3.5761662,3.4715009
2.0,2.6730227,2.0271523
4.75,4.522891,4.691645
2.5,2.9064198,2.5361927
2.5,3.0792882,2.562395
2.1,2.5667186,2.4251714
3.0,3.0728765,2.9754167
2.5,2.9490807,2.5419436
2.5,3.011767,2.5563562
3.5,3.5980995,3.4913094
4.25,4.2317677,4.1976256
3.5,3.6316109,3.5536098
4.5,4.3182354,4.4753304
3.75,4.0741224,3.7732828
3.25,3.502178,3.2634864
4.5,4.4224377,4.448711
3.0,3.077436,2.9754167
2.5,2.9836648,2.55614
4.5,4.4037943,4.445501
4.5,4.413268,4.446462
3.5,3.6257384,3.5534084
3.0,3.1331265,2.9623463
2.5,3.0716457,2.5673585
4.0,3.7166924,3.9221594
4.25,4.1248035,4.200648
3.5,3.571503,3.4962895
3.75,4.327071,3.803619
3.0,3.148343,2.97099
3.1,3.0136135,3.0535529
3.0,3.2871518,2.9901938
2.5,2.9739003,2.5092754
3.1,3.4484715,3.1017678
2.0,2.6543791,2.0217488
2.5,2.9558856,2.542401
3.75,3.7331202,3.6808012
0.8,0.96493495,0.80357826
4.25,4.2152863,4.1972327
3.75,4.292601,3.806457
3.75,3.7118638,3.7261784
3.25,3.580976,3.311873
3.0,3.0790029,2.9741867
3.0,3.2738667,2.9901938
0.8,0.98214394,0.8043188
2.2,3.0663595,2.240144
3.0,3.119853,2.9618473
0.8,0.98643327,0.80516833
2.5,3.068127,2.567816
3.0,3.0834908,2.9754167
4.5,4.4452467,4.440555
3.75,4.354843,3.8082995
2.0,2.6571364,2.021214
3.75,4.3462934,3.80795
2.5,2.9456856,2.5372694
3.75,4.0881376,3.7804694
4.5,4.244516,4.4726667
3.0,3.1307387,2.962064
3.0,3.0888522,2.9582727
3.5,3.6024413,3.4461205
2.5,3.0846634,2.5594711
4.5,4.3285866,4.4352994
2.2,2.8187702,2.231974
2.45,2.962832,2.5121844
3.0,3.1610773,2.9709263
2.5,3.0617392,2.5677607
2.0,2.6314437,2.0259223
3.1,3.0136135,3.0529106
3.5,3.582997,3.4826124
4.5,4.3756,4.4404845
3.75,3.7763865,3.6828716
3.5,3.5607579,3.442486
2.1,2.5809748,2.7453532
4.25,4.0674744,4.195586
0.8,0.9742516,0.7974312
3.0,3.2044406,2.9469981
3.0,3.088399,2.9540033
3.0,3.5761096,3.0236044
3.0,3.248684,2.9898517
10.0,10.1633,10.00762
3.75,3.7933633,3.7299316
2.5,3.064626,2.561378
3.0,3.1923342,2.9645941
2.5,2.9567873,2.542401
3.5,3.5783737,3.472513
2.5,2.9442027,2.537452
3.0,3.2558522,2.994233
3.75,4.3108807,3.8095963
4.25,4.062171,4.195979
3.0,3.1072035,2.9494998
3.0,3.3500903,2.9901938
2.2,2.8594773,2.231433
3.0,3.616096,3.0571156
4.5,4.221672,4.4984713
2.5,3.0726328,2.567816
3.5,3.6447513,3.4461205
4.75,4.485684,4.690684
3.0,2.5934942,2.7154295
3.75,4.0052795,3.7668521
2.55,3.0136135,2.6150498
2.5,3.0260744,2.556331
3.0,3.078541,2.9536915
2.5,2.939537,2.5414615
3.0,3.1877139,2.947785
3.5,3.604921,3.4838786
4.25,4.1141596,4.2010407
3.0,3.2692587,2.9615664
4.25,4.110484,4.2010407
3.75,3.7649584,3.6811106
2.5,2.998273,2.5092754
3.0,2.5939438,2.5487382
2.5,3.1191235,2.5410001
3.75,3.7172134,3.7289708
3.1,3.4131489,3.1012104
3.75,4.0631304,3.780946
3.75,3.7056987,3.6812046
3.75,4.042049,3.7553334
4.5,4.4295416,4.446462
3.75,3.6956427,3.7302659
3.25,3.5427628,3.2688982
3.0,3.0768807,2.972814
3.1,3.4138637,3.1012104
2.0,2.6490722,2.0245647
3.25,3.5213416,3.206442
3.75,4.060383,3.7864137
3.1,3.0136135,3.052051
3.0,3.3475397,2.994233
3.5,3.547808,3.442486
3.0,3.0874836,2.9543345
3.5,3.6052372,3.485037
3.0,3.2794714,2.9901938
3.1,3.322544,3.102356
3.1,3.43266,3.1004696
3.5,3.549375,3.4802175
2.2,3.1002047,2.2381716
3.0,3.2858233,2.9893107
3.75,4.065979,3.780946
2.2,2.862885,2.231974
8.95,9.415316,8.949075
3.0,3.118756,2.9550595
3.75,3.739487,3.7299254
2.5,2.958658,2.5418882
3.5,3.5863836,3.4821634
4.0,3.61927,3.9226391
3.0,3.1638892,2.9633608
2.45,2.904574,2.5134223
2.5,3.1090908,2.541455
2.0,2.685065,2.0271523
3.0,3.0778909,2.954064
3.0,3.3018994,2.9898517
2.5,3.0661938,2.5673585
0.8,0.97989345,0.8054236
3.0,3.1799693,2.9481857
3.75,3.710218,3.7268891
2.5,2.9533305,2.5418882
15.0,19.04336,15.151439
0.8,0.98617685,0.800119
4.5,4.3800173,4.446462
2.45,2.9510407,2.5137906
3.0,3.0748734,2.9328873
3.1,3.3867023,3.1016688
3.0,3.061526,2.9318
3.5,3.8642745,3.5616653
2.5,3.144119,2.54258
4.5,4.411106,4.446462
2.5,2.9278452,2.5369945
3.75,4.0213203,3.7535968
2.5,2.9809077,2.5099986
3.5,3.6286285,3.5495248
4.0,3.703207,3.9247417
2.5,2.9850583,2.507822
2.2,2.9103649,2.231974
3.1,3.0136135,3.0552924
3.25,3.584263,3.4330568
2.2,2.8633652,2.231974
3.5,3.5826547,3.5551558
3.0,3.1466002,2.9703915
3.0,3.0829043,2.9741867
2.5,2.945786,2.5365336
18.0,18.621851,17.977873
3.0,3.239788,2.994233
3.5,3.6092465,3.4448903
3.0,3.0589454,2.9741867
3.0,3.0741322,2.9317446
3.75,4.3054743,3.8082995
3.75,4.0653467,3.786021
4.0,3.6905894,3.922863
3.1,3.0136135,3.0535529
4.25,4.2098722,4.187941
3.0,3.2064838,2.964869
3.75,3.9842935,3.7638538
3.75,4.0367904,3.7514062
3.75,3.7526464,3.7399135
2.5,3.0209107,2.5547931
3.25,3.551699,3.263387
2.5,2.939714,2.5364463
3.75,4.042721,3.7681966
2.5,3.0158088,2.5569918
3.75,3.7173421,3.7299101
2.5,3.0918446,2.560322
3.25,3.553695,3.262532
2.5,2.942408,2.5378804
3.25,3.5578196,3.32221
3.0,2.6335137,2.7886536
3.75,4.0174627,3.7655659
3.75,3.7170136,3.726365
2.5,3.024818,2.5547931
3.0,3.2388642,2.9587371
3.5,3.3637066,3.4755816
3.75,3.7151165,3.72583
2.0,2.64229,2.0271523
0.8,0.9792405,0.79785264
3.75,3.7390282,3.728849
0.8,0.98908997,0.8037248
3.75,3.7294312,3.7329943
0.8,0.9990696,0.8037572
2.5,2.9664092,2.5092754
3.25,3.5516934,3.2646646
0.8,0.98352,0.80088043
3.5,3.5618196,3.478075
3.0,3.1424627,2.97099
2.5,2.9490957,2.542401
2.5,2.9406486,2.5382915
3.1,3.3656342,3.1016688
4.5,4.3800497,4.497816
4.25,4.0618467,4.195979
3.75,4.314172,3.80575
3.75,3.6778643,3.7628388
3.0,3.0781689,2.9727805
3.0,2.621137,2.9016554
2.0,2.6444027,2.0245647
3.5,4.340962,3.5651715
3.5,3.6120756,3.4805954
3.75,3.7333772,3.678536
2.2,2.9789472,2.231433
3.0,3.292282,2.9959803
2.5,3.1649675,2.5450222
4.0,3.6655238,3.923318
3.0,3.0971758,2.9605968
3.5,3.9779527,3.5655117
3.75,4.017215,3.7508194
2.0,2.6591585,2.0217488
3.1,3.5372822,3.100354
2.0,2.6943088,2.0218124
3.75,4.347098,3.8096862
3.0,3.3312352,2.966253
3.0,3.0744908,2.9329426
3.0,3.2611585,2.9893107
3.0,3.1710126,2.9586504
2.5,2.9500947,2.542401
3.1,3.0136135,3.0535529
3.0,3.0685813,2.9328873
3.25,3.5792124,3.3313746
3.5,3.5448794,3.478294
2.5,2.9489124,2.5420792
4.5,4.290714,4.4680605
3.5,3.6167004,3.472513
2.5,3.0732071,2.5594387
3.5,3.5427375,3.442486
3.75,3.711732,3.7265925
3.0,3.0797563,2.9541297
3.0,3.6055143,3.0236044
3.0,3.1620765,2.97099
4.25,4.065943,4.195586
4.0,3.7243533,3.922486
3.1,3.354365,3.1015787
3.0,3.0667634,2.9324298
0.8,0.9931865,0.8041432
3.75,3.76142,3.6820943
0.8,0.97171164,0.80001175
3.0,3.2133427,2.9618137
3.75,4.354288,3.8082995
2.5,2.985094,2.5108445
4.5,4.228406,4.4694266
2.5,2.9620197,2.507822
3.0,3.1590636,2.9703915
3.75,3.717441,3.6812046
0.8,0.9834617,0.80103374
3.5,3.7789314,3.5655117
0.8,0.99016,0.80456334
2.5,3.0970936,2.579422
3.75,3.7499962,3.7285452
3.1,3.0136135,3.052526
3.1,3.418059,3.101665
2.0,2.6563976,2.021214
3.5,3.555649,3.4799922
2.5,2.9724522,2.5092754
2.5,2.9557471,2.5108445
2.45,2.914873,2.514249
2.5,3.1354084,2.5409389
3.0,3.0775313,2.9333446
4.5,4.3159065,4.4681973
3.75,4.1897125,3.7732828
2.2,3.0881987,2.241374
3.0,3.23994,2.9614174
3.0,3.085538,2.9596536
3.0,3.0690932,2.9521656
3.25,3.5529583,3.236886
2.5,2.6556158,2.5083966
3.75,3.7655756,3.6823502
2.5,2.9478707,2.5381515
2.5,3.082233,2.5646791
3.5,3.8322396,3.5643308
3.75,4.0544834,3.7864137
3.75,4.0694523,3.786021
2.45,2.922536,2.5133283
4.75,4.566679,4.691645
4.25,4.234606,4.187941
2.5,3.0857916,2.5613968
3.1,3.0136135,3.0508027
3.5,3.5775807,3.472513
3.75,3.7560594,3.7288644
0.8,0.9936501,0.8042575
3.0,3.300235,2.9907348
3.0,3.3713336,3.0584881
2.5,2.927102,2.5353036
2.2,3.0440664,2.240144
2.2,2.8204849,2.2299645
4.75,4.509409,4.6927476
2.5,2.9379644,2.537452
3.0,2.5828836,2.6299655
3.25,3.5556283,3.3112957
3.0,3.4649127,3.0570476
4.0,3.659921,3.921816
3.0,3.2904341,2.9893107
3.5,3.610687,3.4944081
3.75,3.775326,3.7273366
3.25,3.0485113,3.2384908
2.5,3.0625849,2.567816
3.0,3.091469,2.9560864
2.5,2.939412,2.5364463
3.0,3.0811532,2.9512882
3.0,2.568837,2.7538414
3.0,3.6070616,3.02466
2.5,2.9080033,2.5359888
0.8,0.99094963,0.8037572
2.65,3.4985867,3.1955426
2.55,3.0136135,2.6163967
3.5,3.7914832,3.5655117
3.0,3.093005,2.9548914
2.5,2.935755,2.538275
3.0,3.0795681,2.932485
2.2,3.11238,2.236799
3.0,3.080172,2.9754167
4.5,4.365646,4.445165
2.5,2.9307435,2.5359888
2.55,3.0136135,2.6159267
3.0,3.0709407,2.962064
2.0,2.6224065,2.0271523
14.0,13.777064,13.936654
2.5,3.036421,2.5083568
3.0,3.0986392,2.9540684
3.5,3.5881078,3.473054
3.75,3.746332,3.7339985
2.5,3.0752273,2.5615547
4.0,3.7400224,3.9241486
2.5,2.9025168,2.5083966
2.5,2.9271328,2.5083966
4.75,4.5303173,4.690684
3.75,3.720209,3.6812046
2.5,2.9288003,2.537585
2.5,3.0651648,2.5677607
2.2,2.835456,2.2299645
4.75,4.5031714,4.684519
3.25,3.5586195,3.2646646
3.5,3.6115572,3.5632436
2.5,2.995147,2.5407007
0.8,0.98149157,0.96683437
2.5,2.9954154,2.5564528
3.0,3.4017887,3.0621932
2.2,3.0701382,2.2381716
2.2,3.072012,2.240144
2.2,3.079262,2.241374
2.45,2.9416432,2.514249
3.1,3.0136135,3.054376
4.5,4.4360447,4.4397483
3.75,3.9633615,3.7736754
2.2,2.8247542,2.231974
3.0,3.084051,2.9528768
3.0,3.5670216,3.0236044
2.2,2.8715982,2.231433
3.5,3.8538487,3.557559
2.0,2.627901,2.0245647
2.5,3.0310664,2.5547931
4.75,4.5662374,4.690684
3.75,4.0725937,3.786021
3.5,3.5925508,3.472513
0.8,0.9901515,0.79988766
3.75,4.0657845,3.7815173
2.2,2.8319573,2.231974
4.5,4.3273144,4.4383016
2.5,3.082326,2.5670755
3.0,3.0689168,2.9328873
3.75,3.695691,3.6812046
0.8,0.9764844,0.8011166
2.2,3.0840445,2.240144
2.5,2.9095314,2.535037
4.5,4.2773714,4.4839354
2.2,3.0812616,2.240144
3.0,3.2042,2.9959803
3.75,3.8981261,3.7638538
3.5,3.5938919,3.4461205
0.8,0.9955461,0.8041432
3.5,3.6506732,3.47096
3.75,4.322316,3.8099263
2.0,2.677129,2.0217488
2.2,2.8608923,2.231974
3.1,3.0136135,3.0526783
2.5,2.9467525,2.5108445
2.0,2.6574507,2.021214
2.0,2.673584,2.021214
2.0,2.6233687,2.0259223
3.0,3.695223,3.02466
3.0,3.1699479,2.9491005
4.25,4.0636597,4.195979
2.5,3.0141335,2.556811
2.5,3.035518,2.5503151
2.5,3.1626663,2.5431478
2.5,3.0768313,2.5612073
28.0,27.509636,27.993525
4.5,4.3736115,4.4437222
4.25,4.281553,4.1864996
3.0,3.0682883,2.9549925
4.75,4.515819,4.691975
3.0,3.2050853,2.962605
3.75,4.064092,3.780946
3.0,3.0657613,2.9329426
3.0,3.72017,3.0251803
4.25,4.245035,4.18737
2.5,2.9385052,2.5367362
3.5,3.5785894,3.473054
4.5,4.38879,4.441659
3.0,3.0632417,2.9727805
3.0,3.1497755,2.97099
3.0,3.159285,2.97099
2.5,3.072414,2.564158
3.75,4.047035,3.7520611
3.5,3.9630258,3.5645506
2.45,2.952142,2.5133283
3.0,3.261519,2.9901938
0.8,0.98226357,0.7976651
3.75,4.0189056,3.7663486
3.5,3.6190526,3.4958131
3.5,3.8641663,3.5655117
3.0,3.0714645,2.9548914
2.0,2.6737442,2.0218124
3.5,3.628026,3.4461205
3.75,3.7164195,3.6820154
3.5,3.5966737,3.5560038
3.75,3.6988223,3.7632315
3.0,3.2095592,2.9477835
2.5,3.0824382,2.5593395
4.5,4.354094,4.4465513
12.0,13.347801,12.0624695
2.45,2.9556637,2.5134223
2.0,2.6278615,2.0271523
2.45,2.9520807,2.514312
3.0,3.0587833,2.9550307
2.5,2.9391346,2.5108445
3.5,3.6492584,3.472513
3.0,3.064245,2.9328873
3.75,3.728517,3.727655
2.5,2.968382,2.5373058
2.5,3.0679505,2.5677607
2.5,2.9148362,2.5353036
3.0,3.469651,3.0570476
2.5,3.0280213,2.5561323
2.55,3.0136135,2.6150498
2.5,2.9564009,2.5099986
3.5,3.616381,3.5526316
3.0,3.189237,2.9579828
2.0,2.6680672,2.0218124
3.1,3.3239121,3.1020334
3.5,3.5977492,3.4800463
4.0,3.691291,3.9216146
14.0,13.829374,14.795548
3.0,3.0710516,2.9754167
3.25,3.567579,3.305226
3.75,3.6842198,3.6812046
2.5,2.976735,2.5099986
3.5,3.5890257,3.47096
2.5,2.979435,2.5588765
3.1,3.320692,3.1018782
3.25,3.5938246,3.3040655
3.1,3.3222427,3.1015787
0.8,0.96836764,0.8037249
4.75,4.513546,4.694224
3.0,3.217637,2.9634318
3.0,3.0783892,2.9338021
4.75,4.474416,4.691735
3.75,3.7286003,3.736293
0.8,0.9719722,0.80117387
3.75,3.79329,3.7628388
3.0,3.2706804,2.9907348
2.0,2.7049217,2.0218124
4.5,4.383476,4.441412
2.5,2.925935,2.507822
3.75,4.053385,3.780946
3.75,3.7234159,3.680839
3.5,3.5508263,3.4864435
2.5,2.959831,2.5099986
4.5,4.3613596,4.447654
2.2,2.7940977,2.2299645
3.0,3.218936,2.9959803
3.0,3.0815377,2.9545846
2.45,2.936135,2.5138807
3.5,3.519937,3.442486
3.75,3.7816298,3.7227135
3.1,3.4153004,3.10041
3.0,3.2104404,2.960722
3.25,3.556998,3.2646646
2.5,3.00206,2.5092754
0.8,0.9723302,0.80405474
3.75,3.7486172,3.7628388
4.5,4.4113784,4.446462
3.0,3.4996555,3.0618005
0.8,0.998685,0.80412304
3.5,3.549113,3.4774501
0.8,0.98872745,0.80369353
4.5,4.3996286,4.4426136
3.5,3.5642135,3.4781134
3.5,3.639315,3.4461205
3.5,3.6048272,3.4825487
2.0,2.6437647,2.0259223
18.0,20.74132,18.118124
4.5,4.445491,4.44409
0.8,1.0011473,0.8042575
2.5,2.9348369,2.5383646
3.1,3.314196,3.1011126
4.0,3.6898668,3.9228203
2.5,3.0708,2.5585055
3.0,3.0751035,2.9545846
2.0,2.7226605,2.0218124
2.5,2.9542494,2.5411527
0.8,0.98519003,0.80516833
4.25,4.072816,4.195586
3.75,4.1036854,3.7804694
3.1,3.0136135,3.053176
3.5,3.654817,3.472513
3.75,3.7853248,3.6820314
3.75,3.770713,3.6828716
3.5,3.5963066,3.551152
2.5,2.9599576,2.5419436
3.0,3.15441,2.9703915
0.8,0.9761642,0.80368495
3.25,3.6162636,3.3159735
3.0,2.6366937,2.577687
2.2,2.7970629,2.2299645
2.2,3.0920467,2.241374
3.0,3.0946352,2.9554152
2.5,2.983849,2.5108445
3.0,3.1841118,2.947785
4.0,3.7506733,3.9226468
2.5,3.0621107,2.5673032
3.5,3.5489109,3.4799879
3.0,3.082636,2.9540675
4.0,3.60495,3.921816
3.5,3.5750809,3.4448903
2.0,2.6461518,2.0245647
2.5,3.0593925,2.5677607
3.5,3.6288302,3.47096
3.5,3.5729382,3.4949305
2.5,2.9657035,2.5083966
12.0,13.951235,12.761546
3.25,3.5711615,3.3089774
2.45,2.9623916,2.5136971
4.25,4.2153993,4.18737
4.5,4.401488,4.446462
3.75,3.7434323,3.7249866
2.0,2.6328366,2.0271523
3.0,3.0668612,2.9516792
2.55,3.0136135,2.6169899
2.5,3.144353,2.5422857
3.5,3.5915344,3.4461205
3.0,2.5970235,2.8891509
3.75,3.9640696,3.7632825
2.5,3.0762024,2.565025
2.5,2.9560113,2.5423458
3.25,3.551132,3.263387
4.25,4.2181864,4.1976256
3.5,3.6292007,3.559087
2.2,2.8627656,2.231974
3.0,3.250702,2.9959803
0.8,0.97953975,0.8035693
3.75,3.7593343,3.7414954
4.5,4.3587236,4.4681973
3.0,3.078792,2.9727805
3.5,3.914169,3.5616639
3.1,3.0136135,3.051535
3.75,3.7548254,3.7288764
3.1,3.3847733,3.1012104
2.5,2.9615579,2.542401
3.0,3.6537669,3.0251803
3.75,3.731394,3.7400496
0.8,1.0013297,0.8041432
3.0,3.1707618,2.97099
3.75,4.127157,3.7732828
2.5,2.962963,2.5071583
4.75,4.51223,4.6840262
4.5,4.2968016,4.468581
3.0,3.1916306,2.9650517
2.5,3.002745,2.55614
3.5,3.829391,3.5658417
2.5,2.9963677,2.538405
3.0,3.108519,2.9550595
2.5,2.993056,2.5549324
3.75,4.30048,3.8096862
3.0,3.0747442,2.962064
3.75,4.016088,3.7732828
3.5,3.5878081,3.4461205
2.5,3.0606427,2.5670755
3.75,3.687426,3.7335937
3.75,3.733822,3.6776152
2.5,2.970613,2.5431988
2.5,3.0301619,2.5547931
3.0,2.611275,2.7405431
0.8,1.0000262,0.8041432
4.25,4.0672226,4.195586
3.5,3.9426064,3.5632732
0.8,0.9996136,0.8041432
4.25,4.062048,4.195979
3.0,3.258374,2.9898517
3.5,3.5505893,3.4798613
3.0,3.153897,2.97099
3.1,3.0136135,3.0515962
3.25,3.5494552,3.2715206
4.25,4.1115866,4.2010407
0.8,0.96050215,0.8035844
2.0,2.6956673,2.0218124
3.0,3.1015608,2.9631026
4.25,4.3087325,4.1868925
4.0,3.6987798,3.9208813
3.0,3.084968,2.9727805
2.5,2.9418058,2.5355787
2.0,2.6803694,2.0218124
4.5,4.44076,4.446792
2.5,3.0248284,2.556811
3.5,3.5491898,3.48766
2.0,2.6874976,2.0218124
0.8,0.98438394,0.79993045
3.0,3.425365,3.0621932
3.75,4.313328,3.8068943
3.75,4.059717,3.7553334
3.75,3.759154,3.725448
2.5,3.185081,2.5422857
4.5,4.362094,4.5018106
4.0,3.7421439,3.9226468
2.2,2.87928,2.231433
3.0,3.0874515,2.9560864
3.0,3.077799,2.94987
3.5,3.9894726,3.552691
3.75,3.7347653,3.7256873
0.8,0.9914429,0.80516833
12.0,12.975208,12.105425
2.5,2.9823124,2.5466726
3.0,3.1106699,2.9550595
2.55,3.0136135,2.6126678
3.0,3.2308981,2.9477835
3.75,4.068529,3.786021
3.75,4.064252,3.7815173
3.1,3.0136135,3.05712
3.0,3.0689685,2.9522958
3.0,3.0221796,2.9727805
3.0,3.2593164,2.9477835
2.5,3.027627,2.5580018
3.75,3.969848,3.7736754
3.25,3.5478752,3.2646646
2.55,3.0136135,2.6170678
0.8,0.9787433,0.8038284
4.75,4.4921427,4.6928434
3.0,3.1898599,2.964046
2.0,2.6408982,2.021214
3.0,3.2672346,2.9959803
3.75,4.032311,3.7519176
3.5,3.6424353,3.5519905
2.5,3.0207298,2.5547931
2.5,2.961817,2.5369945
3.0,2.5595639,2.7036045
4.25,4.2194977,4.1976256
3.0,3.4838483,2.9928603
2.55,3.0136135,2.614673
3.0,3.1909335,2.948241
2.2,3.0618858,2.240144
3.75,4.1240764,3.7804694
2.5,3.0755014,2.5625007
4.25,4.095085,4.195979
2.0,2.6807585,2.0218124
14.0,12.992912,13.910827
2.5,2.9677367,2.5108445
3.75,3.715278,3.7266116
3.5,3.6283398,3.482649
3.25,3.5424578,3.270176
2.5,3.0808868,2.5612502
2.5,2.9460623,2.5108445
4.5,4.4560843,4.446462
3.25,3.5760229,3.305936
3.75,3.9134696,3.7632825
28.0,28.296488,27.93929
3.75,3.9357183,3.7638538
3.0,3.071219,2.932485
3.75,4.05743,3.7864137
3.0,3.1835551,2.9966562
4.0,3.7302856,3.9241486
8.95,9.47706,8.941132
2.5,2.9250803,2.5364463
3.75,4.038604,3.7525682
3.0,3.2591543,2.9907348
3.0,3.3091364,2.9907348
2.5,2.9502294,2.5375865
2.5,3.0058439,2.5553093
4.0,3.7025259,3.9229002
3.75,3.7446272,3.728276
2.1,2.60256,2.9083483
4.25,4.1109343,4.2010407
3.75,3.787148,3.681535
3.5,3.846565,3.5655117
3.0,3.2780871,2.9907348
3.75,3.729781,3.681663
0.8,0.97083944,0.7970841
4.5,4.4590063,4.4484367
2.5,3.1177082,2.543806
18.0,20.4782,18.068132
3.0,3.0770118,2.9329426
3.5,3.6300333,3.5597699
3.75,3.949597,3.7632825
3.5,3.9285033,3.5628097
3.0,2.5953228,2.912592
3.5,3.5562375,3.47096
3.1,3.0136135,3.0515962
0.8,0.9798367,0.80350566
2.5,3.0793273,2.5673585
4.5,4.275674,4.47012
3.75,3.6894934,3.7253315
10.95,9.902479,10.844617
4.25,4.217948,4.1976256
2.45,2.9753423,2.5138807
2.5,2.9975867,2.5548544
2.5,3.1929116,2.5431452
2.5,2.9392784,2.5347404
2.5,3.0731127,2.5665677
2.0,2.6847796,2.0218124
4.5,4.367325,4.4465513
4.25,4.121246,4.200648
4.5,4.247365,4.4679427
2.5,2.9351044,2.542401
3.75,3.7547204,3.7290423
7.6,7.9445753,7.604628
4.75,4.5343857,4.69671
2.5,3.1475956,2.5429568
3.0,3.1989896,2.94497
2.2,2.8414087,2.2299645
2.0,2.6331768,2.0259223
3.75,4.058736,3.7864137
3.75,4.0555415,3.7864137
2.5,3.0627224,2.5579362
3.0,3.5711586,3.021457
2.45,2.9546325,2.5137906
2.5,3.1230085,2.541455
2.5,3.1192622,2.5437875
2.55,3.0136135,2.6191332
3.5,4.2422023,3.565368
8.95,9.333232,8.948176
2.0,2.6655421,2.0217488
3.0,3.1897302,2.964046
2.5,3.0152025,2.5552483
3.0,3.2689905,2.9901938
3.0,2.6147738,2.8973787
2.45,2.9077852,2.5136182
3.0,3.1128707,2.9554152
3.1,3.0136135,3.0528817
4.25,4.2360086,4.18737
3.1,3.0136135,3.0535529
3.5,3.862337,3.5655117
3.0,2.6119504,2.562537
3.0,3.0941005,2.9741867
2.5,2.9702456,2.5423458
15.0,19.03505,15.08105
2.5,2.9472017,2.5108445
0.8,0.9735538,0.79915357
28.0,28.511211,28.002802
3.0,3.0752182,2.9329426
3.25,3.4627016,3.2022333
3.0,3.1483684,2.9709263
3.25,3.5534208,3.2650168
3.75,4.0949225,3.7800767
3.0,3.0684423,2.95271
2.5,2.9885166,2.5390596
3.0,3.5850768,3.0236044
3.75,3.9516134,3.7736754
3.0,3.2001822,2.964046
2.5,2.972208,2.5099986
2.5,2.9424024,2.542401
2.5,3.1359317,2.5437799
3.25,3.5601964,3.2646646
0.8,0.98421764,0.80294186
2.5,3.0189807,2.5559366
2.5,2.976432,2.5378432
4.25,4.1313133,4.1972327
3.75,3.7499573,3.7213488
3.0,3.215641,2.9966562
4.75,4.487366,4.689978
3.5,3.78313,3.5658417
2.45,2.9438734,2.514312
0.8,0.9873375,0.799084
3.0,3.356289,2.9901938
2.5,2.9158835,2.5099986
8.95,9.369971,8.941046
8.95,9.413916,8.949075
3.75,3.7606623,3.726221
2.5,3.0730531,2.5673032
3.75,3.724476,3.7259274
3.0,3.09695,2.9560864
3.25,3.5627205,3.2406228
3.75,3.8925085,3.7638538
2.5,3.0212338,2.5552392
2.5,3.0696468,2.5673032
2.5,3.1665764,2.545368
14.0,13.124673,13.889935
3.0,3.260833,2.9901938
3.1,3.0136135,3.0478065
2.5,2.921859,2.5099986
3.75,3.9789808,3.7736754
3.0,3.087122,2.9518266
3.0,3.1394463,2.96305
3.75,3.7104943,3.72972
3.0,3.1400836,2.9703915
2.5,3.0802755,2.5673032
3.0,3.1080341,2.9560864
3.75,3.7252095,3.7241073
3.75,4.044854,3.7529285
3.0,3.150082,2.9966562
0.8,0.9967059,0.8041434
3.5,3.5438879,3.4807084
2.5,3.0817251,2.5671322
2.5,3.078179,2.5622513
3.0,3.3656514,3.0584881
2.5,2.9184933,2.5366373
3.1,3.0136135,3.0528817
2.5,3.057926,2.5673032
3.5,3.5937395,3.4833078
3.1,3.0136135,3.0515962
3.0,3.5675037,3.0251803
3.0,3.0666704,2.9741867
3.0,3.0754776,2.9727805
2.0,2.6137822,2.0259223
3.0,2.5869875,2.9810038
3.0,3.0839145,2.9741867
3.1,3.0136135,3.0535529
3.0,3.1586475,2.97099
4.25,4.232141,4.187941
22.5,20.847143,22.894157
2.5,2.95341,2.542401
3.75,4.2949963,3.8096862
3.25,3.5678284,3.3142405
3.75,3.71403,3.6812046
3.0,3.5562158,3.0236044
2.5,2.957146,2.5373058
4.0,3.6646488,3.923318
2.5,3.0820847,2.5616634
3.75,4.032051,3.7732828
3.1,3.0136135,3.0529106
4.75,4.5009804,4.693325
3.0,3.069943,2.9727805
3.0,3.2183356,2.964111
4.75,4.5033064,4.685738
3.75,3.9005413,3.7632825
18.0,18.564585,17.97977
3.0,3.0723658,2.9557095
3.25,3.5514517,3.263881
2.1,2.608456,2.7763605
2.5,2.9877453,2.5092754
0.8,0.981165,0.8041432
3.5,3.6101713,3.4448903
3.75,4.299294,3.8096862
2.5,2.9026942,2.507822
3.0,3.191111,2.964046
3.1,3.0136135,3.058706
3.5,3.550266,3.4760358
2.0,2.6546638,2.021214
3.0,3.0615022,2.9727805
2.2,2.8341637,2.231433
2.5,2.9984329,2.5553093
3.5,3.5719557,3.472513
3.75,3.7138696,3.726094
2.5,3.0815792,2.5569081
3.5,3.8550127,3.5677607
3.0,3.0655112,2.9741867
2.2,2.8780646,2.2305055
3.0,3.3059545,2.9907348
3.0,3.4403167,3.0574403
3.0,3.198607,2.9629033
3.5,3.6094742,3.473054
2.5,3.1071913,2.5434105
3.75,3.681979,3.7632315
3.0,3.0816648,2.9551044
2.5,3.1746435,2.5397518
4.06,3.5669658,3.375381
3.25,3.5030205,3.1992803
3.1,3.3808024,3.1012104
4.5,4.4070787,4.448711
3.0,3.5974567,3.0251803
3.0,3.2478824,2.9898517
2.1,2.5794444,2.6519742
3.5,3.6190462,3.47096
3.25,3.5169873,3.200064
0.8,0.9771024,0.79874146
2.1,2.591531,2.7438138
3.75,4.123521,3.7800767
3.0,3.0771742,2.9540422
3.0,3.0837517,2.9329426
3.25,3.5654361,3.2646646
3.1,3.0136135,3.051535
12.0,14.1091175,12.232069
2.2,3.0870137,2.2381716
4.25,4.3250036,4.1868925
3.0,3.2015693,2.9469981
3.5,3.5520751,3.4752383
3.75,4.352479,3.8106987
4.0,3.5968664,3.921816
8.95,9.576008,8.947463
2.0,2.6133022,2.0259223
3.5,3.830805,3.5655117
3.0,3.5374212,2.9959803
3.0,2.5908082,2.7868736
2.5,2.969519,2.5083966
3.0,3.113917,2.9681122
3.0,3.1529522,2.97099
4.0,3.6943996,3.922941
3.0,3.257668,2.994233
3.5,3.6162026,3.5889575
3.0,3.1559856,2.9619954
2.5,2.9591556,2.537452
3.0,3.4049475,3.0579169
3.0,3.1601872,2.9614682
3.75,4.063239,3.786021
3.75,4.3849115,3.8095963
3.75,4.047323,3.7722948
3.1,3.0136135,3.0543835
3.0,3.2774088,2.9959803
2.5,2.960786,2.5083966
3.0,3.6006873,3.0189044
4.06,3.5188956,3.2805505
2.5,2.9740539,2.5350606
2.0,2.647501,2.0245647
2.45,2.920357,2.514249
2.5,2.9279885,2.5071583
3.0,3.0715113,2.932485
2.5,3.0133739,2.5563562
3.0,3.2559085,2.9898517
3.75,3.739858,3.7340813
3.0,3.1782076,2.97099
2.5,2.9347796,2.5364463
3.25,3.5679927,3.3051188
14.0,14.085808,14.454746
4.5,4.3920393,4.4709873
3.0,3.6385367,3.024313
3.75,3.7318742,3.7233098
3.75,3.7434657,3.739109
6.4,11.351792,6.465525
4.5,4.2795706,4.468581
12.0,13.174999,12.091551
3.0,3.570727,3.0618005
4.25,4.1303263,4.200648
2.55,3.0136135,2.6173055
4.75,4.499015,4.682488
4.75,4.499566,4.693894
3.75,4.0326366,3.7452266
2.0,2.6483846,2.0217488
3.1,3.0136135,3.0521176
2.5,2.989913,2.55614
2.5,2.9477859,2.5380394
3.0,3.55876,3.024313
3.5,3.553982,3.4715009
3.0,3.155848,2.97099
2.55,3.0136135,2.616389
2.0,2.6498349,2.0245647
3.5,3.6556816,3.4461205
3.75,3.7593968,3.7628388
0.8,0.9689483,0.80360067
2.5,3.1182222,2.5400653
2.5,2.979641,2.53283
3.1,3.3801687,3.1012473
3.25,3.5820942,3.3358262
4.0,3.6678078,3.921816
2.2,3.0778737,2.2381716
3.5,3.5529153,3.4919822
3.75,4.040552,3.7705984
3.75,4.0386734,3.753883
2.2,2.8359513,2.231433
2.5,2.9023201,2.539013
2.55,3.0136135,2.6170678
2.5,3.06453,2.567816
3.5,3.5765183,3.472513
0.8,0.9987472,0.8042575
0.8,0.98323786,0.80368495
3.5,3.6350405,3.55115
3.0,3.2044985,2.9635885
4.0,3.680837,3.9255648
3.5,3.6032968,3.472513
3.0,3.0780694,2.9727805
3.0,3.2646937,2.9612532
3.5,3.6096678,3.550609
3.0,3.275906,2.9901938
3.75,3.765278,3.737451
4.25,4.1200905,4.200648
3.75,4.0365,3.7514062
4.25,4.3144712,4.1868925
3.0,3.0802302,2.9727805
3.5,3.5753343,3.4899583
3.25,3.5867515,3.308391
0.8,1.7664771,0.8052217
3.0,3.4253898,3.0618005
3.0,3.090092,2.9741867
3.0,3.1018817,2.9540684
2.5,3.0080743,2.5561323
4.5,4.407707,4.4475646
3.0,3.2503886,2.963769
4.25,4.317485,4.1868925
2.5,3.0266094,2.5592222
4.25,4.2367525,4.18737
4.0,3.6818378,3.9213
3.5,3.8385088,3.563383
2.5,3.185536,2.5389907
0.8,0.9727855,0.8043188
3.75,3.7164729,3.7312982
2.2,2.8711352,2.231974
2.55,3.0136135,2.6163967
0.8,0.95087546,0.7986086
4.5,4.422894,4.438839
3.0,3.0786414,2.9512882
3.5,3.6017816,3.4831302
2.0,2.7071128,2.0218124
3.0,3.1226819,2.9589825
2.5,2.9605613,2.542401
3.75,4.317193,3.807364
3.75,3.689483,3.7628388
2.0,2.676108,2.0218124
0.8,1.0045373,0.8041612
3.75,3.9621027,3.7736754
3.25,3.6072328,3.3008049
3.0,3.229103,2.9966562
3.5,3.8231928,3.5666142
3.75,3.650456,3.7628388
3.75,3.7462492,3.7628388
4.25,4.064102,4.195979
3.25,3.569545,3.3102925
4.5,4.264662,4.4706025
4.5,4.389816,4.446462
3.0,3.3371923,2.9901938
3.0,2.553864,2.8354115
3.0,3.3043966,2.9907348
2.5,3.1505983,2.5409389
2.5,3.0979695,2.541078
4.25,4.220689,4.1976256
3.0,3.2472503,2.994233
2.45,2.913144,2.514233
2.5,2.9384465,2.507822
12.0,21.284502,22.862955
4.75,4.4619694,4.692837
3.75,3.7599452,3.9098876
3.0,3.1898186,2.9600492
3.75,4.363867,3.8100224
3.1,3.4133167,3.1012104
4.0,3.6987875,3.922941
2.5,2.949006,2.5372694
4.25,4.2339354,4.18737
3.5,3.9632978,3.56952
2.5,3.080925,2.5615547
2.0,2.642166,2.0245647
4.5,4.4069023,4.445501
4.75,4.4967966,4.691709
3.5,3.8639905,3.5627716
3.25,3.6447356,3.3102438
3.25,3.5815027,3.3046403
3.0,3.0928547,2.9541297
3.5,3.5795152,3.47096
3.5,3.5629146,3.472513
2.5,3.0654025,2.559781
3.75,4.3128767,3.8102744
2.5,3.0490077,2.5578647
3.75,3.9439743,3.7638538
9.5,9.950924,9.484263
0.8,0.9736906,0.7957806
3.0,3.168312,2.9645941
3.0,3.1671207,2.9650517
3.75,4.026575,3.7616913
0.8,0.98149246,0.8042964
3.0,3.4844112,3.0574403
3.5,3.618419,3.5524182
3.75,4.0564184,3.7815173
3.0,3.195091,2.9645941
3.25,3.542899,3.2391798
3.0,3.218246,2.9482985
0.8,0.96600556,0.8035146
3.75,4.015105,3.7736754
3.0,3.0844476,2.9517193
3.1,3.0136135,3.0535529
3.75,3.7161398,3.7259274
2.0,2.6896796,2.0245647
3.1,3.0136135,3.051535
4.75,4.511799,4.690684
3.75,4.2434177,3.8071504
3.25,3.5326042,3.2659452
2.0,2.691957,2.0218124
3.0,3.122033,2.9596856
3.0,3.0355437,2.9741867
3.5,3.6089714,3.5541022
3.25,3.4241474,3.1980064
2.5,3.0691805,2.5673032
2.0,2.674873,2.021214
3.0,3.6262739,3.0251803
2.0,2.6591525,2.0218124
3.0,2.8641262,2.97099
3.0,3.599715,3.0209367
2.5,2.9388945,2.5369945
2.5,3.0290833,2.55614
3.5,3.6226404,3.5925102
4.0,3.7522838,3.9264135
3.75,3.891567,3.786021
0.8,0.9711608,0.7996468
0.8,0.9558678,0.8046226
2.5,3.0666485,2.5673585
3.75,3.9542294,3.7638538
2.5,3.1310723,2.5400653
2.5,3.0433416,2.5556161
3.0,2.630814,2.7816384
2.5,3.0768487,2.5661101
3.5,3.6249168,3.5901802
2.45,2.938323,2.5134223
2.5,2.95259,2.538275
2.0,2.6790872,2.0218124
3.0,3.0879078,2.9533653
4.75,4.5165434,4.6936197
3.5,3.5779068,3.4818773
3.1,3.0136135,3.0508027
3.75,3.6632903,3.680839
3.75,3.7166927,3.680839
2.5,2.9433339,2.5399997
2.1,2.567316,2.658982
2.0,2.687951,2.021214
3.1,3.3484573,3.1015408
2.45,2.935676,2.5141702
2.5,2.9422116,2.5083966
3.75,4.101989,3.7800767
3.5,3.590916,3.4448903
3.0,3.0742953,2.9316998
2.0,2.6639814,2.021214
4.25,4.117551,4.200648
3.0,3.254713,2.9470963
3.25,3.578294,3.3049045
2.2,2.837994,2.231974
3.75,3.7453327,3.7291727
2.5,2.9803243,2.5362315
3.25,3.4983466,3.2638876
3.0,3.3633585,2.9635673
3.0,3.6669674,3.0251803
3.5,3.595919,3.472513
3.0,3.0807302,2.954008
2.5,3.1122525,2.5409389
2.5,2.98314,2.5108445
3.75,4.3339252,3.8095963
4.25,4.0674047,4.195979
2.0,2.6603901,2.0245647
3.0,3.1017764,2.9630713
3.0,3.1624417,2.9658747
3.0,3.3173025,2.994233
3.5,3.5388327,3.442486
3.0,3.2909632,2.9959803
3.0,3.0804465,2.9512687
3.0,3.5583112,3.0236044
2.0,2.6591287,2.0245647
2.5,2.9587169,2.5418882
2.1,2.5989237,2.561298
3.75,4.0462437,3.7674468
4.0,3.7290273,3.9209843
2.5,2.958765,2.5356233
2.0,2.6720614,2.021214
3.0,3.1740322,2.9629033
0.8,0.9952412,0.79932255
2.2,3.0704665,2.240144
3.0,3.0654824,2.9550128
3.75,4.0366707,3.7653184
2.5,2.9981635,2.5564342
14.0,12.979435,13.962754
2.5,2.926071,2.5099986
2.5,3.0742016,2.5615783
3.75,3.7756658,3.6820314
3.0,3.269823,2.9907348
3.75,3.9682727,3.7736754
0.8,0.9994765,0.8040736
3.25,3.5763247,3.3044643
3.75,4.307203,3.8057547
0.8,0.98655444,0.80410784
2.5,3.0287552,2.555714
3.0,3.0835695,2.951877
2.45,2.9529555,2.5121288
0.8,0.97601116,0.80483854
3.75,4.0936785,3.7800767
3.0,3.4617555,3.0621932
2.0,2.655131,2.0271523
3.25,3.5483413,3.2596502
4.5,4.3547707,4.4571815
3.75,3.763714,3.7307482
3.75,4.1053934,3.7800767
3.0,3.0816271,2.9521408
3.0,3.083107,2.9554076
3.5,3.8753493,3.5655117
3.0,3.1520095,2.97099
3.75,3.7678435,3.7219374
3.0,3.1610608,2.9658747
3.75,3.7677839,3.6820314
3.75,3.7203205,3.6836572
7.6,7.734047,7.6047053
4.25,4.016485,4.1865683
2.5,3.0788198,2.5675495
3.5,3.920081,3.5655117
3.0,3.2878504,2.9658747
3.0,3.2254393,2.9635885
2.0,2.6781719,2.0217488
2.45,2.9749558,2.5136738
3.5,3.8683636,3.559995
3.0,3.1826324,2.964046
3.0,3.3524141,2.9901938
4.0,3.6363118,3.921816
0.8,0.9875072,0.80379707
3.0,2.6121063,2.9110632
3.5,3.6190958,3.5929756
4.5,4.2147846,4.4863505
2.2,3.0930717,2.2381716
2.0,2.6616397,2.021214
2.5,2.950212,2.5354674
0.8,0.9773793,0.80360067
3.0,3.0668688,2.9727805
3.0,3.1050625,2.9516864
2.2,3.0536156,2.240144
2.5,3.0664308,2.5604546
2.55,3.0136135,2.6151483
2.0,2.7063746,2.0245647
2.0,2.6518714,2.0218124
2.2,3.0669467,2.2381716
2.5,2.9209116,2.5380569
3.0,2.5776958,2.630797
2.0,2.6358366,2.0271523
3.75,3.7264917,3.6814005
3.75,4.322565,3.7997289
3.0,3.2651906,2.994233
2.5,3.1539958,2.5390856
3.0,3.2144215,2.9477282
3.0,3.2534366,2.9893107
2.5,2.9887133,2.5092754
3.25,3.5811913,3.3102803
3.1,3.3821015,3.1012104
3.75,3.7517197,3.7628388
3.0,3.0624096,2.932202
3.75,4.064584,3.786021
2.5,2.9341824,2.5425858
2.5,3.004447,2.5553093
0.8,0.98763514,0.80378854
3.75,3.7540176,3.7308125
2.55,3.0136135,2.6215637
3.75,3.7740486,3.7632315
3.5,3.5649197,3.4796667
3.75,3.728569,3.7319207
3.75,3.7129743,3.6812975
3.0,3.2384882,2.9959803
3.75,4.0574884,3.7864137
3.75,3.7130754,3.727444
2.5,3.0880103,2.5588484
3.5,3.6438763,3.4461205
3.75,4.318016,3.80575
4.5,4.244172,4.486521
4.5,4.3761587,4.446462
2.5,3.1220083,2.543043
2.5,3.0824518,2.5618536
2.5,3.1580873,2.5437875
0.8,0.99482656,0.7999332
4.5,4.4201546,4.445165
12.0,13.893574,15.057783
3.75,3.732295,3.6820154
4.75,4.5281563,4.691645
3.0,3.0816038,2.9533408
2.5,3.0825553,2.5547793
3.0,3.0700548,2.9329426
3.0,3.166125,2.964046
4.0,3.6617467,3.9226391
3.1,3.0136135,3.051158
3.5,3.662546,3.472513
2.2,2.8612876,2.231433
4.25,4.2374377,4.187941
3.0,3.1382978,2.9640963
2.5,3.0290604,2.550021
3.0,3.0913258,2.9569094
2.5,3.337216,2.5108445
0.8,0.98478806,0.8044074
4.25,4.3465242,4.1868925
3.0,3.0911877,2.9541297
3.5,3.6384525,3.4461205
3.1,3.0136135,3.0535529
2.5,3.0966403,2.5593178
3.25,3.5614817,3.3071465
3.0,3.1542144,2.97099
3.0,2.6009665,2.7068777
3.75,3.6653674,3.7196586
2.55,3.0136135,2.6150498
3.0,3.07288,2.9540844
3.75,3.728133,3.7291756
3.0,3.2338705,2.9898517
3.75,4.0424643,3.7529285
3.5,3.611405,3.473054
3.0,3.5708897,3.0251803
3.5,3.6083033,3.549491
2.5,2.958664,2.5371323
3.0,3.194782,2.9635885
2.5,2.9616282,2.5358737
3.25,3.5496252,3.263387
2.0,2.6632311,2.020355
0.8,0.9588194,0.80360067
3.75,3.777458,3.7628388
3.1,3.0136135,3.0518637
3.75,4.1033306,3.7804694
2.5,2.9370687,2.5366373
2.5,2.9410536,2.5372694
3.75,3.9607818,3.7632825
2.5,2.9742594,2.5350566
45.0,36.120415,45.32182
2.45,2.9512923,2.5137906
4.5,4.405038,4.4426136
2.5,3.1365442,2.542502
2.5,2.9703827,2.5083966
2.5,2.96171,2.5418882
3.25,3.5512607,3.244779
3.0,3.3749702,2.9928603
3.5,3.5841212,3.4448903
0.8,0.9631598,0.8045765
2.55,3.0136135,2.615566
2.5,2.9391642,2.507822
3.75,3.7338536,3.6830423
2.5,2.9747868,2.5083966
2.55,3.0136135,2.6150498
4.25,4.1185093,4.200648
3.0,3.1101391,2.96268
2.45,2.9509914,2.5127437
4.5,4.3517456,4.4681973
2.45,2.9737654,2.5134223
0.8,0.9988063,0.8037572
3.0,3.3555837,3.0574403
2.5,3.001688,2.5563562
3.5,3.58056,3.4990063
3.0,3.0874608,2.9506843
2.5,2.951388,2.5083966
3.0,3.1764843,2.9475558
3.0,3.1807697,2.97099
3.5,3.628819,3.5487049
0.8,0.9844106,0.8003025
3.25,3.5781028,3.3011458
0.8,0.9897953,0.80516833
2.55,3.0136135,2.615566
4.5,4.226657,4.4694266
0.8,0.98758125,0.8035693
2.5,2.9909701,2.5390596
19.75,30.482452,19.736807
3.75,3.7222345,3.6812046
3.75,3.7516677,3.7308133
3.0,3.2567375,2.9441254
3.5,3.5491009,3.4715009
2.5,3.1984262,2.539052
45.0,32.11105,44.88627
3.0,2.5766075,2.7865891
3.1,3.0136135,3.053176
4.75,4.5083194,4.691645
10.0,11.027041,9.994552
3.5,3.770618,3.5659378
3.0,3.0860655,2.9333446
2.5,3.0770454,2.5673032
3.0,2.548628,2.7507231
2.5,2.9401057,2.5108445
2.5,2.9457784,2.542401
3.0,3.0881581,2.9754167
3.25,3.451949,3.2634864
3.25,3.5888672,3.3040876
3.0,2.6326575,2.8445172
0.8,1.004696,0.80516833
3.25,3.5433762,3.203706
2.55,3.0136135,2.6123736
3.1,3.0136135,3.053176
3.25,3.5614598,3.2406228
3.1,3.3662486,3.1013033
2.5,3.0566053,2.5092754
2.5,2.9354925,2.5369945
2.5,3.0813713,2.5579312
8.95,9.323992,8.948546
4.5,4.3908787,4.444223
2.2,3.0854192,2.241374
3.0,3.1797009,2.9475005
3.1,3.0136135,3.0503478
3.1,3.4118042,3.1012473
2.5,3.0594664,2.5671308
2.0,2.6221273,2.0271523
3.75,3.8741672,3.7632825
2.5,3.0633159,2.567816
4.25,4.1305866,4.200648
2.5,2.9547873,2.5364463
3.1,3.3743114,3.1016688
3.75,4.3263454,3.8008504
3.75,3.719949,3.7303283
3.75,3.9409654,3.7736754
3.0,3.5790985,3.0251803
3.75,3.7184188,3.7292745
3.25,3.5535285,3.3078923
3.0,3.2311397,2.9966562
3.0,3.2942774,2.9959803
2.2,3.012712,2.2400014
3.0,3.1986163,2.9481857
4.75,4.5120006,4.6897426
0.8,0.9901997,0.8044828
2.2,3.063384,2.240144
2.0,2.6616127,2.0245647
4.5,4.413926,4.4426203
3.0,3.071269,2.9529943
2.2,3.087792,2.2381716
3.75,3.7567153,3.7264183
3.0,3.559879,3.0236044
2.5,2.9781265,2.5083966
3.5,3.6600878,3.472513
3.75,3.7543852,3.735831
4.25,4.1271276,4.200648
3.0,3.0944452,2.9754167
3.5,3.6171892,3.4921
3.0,2.6026871,2.8444433
2.0,2.6309493,2.0245647
2.5,2.960466,2.507822
0.8,0.9924398,0.7997725
3.0,3.558153,3.021457
3.5,3.790202,3.564545
2.2,3.0772448,2.2381716
2.5,3.1420608,2.5378036
3.0,3.4316592,3.0621932
3.25,3.4989498,3.1980064
3.75,4.1078596,3.7800767
3.0,3.0849686,2.9527552
0.8,0.9906917,0.8047858
3.0,3.0959454,2.9560864
2.5,3.1269567,2.5437875
4.25,4.1793404,4.1972327
2.5,2.9955313,2.5108445
3.25,3.549144,3.2626033
2.55,3.0136135,2.6178908
2.5,2.9808984,2.5367668
2.5,2.991449,2.5083966
3.5,3.557955,3.4715009
3.1,3.3700516,3.1017992
3.5,3.5546377,3.4791505
3.0,3.0733237,2.9741867
3.75,4.048936,3.7525043
0.8,1.0005022,0.8052217
2.2,2.8229423,2.2305055
3.75,3.971452,3.7670164
3.75,3.7493534,3.7283447
2.5,2.930912,2.5351527
0.8,0.9972702,0.8037572
3.5,3.8512976,3.565576
9.5,9.823839,9.480497
3.75,3.724311,3.6803768
3.25,3.563391,3.2646646
2.2,3.0954423,2.241374
2.0,2.6359806,2.0218124
3.0,3.1942189,2.9622622
4.25,4.22751,4.1976256
3.0,3.2570825,2.9477835
2.5,3.0859094,2.555027
3.25,3.560191,3.2368088
3.75,4.306982,3.8106987
4.25,4.06763,4.195586
2.5,2.9541912,2.5357473
4.5,4.4033623,4.446462
3.0,3.0882008,2.9727805
3.0,3.073873,2.932485
3.75,3.7218623,3.7255309
3.0,3.1239638,2.9611769
3.75,3.7593968,3.7628388
3.0,3.0301294,2.933098
3.75,4.063463,3.7815173
3.5,3.6323752,3.5517647
2.5,2.9168904,2.5108445
3.0,3.5708716,3.0251803
2.5,2.946233,2.5359888
3.75,3.7180495,3.6812046
4.0,3.6681335,3.921816
3.0,3.0753276,2.9329426
2.45,2.9604506,2.5158749
3.75,4.056281,3.7736754
3.0,3.1927495,2.9966562
2.5,2.9450595,2.5108445
4.0,3.7090886,3.9208813
3.0,2.6119676,2.908849
3.0,3.2154973,2.948241
2.2,2.8142195,2.2305055
2.0,2.634326,2.0271523
3.5,3.553284,3.442486
4.0,3.6982007,3.922863
3.5,3.7610257,3.560918
2.5,2.925735,2.5356421
4.5,4.3854275,4.4416523
4.0,3.7363827,3.9226468
2.0,2.6825047,2.0259223
19.75,32.132496,19.906488
3.0,3.1761053,2.9703915
3.5,3.6166904,3.556754
3.75,3.7300348,3.6819525
2.0,2.729657,2.0245647
4.0,3.7466257,3.9221303
4.5,4.2353554,4.4740753
2.2,3.089772,2.241374
4.5,4.417918,4.446462
14.0,13.844336,13.8477
2.0,2.7089658,2.0218124
3.5,3.62708,3.5516477
2.5,2.9617667,2.539396
3.0,3.098659,2.9560864
2.55,3.0136135,2.6198604
2.5,3.0771368,2.5591197
3.1,3.0136135,3.0488586
3.25,3.5560148,3.244779
3.0,3.074334,2.953194
3.0,3.1687794,2.9635885
2.55,3.0136135,2.6178985
3.5,3.5534549,3.442486
0.8,0.99159396,0.80516833
3.75,4.119219,3.7800767
3.0,3.0823293,2.9530191
4.75,4.476615,4.691735
4.25,4.2325172,4.187941
2.2,2.8562348,2.231974
2.2,2.8429723,2.231433
3.0,3.444615,3.0621932
3.5,3.6235168,3.472513
3.5,3.5263064,3.442486
3.0,3.0700996,2.950928
4.25,4.0661345,4.195586
3.75,3.985954,3.7732828
3.0,3.0772152,2.9414735
3.75,4.315935,3.80575
3.75,3.972294,3.7736754
3.75,4.3581343,3.8086295
3.0,3.2754686,2.9901938
3.0,3.7277787,3.0251803
2.2,3.0778599,2.2381716
3.75,3.772431,3.681535
4.25,4.123536,4.200648
3.0,3.4330018,3.0621932
4.25,4.070595,4.1964564
2.5,2.9259691,2.536754
4.25,4.115576,4.1970277
3.0,3.1846838,2.9650517
3.0,3.275383,2.9893107
3.0,3.4757667,3.0621932
4.5,4.273923,4.50969
3.1,3.0136135,3.051158
2.5,2.9067597,2.5359888
2.5,2.9631255,2.5367668
3.75,3.572886,3.679832
3.25,3.5391283,3.2781315
3.0,3.249278,2.9624968
3.5,3.598808,3.4820817
2.55,3.0136135,2.619479
3.5,3.875529,3.5646467
2.0,2.6698766,2.0218124
3.0,3.2812161,2.9893107
14.0,14.097843,14.589563
3.75,4.0152245,3.7736754
3.0,3.1870613,2.964046
3.0,3.2534716,2.963893
3.1,3.0136135,3.0496817
2.5,2.9387555,2.5376823
4.5,4.4287157,4.44376
3.5,3.8221953,3.5656078
2.5,2.9247155,2.5359888
3.0,3.0614462,2.9328873
3.0,3.2082133,2.9635885
3.75,4.0013733,3.7732828
2.5,2.9598536,2.5344126
3.0,3.1902668,2.9628549
2.5,3.0027232,2.5092754
3.0,3.1607966,2.97099
2.55,3.0136135,2.6170678
3.0,3.0679977,2.9318
2.5,2.9575357,2.5368018
3.0,3.0679216,2.932485
3.5,3.636649,3.4461205
3.5,3.6395435,3.4461205
0.8,0.98795927,0.8051328
3.75,4.061249,3.7864137
3.1,3.0136135,3.0555665
4.0,3.7326767,3.922863
0.8,0.98642135,0.80456334
3.25,3.5523326,3.2662144
3.5,3.9207468,3.5618865
2.0,2.6949148,2.0245647
3.0,3.1595826,2.9621534
3.1,3.0136135,3.0535529
3.0,3.2516742,2.9898517
14.0,14.421736,14.335569
2.5,2.9515605,2.5108445
2.2,3.06516,2.2381716
3.25,3.513862,3.2727196
4.0,3.6969995,3.9241486
2.5,2.9248335,2.5359888
4.0,3.7459424,3.9181035
3.0,3.1495595,2.97099
2.5,2.9429865,2.534455
3.0,3.0669887,2.9754167
2.5,3.1562953,2.542278
3.75,3.719507,3.7297075
3.75,3.7150583,3.7275388
2.5,3.0268931,2.5092754
3.5,3.608658,3.4448903
3.0,3.6158264,3.0251803
14.0,13.902535,14.567656
2.5,2.928813,2.507822
2.5,3.0652733,2.5665677
3.0,3.3353906,2.9907348
2.0,2.6589985,2.0218124
3.0,3.057077,2.9512718
4.0,3.7425323,3.9261105
3.75,3.6453335,3.7305787
3.0,3.190791,2.94497
2.5,3.3906097,2.5372694
3.75,4.1824746,3.8133633
3.0,3.2021492,2.966572
2.5,3.07542,2.5673585
3.0,3.153042,2.97099
3.75,3.7384255,3.7315304
3.0,3.6694424,3.0251803
0.8,1.0022875,0.80516833
3.0,3.2413661,2.961729
2.2,2.8265357,2.2299645
2.55,3.0136135,2.6150498
2.5,3.0348525,2.5545638
4.5,4.405801,4.4465513
2.5,3.0674784,2.567816
9.5,9.799339,9.48397
3.1,3.3791595,3.101665
22.5,21.160671,22.372328
3.25,3.5636096,3.2631185
3.25,3.5613647,3.2381637
2.0,2.676148,2.0218124
2.5,3.022281,2.556811
4.5,4.406769,4.4377594
3.75,3.7317193,3.680839
3.0,3.235015,2.94407
2.5,2.9593346,2.5372694
2.2,2.813284,2.2299645
2.5,3.1005769,2.541455
2.0,2.709704,2.0245647
3.75,3.9460447,3.7638538
3.0,3.1591554,2.97099
2.5,2.9461443,2.5419436
4.5,4.4104414,4.4420767
3.0,3.1763885,2.97099
10.95,10.731947,10.838077
2.1,2.5972066,2.4455178
3.25,3.607022,3.3070776
3.1,3.400867,3.100807
3.75,4.029819,3.7471285
0.8,0.97950387,0.80471313
2.5,2.9619412,2.537452
0.8,0.9899945,0.8041434
2.5,3.07652,2.5585964
2.5,3.0740871,2.5673585
3.5,3.573002,3.4793477
3.5,3.5513766,3.4834616
3.5,3.5917804,3.473054
3.25,3.569509,3.3192782
4.25,4.0648403,4.195979
21.0,18.717722,20.943201
2.5,2.9823096,2.5108445
3.0,3.25968,2.9893107
2.2,3.0668435,2.240144
3.5,3.7621458,3.5614967
3.0,3.0774567,2.9329426
3.5,3.6148865,3.5511618
2.5,2.9525237,2.507822
3.75,4.129155,3.7800767
3.75,4.0649147,3.7815173
2.5,3.086094,2.5595894
2.45,2.986414,2.5135152
2.45,2.9193742,2.5137906
4.5,4.208206,4.4698796
3.0,3.5864627,3.024313
2.5,3.0106504,2.555714
3.75,3.697183,3.7311518
3.0,3.1956396,2.9645941
2.5,2.9780824,2.5083966
4.25,4.336583,4.1868925
3.75,4.3222246,3.8096924
4.5,4.370344,4.445495
3.25,3.7471197,3.298789
3.25,3.5570157,3.263387
2.2,3.1045327,2.231974
4.75,4.5149593,4.691645
2.2,3.0763035,2.240144
3.5,3.9610074,3.5655117
2.0,2.6713772,2.0218124
0.8,0.970327,0.80428886
3.75,4.067998,3.7846484
3.0,3.4335415,3.0570476
3.0,3.2677166,2.9901938
3.0,3.2356117,2.9625547
3.0,2.5775123,2.5565672
2.2,2.8192923,2.231974
0.8,0.97418976,0.8041432
2.5,3.0797243,2.5591803
13.33,9.54697,13.263014
3.0,3.1957543,2.9538922
2.2,2.900923,2.231433
3.25,3.5149152,3.264764
2.5,2.9428604,2.5406952
4.25,4.2106457,4.187941
2.65,3.5535653,3.2389414
3.0,2.9203925,2.956429
3.0,3.0687275,2.9483917
3.0,3.170875,2.9475005
2.5,2.9762535,2.5108445
3.25,3.5426877,3.2688982
3.5,3.6223607,3.47096
3.0,3.1763618,2.9629564
2.5,3.0802221,2.560842
3.0,3.2623994,2.9959803
0.8,1.0029671,0.80516833
3.5,3.9442751,3.5632794
2.5,3.308985,2.5615835
3.1,3.0136135,3.0525048
3.25,3.5604348,3.2406228
3.25,3.5401022,3.206442
3.0,3.2469912,2.9470983
3.5,3.5960853,3.566076
3.0,3.0535784,2.9311008
3.0,3.186596,2.9481857
2.5,2.9419973,2.542401
3.5,3.6129634,3.472513
2.5,2.9333982,2.5359888
8.95,10.206327,9.038517
2.45,2.9313424,2.51296
4.5,4.4298368,4.446792
2.5,3.1415443,2.5417619
3.5,3.6042674,3.4813845
3.0,2.5837128,2.7518697
2.2,3.0660584,2.2381716
3.25,3.4795237,3.2022333
3.0,3.5301297,3.0584881
3.0,3.2080894,2.9613822
3.0,3.2461314,2.9966562
4.25,4.206141,4.1972327
3.0,3.2281137,2.948241
3.0,3.1527636,2.97099
3.25,3.6247683,3.303276
3.75,3.715278,3.6820154
4.25,4.206435,4.187941
3.0,3.1983514,2.9477282
3.0,3.2839382,2.9898517
3.75,4.0321693,3.751416
4.0,3.7377515,3.9235063
3.0,3.1406608,2.9703915
3.25,3.542703,3.206442
3.5,3.5878475,3.4448903
3.75,4.035592,3.753883
4.5,4.4712734,4.444795
3.1,3.0136135,3.0552924
3.75,3.7556298,3.6819525
2.0,2.6679802,2.0218124
3.0,3.1523056,2.97099
3.75,4.2879076,3.8096862
3.0,3.2565718,2.9441254
3.5,3.5898054,3.472513
2.0,2.6306622,2.0271523
4.75,4.498609,4.687797
3.0,3.4803271,3.0584881
3.5,3.8460944,3.5658417
2.0,2.6165478,2.0259223
3.0,3.3112073,2.994233
2.0,2.649178,2.0245647
4.0,3.6964905,3.9241486
3.75,3.7379575,3.6814005
2.5,3.0335371,2.55856
3.0,3.1598823,2.97099
3.75,3.755844,3.730221
3.25,3.5652726,3.2419004
2.5,3.148946,2.5423145
4.5,4.360179,4.4465513
3.1,3.0136135,3.0515962
3.5,3.7696364,3.5628097
3.0,3.2772462,2.9898517
2.5,3.0706847,2.567816
2.45,2.9820905,2.5130188
3.0,3.3269458,2.9901938
3.0,3.2243543,2.994233
3.0,3.109645,2.956324
3.0,3.0840847,2.9560864
3.75,4.123357,3.7800767
2.1,2.5581927,2.8201292
2.5,2.9715312,2.542401
3.25,3.5465078,3.2646646
2.0,2.677532,2.0218124
3.1,3.0136135,3.051158
3.0,3.1487608,2.9703915
3.5,3.5581832,3.442486
3.75,4.3086925,3.8068943
2.45,2.9970632,2.5130568
3.5,3.5817397,3.5531754
3.0,3.0755692,2.9727805
2.45,2.9736762,2.5133283
3.0,3.1524076,2.97099
3.5,3.5544686,3.478522
3.1,3.0136135,3.053475
3.75,3.7609768,3.6820943
3.5,3.5983443,3.4815524
2.55,3.0136135,2.617514
3.0,3.1395106,2.9709263
2.5,3.017315,2.5071583
3.75,3.7625442,3.7632315
3.0,3.3840218,3.0570476
0.8,0.97071475,0.7697822
2.45,2.9163518,2.5138807
3.0,3.1463387,2.97099
2.0,2.6391597,2.0259223
3.5,3.6384804,3.4829304
2.5,3.0745597,2.5615547
3.0,3.4428687,3.0621932
14.0,13.557102,14.249856
3.5,3.818853,3.5658417
3.0,2.619946,2.7030363
3.75,4.1042433,3.7804694
3.0,3.4042664,3.0574403
4.25,4.0621796,4.195979
3.0,3.2972586,2.9901938
3.0,3.461198,3.0621932
18.0,20.487621,18.102837
2.0,2.6441827,2.0218124
2.5,3.074536,2.5615017
2.45,2.917299,2.5136182
4.0,3.6503649,3.9224608
3.1,3.0136135,3.0547435
0.8,0.9829297,0.8035693
3.0,3.2371006,2.9966562
2.5,3.0653908,2.5677607
3.75,4.1146994,3.7804694
3.0,3.1323516,2.9703915
2.0,2.6982508,2.0217488
3.0,3.0841274,2.9554076
2.0,2.6552124,2.021214
2.5,2.921955,2.507822
3.75,3.9902995,3.7732828
2.2,2.7929318,2.2299645
4.5,4.2171397,4.5076056
2.5,3.0808845,2.5592937
0.8,0.9877028,0.80516833
3.1,3.0136135,3.051535
3.1,3.388749,3.1018622
3.1,3.4209383,3.1018622
4.0,3.7155268,3.9226468
0.8,0.97524965,0.8035881
3.5,3.5527098,3.47096
2.0,2.6437287,2.0245647
2.0,2.6902747,2.0218124
2.5,2.9223895,2.5362382
2.0,2.67097,2.0217488
3.0,3.1878347,2.9458864
2.5,2.9529607,2.5365112
4.5,4.3305225,4.469646
3.1,3.0136135,3.051535
4.0,3.6903603,3.922863
2.5,2.9920104,2.5411582
3.0,3.2070534,2.962558
4.0,3.6898074,3.9213
3.5,3.6450484,3.472513
3.5,3.6026843,3.4461205
3.5,3.870223,3.5588107
3.5,3.6180506,3.473054
2.65,3.5226285,3.2071311
2.5,3.0620067,2.55958
3.5,3.6151679,3.4448903
3.0,3.7203803,3.0251803
2.65,3.5577738,3.1920462
2.5,2.946498,2.5338185
3.0,3.0658607,2.9727805
3.0,3.1468508,2.9703915
3.25,3.577183,3.3032937
3.75,4.0472555,3.771257
2.5,2.954346,2.5335705
28.0,28.450218,27.953184
3.0,3.0964031,2.9741867
2.45,2.9233756,2.5136182
3.5,3.6233346,3.5534084
2.5,2.9784248,2.5083966
3.75,4.3352375,3.8099263
2.5,2.979538,2.5385666
3.0,2.6243532,2.8417757
14.0,13.5828495,13.943066
2.45,2.926263,2.5138807
3.75,3.7440727,3.7628388
3.0,3.1593523,2.97099
2.2,2.793582,2.231433
3.0,3.621247,3.0209367
3.5,3.550789,3.485736
0.8,0.97554106,0.8036213
3.75,3.768819,3.6820314
3.75,4.1469564,3.7732828
3.0,3.1995387,2.9477282
2.45,2.9091747,2.51296
3.75,3.728541,3.680839
2.2,2.8359902,2.231433
3.0,2.627445,2.8099084
3.0,3.4355564,3.0621932
4.25,4.193907,4.1972327
2.5,2.941246,2.5364463
3.5,3.6082048,3.47096
4.0,3.721236,3.9248412
3.0,2.8962822,2.9677877
3.75,4.115629,3.7800767
3.0,3.1506124,2.97099
3.75,3.9570096,3.7632825
3.5,3.6266081,3.473054
3.5,3.5556707,3.4961855
3.5,3.7824,3.5655117
3.0,3.067584,2.932485
3.0,3.2226174,2.9898517
2.5,3.0018709,2.558235
3.0,3.0940557,2.9560864
3.25,3.5679507,3.308697
4.0,3.656692,3.921816
2.5,2.9215703,2.5083966
3.0,3.0704682,2.9503238
3.0,3.271778,2.9893107
2.5,2.9897401,2.5099986
3.75,3.731055,3.6812046
2.5,3.071225,2.5673032
3.1,3.0136135,3.051535
4.25,4.2004166,4.1972327
2.5,2.9415565,2.5404904
2.5,3.0276008,2.5556161
3.0,3.3751707,3.0621932
3.0,3.070551,2.9506073
3.1,3.0136135,3.0543835
3.1,3.0136135,3.054376
3.75,4.107829,3.7804694
2.2,3.0955453,2.2381716
3.0,3.099149,2.9560864
2.0,2.611182,2.0259223
4.25,4.117221,4.200648
3.75,3.8144052,3.7399986
8.95,9.327653,8.948546
3.0,3.4448128,3.0584881
3.0,3.2571285,2.9901938
3.5,3.5605984,3.4780903
3.0,3.0659177,2.9541297
3.0,3.0681024,2.9329426
2.0,2.6554852,2.0271523
3.0,2.9173453,2.9677877
2.1,2.6264794,2.8585563
3.0,3.1644096,2.9703915
3.5,3.5852077,3.472513
3.5,3.8132052,3.5655117
3.75,4.037854,3.7514062
4.25,4.0613446,4.195586
4.5,4.294405,4.5072865
3.0,3.288413,2.9907348
4.5,4.4222007,4.4465513
4.75,4.5014153,4.6872597
3.0,3.1975703,2.9474518
2.0,2.6405673,2.021214
3.0,3.187801,2.9469981
3.75,3.7532651,3.7259285
2.5,2.9926836,2.5466726
3.0,3.087895,2.9554152
2.0,2.6488605,2.0217488
3.0,3.6879709,3.024313
2.5,3.0670817,2.567816
3.0,3.2088037,2.9477835
0.8,0.99114,0.8037248
2.5,3.0539625,2.5678182
2.5,3.0276828,2.556811
2.5,3.075878,2.5589478
2.5,2.9473078,2.507822
2.5,3.0241358,2.5563562
2.5,3.0845172,2.5610268
2.5,2.9213946,2.5314496
3.0,3.1635756,2.9703915
2.5,2.9914908,2.5092754
2.5,2.9403749,2.5372183
2.5,3.1120117,2.5422857
3.75,4.0204287,3.7668521
2.5,2.9636195,2.5405593
4.5,4.466494,4.4448156
3.75,3.7742116,3.7280064
3.75,3.706885,3.7286174
3.0,3.2840543,2.9901938
3.5,3.8647034,3.5631397
3.0,3.4639766,3.0621932
4.75,4.543935,4.688189
3.25,3.5652344,3.260434
3.0,3.084604,2.9754167
2.0,2.662385,2.021214
3.1,3.0136135,3.057416
2.5,3.009138,2.555714
2.5,3.0564902,2.5660186
3.5,3.6237736,3.473054
2.5,3.1440806,2.541455
2.55,3.0136135,2.618878
2.45,2.9722214,2.5138807
3.75,3.7599585,3.7434156
3.25,3.5564725,3.263387
3.75,4.070133,3.786021
2.55,3.0136135,2.6170678
2.5,2.9737391,2.507822
3.1,3.0136135,3.0528817
3.0,3.0777183,2.9591115
2.5,2.924521,2.507822
2.0,2.677408,2.021214
2.5,3.014071,2.55614
3.0,3.2115183,2.9477835
0.8,0.9952171,0.80495113
3.5,3.5510507,3.4795492
10.0,11.746429,10.024618
3.75,3.7334273,3.681663
2.5,2.9811604,2.5083568
2.65,3.2727683,2.7682192
3.75,3.7586138,3.7362375
2.5,3.1716573,2.5422857
3.5,3.63884,3.473054
3.25,3.5642025,3.2646646
3.0,3.1599789,2.9649055
3.0,3.247517,2.9966562
2.5,3.0104759,2.55614
3.0,3.3086305,2.994233
2.5,3.0750337,2.5673032
0.8,0.9909121,0.801635
3.75,4.0492897,3.771257
3.0,3.3481307,2.9901938
2.5,2.9825702,2.5418882
3.0,3.3467643,2.9893107
3.1,3.0136135,3.052242
3.0,3.1855617,2.9635885
2.5,2.9494941,2.542401
3.0,3.1609533,2.9703915
2.2,3.078426,2.241374
0.8,0.9634944,0.80360067
3.5,3.5850413,3.4448903
3.75,4.066551,3.786021
4.06,3.5449774,3.270176
3.5,3.554836,3.494353
3.0,3.0874972,2.9727805
3.0,3.3162513,2.994233
2.5,2.9507127,2.5379667
4.5,4.380769,4.444795
3.5,3.5676289,3.442486
3.75,4.024542,3.75264
4.25,4.0664263,4.195979
3.75,3.741264,3.6795423
3.0,3.0258904,2.9727805
2.5,2.9905415,2.5364244
3.5,3.6523242,3.4461205
4.25,4.216584,4.1976256
2.2,3.0653844,2.240144
3.75,3.752674,3.7303538
2.5,3.0553052,2.5659742
2.2,3.0912154,2.240144
3.0,3.0862145,2.9541028
0.8,1.002253,0.7997268
2.5,3.1852512,2.5420887
3.0,3.2777672,2.994233
3.0,3.5783427,3.0251803
4.0,3.7077458,3.9213
8.95,9.344018,8.952988
4.75,4.5192747,4.691975
2.5,3.0040455,2.5099986
2.5,2.926355,2.5377097
2.2,3.0190759,2.241374
3.0,3.3133662,2.9907348
4.5,4.2404156,4.4682126
3.75,3.7618744,3.7278292
3.0,3.1884992,2.9650517
4.75,4.574153,4.690684
3.25,3.5902338,3.3016803
3.5,3.5817795,3.472513
2.5,3.0188496,2.5556161
3.0,3.1590583,2.9603174
2.5,3.0766215,2.5589147
3.5,3.5873318,3.442486
3.75,3.728412,3.6814005
2.5,3.0790527,2.5600305
4.75,4.5062094,4.691645
2.5,3.069168,2.567816
3.1,3.3068223,3.1018782
2.5,2.943356,2.5335705
3.1,3.4263499,3.101665
3.75,3.8516848,3.679245
3.0,3.6820033,3.0251803
3.5,3.5728462,3.4947064
3.1,3.0136135,3.0564413
3.0,2.6251173,2.850318
3.0,3.2505932,2.9959803
3.5,3.6233559,3.562832
2.5,2.9940531,2.55614
3.0,3.1554692,2.9649055
3.75,3.7228057,3.6814005
2.5,2.984592,2.5409613
2.1,2.5886354,2.7903771
2.5,3.0172982,2.5547931
4.25,4.095097,4.1970277
2.5,2.9567728,2.5370934
3.0,3.1562238,2.9703915
4.25,4.34055,4.1868925
3.0,3.1356986,2.9709263
3.75,3.725098,3.681456
3.0,3.1710405,2.9635885
3.75,3.7530212,3.7297537
3.5,3.5761487,3.483093
2.5,3.0370378,2.5556161
3.25,3.5591261,3.2596502
3.0,3.2582436,2.9901938
2.5,3.0695307,2.5636744
3.0,3.0893483,2.9527123
3.75,3.7144065,3.6812046
2.5,3.075052,2.5627046
3.75,3.7252638,3.6823502
2.2,3.0933037,2.241374
3.0,3.11696,2.9594612
3.25,3.5111182,3.2063475
4.5,4.4214954,4.445165
3.0,3.2597265,2.9901938
3.1,3.3897717,3.1007442
3.5,3.6145177,3.4799347
4.25,4.228369,4.187941
4.0,3.6957912,3.9241486
4.5,4.424791,4.446462
3.0,3.0661936,2.9322574
2.5,2.9528844,2.542401
3.75,4.386722,3.8086352
0.8,0.99341524,0.8015805
0.8,0.99768037,0.8037572
3.0,3.0815835,2.9754167
2.5,2.9316103,2.507822
10.0,11.059341,9.999427
8.95,9.517248,8.941474
3.1,3.0136135,3.0535529
2.5,2.974442,2.5099986
3.0,3.0709736,2.954167
2.5,2.950426,2.5365784
4.75,4.5124207,4.691645
3.5,3.769574,3.5618267
2.45,2.9195638,2.5136182
3.5,3.7816377,3.5658417
3.0,3.4193397,3.0570476
3.75,3.7588162,3.7293468
3.25,3.5508463,3.2454681
2.55,3.0136135,2.6164255
3.0,3.2054427,2.9614384
3.0,3.0761373,2.9741867
0.8,0.9747497,0.80378854
2.2,3.086744,2.241374
4.5,4.4551086,4.446792
3.0,3.2032046,2.9600635
2.2,3.0541635,2.240144
3.0,3.0730982,2.9727805
2.5,3.075555,2.5686755
2.0,2.6928632,2.0218124
4.0,3.693137,3.9241486
3.75,3.7176692,3.727224
2.5,2.939292,2.5371745
3.0,3.0819063,2.9589748
3.75,3.7329516,3.6808012
3.0,3.1581388,2.97099
3.25,3.578518,3.302616
2.0,2.6473505,2.0271523
3.75,4.0241356,3.7540905
3.0,2.5943663,2.6650996
2.5,2.9287004,2.507822
4.25,4.1149597,4.2010407
0.8,0.9756279,0.80461836
3.0,3.0729454,2.9296012
3.5,3.6081178,3.4448903
3.75,3.763066,3.7278523
2.5,3.0058434,2.5564342
4.25,3.9034317,4.2010407
3.75,3.7311358,3.681663
18.0,19.032696,17.971243
2.0,2.6401162,2.0271523
2.5,3.1751242,2.5422857
3.75,3.7039187,3.7287366
3.0,3.0659761,2.9727805
3.75,4.0180044,3.7529285
2.5,2.9356542,2.5083966
3.0,3.4161353,3.0574403
3.25,3.5794408,3.338108
0.8,0.9956216,0.7967953
3.0,3.434566,3.0579169
2.5,3.0012572,2.545172
2.1,2.5834281,2.733772
3.75,4.350377,3.808725
18.0,20.337091,17.96162
3.0,3.2042656,2.9611127
3.0,3.0785208,2.956917
3.0,3.1024768,2.9540684
2.5,3.0627418,2.5601902
2.45,2.972635,2.5125945
3.5,3.5555246,3.4797072
3.75,3.7222836,3.6803768
3.1,3.0136135,3.053176
3.5,3.5825315,3.4795687
4.0,3.6707609,3.923318
4.25,4.1848917,4.1972327
2.2,3.0626864,2.240144
45.0,31.83551,44.919865
3.5,3.5708725,3.4841623
3.75,3.7563577,3.7290914
3.0,3.5768723,3.0251803
3.0,3.1205275,2.9544957
3.25,3.5481727,3.244779
2.5,2.9309049,2.5347404
8.95,9.398311,8.946349
4.5,4.237752,4.475757
2.5,2.953084,2.5364463
4.25,4.1102896,4.1970277
3.75,4.2725167,3.7625506
3.5,3.55115,3.4798636
3.75,4.345296,3.8079891
0.8,0.9721502,0.7996408
4.0,3.7158203,3.9226468
2.2,3.0828595,2.241374
3.0,3.1454048,2.9709263
2.5,2.9923463,2.5553093
3.75,4.3440123,3.8096862
3.0,3.0696251,2.9329426
2.0,2.6780288,2.0259223
2.0,2.6358652,2.0259223
3.75,3.7237928,3.725407
2.5,3.0840473,2.5665731
3.1,3.0136135,3.0529106
2.5,3.0100536,2.5092754
3.0,2.889453,2.9137177
3.75,4.0655613,3.786021
2.5,3.0719619,2.5641317
2.5,2.9191816,2.5368137
3.75,3.7111044,3.6807423
3.5,3.5480478,3.473939
2.2,2.8767104,2.231433
3.0,3.070121,2.9338021
3.25,3.5660262,3.2363012
3.75,4.137741,3.7800767
2.5,2.934537,2.5099986
4.75,4.5010667,4.691645
0.8,0.97515893,0.8037249
3.25,3.5686371,3.3081114
0.8,0.99300563,0.8041432
2.5,3.0204158,2.5567331
2.0,2.6483798,2.0245647
3.0,3.0851717,2.9741867
3.0,3.2425694,2.994233
3.75,3.7587702,3.7632315
3.25,3.5850468,3.3019924
3.0,3.1046684,2.9554152
3.0,3.0896714,2.9560864
3.75,3.754487,3.6820314
3.0,3.1514592,2.97099
3.0,3.0932424,2.9754167
4.25,4.2782135,4.1864996
3.0,3.0752082,2.954719
3.5,3.8200376,3.5655117
3.75,3.7711585,3.734045
0.8,0.9899351,0.8037572
2.5,2.9449625,2.5372694
4.5,4.401821,4.4428368
3.0,3.2799714,2.9901938
2.2,3.0968573,2.241374
3.0,3.0793185,2.9565325
3.0,3.0924056,2.9540684
2.55,3.0136135,2.6170678
3.0,3.2015126,2.962558
3.75,4.065089,3.7815173
3.0,3.2243266,2.948241
3.5,3.6017103,3.472513
2.0,2.659096,2.0245647
2.5,2.938469,2.507822
3.75,3.7695215,3.7261543
2.5,2.9576743,2.538769
2.55,2.9773393,2.6143367
2.5,2.9810078,2.5432606
2.2,3.0691652,2.2381716
3.1,3.4232664,3.1012104
2.45,3.0353844,2.5130188
2.5,3.076728,2.567816
3.0,3.2756379,2.9893107
3.0,3.2055078,2.9481857
3.1,3.0136135,3.0528817
2.0,2.6429276,2.0245647
3.0,3.1413994,2.9553254
4.0,3.6664963,3.923318
4.25,4.106862,4.1970277
3.0,2.6226265,2.7528534
2.45,2.969905,2.5130568
3.0,3.306393,2.9907348
2.5,2.9870257,2.5108445
3.0,3.0879061,2.9620142
2.0,2.6772296,2.0218124
3.5,3.6438873,3.5546634
3.0,3.0696926,2.9727805
3.25,3.5460856,3.244779
3.75,4.0979185,3.7800767
4.25,4.182119,4.1976256
2.2,3.0997121,2.2381716
3.1,3.0136135,3.0535529
3.0,3.13879,2.97099
0.8,0.9859605,0.8035693
0.8,0.96669936,0.80350566
19.75,34.514954,20.110624
3.0,3.160973,2.9588249
3.5,3.6362183,3.4461205
2.5,2.9657545,2.542401
2.5,2.9404087,2.542401
3.75,3.7072656,3.7628388
2.5,2.9557538,2.5099986
3.0,3.2329197,2.9477282
2.5,3.099672,2.5575376
3.0,3.1152186,2.9627645
3.0,3.0802412,2.9538624
3.75,4.0242586,3.7616913
3.25,3.590208,3.3029397
4.5,4.375201,4.457113
2.5,3.0619602,2.5673585
2.55,3.0136135,2.615546
3.0,3.0749114,2.9541297
3.0,3.2113626,2.9635885
3.0,3.0948071,2.9560084
3.0,3.0938773,2.9741867
3.75,3.5378916,3.7461782
2.5,2.994051,2.5432606
2.5,2.9040718,2.507822
3.0,3.3289437,2.994233
3.75,4.0452795,3.7493658
3.75,3.7433174,3.6798973
3.75,3.773874,3.7632315
3.5,3.6296287,3.5556686
3.0,3.236819,2.9966562
3.5,3.6042693,3.47096
0.8,1.0008699,0.8041432
3.0,3.1063695,2.9629564
2.0,2.6337297,2.0271523
2.2,2.911271,2.231433
3.1,3.0136135,3.0515962
2.5,3.083538,2.5619178
2.5,3.055296,2.5677607
3.0,3.22702,2.9605923
2.5,2.9959445,2.5553093
3.75,3.7438643,3.681663
3.0,3.173377,2.964046
3.75,3.7078598,3.7252588
3.0,3.1746361,2.97099
3.0,3.337288,2.9907348
4.5,4.389412,4.446462
2.5,3.055725,2.5651262
3.1,3.0136135,3.052051
3.25,3.545479,3.2680433
3.75,3.7461102,3.681663
3.0,3.2684312,2.9907348
3.0,3.0762668,2.9741867
3.5,3.8500545,3.5658417
4.75,4.5892153,4.691645
4.5,4.3363724,4.418981
3.1,3.4256244,3.1012995
2.0,2.7142787,2.021214
3.75,4.0367904,3.7514062
2.5,2.9784179,2.5099986
3.5,3.61352,3.5510478
2.5,3.083826,2.5610268
4.25,4.21835,4.1976256
3.0,3.244793,2.9959803
3.5,3.6126797,3.5667121
3.75,4.3664904,3.8060834
3.75,4.2906504,3.808725
3.25,3.501861,3.202162
4.0,3.72869,3.9253833
3.0,3.5144374,3.0584881
2.5,2.9711096,2.5083966
0.8,0.97853005,0.8038172
2.45,2.9443693,2.5134223
3.75,4.027988,3.7463965
4.25,4.269395,4.1864996
2.0,2.674555,2.0217488
3.0,3.0869122,2.9316998
3.75,4.0154195,3.7736754
4.75,4.5254583,4.692837
4.25,4.1155834,4.1970277
2.0,2.6625109,2.021214
2.5,2.9576385,2.5369945
3.0,3.060895,2.960745
3.0,3.0563102,2.9347515
2.55,3.0136135,2.620302
3.0,3.0699058,2.9530425
2.5,3.0815985,2.5637474
4.25,4.109413,4.2010407
3.0,3.3769155,3.0579169
3.25,3.1879587,3.3175373
2.5,3.1787186,2.5409389
3.75,3.7311606,3.681663
3.5,3.550865,3.4802926
2.5,2.926761,2.5365038
3.75,4.067998,3.7846484
2.5,3.072512,2.5576637
2.2,2.8339467,2.231974
3.0,3.1731205,2.9641838
3.0,3.3111625,2.9901938
3.5,3.9455261,3.5618267
2.2,2.8155236,2.2299645
3.25,3.552692,3.2646646
3.0,3.2070823,2.9613562
3.0,3.306367,2.994233
2.5,3.170143,2.5410373
3.0,2.5446844,2.7740023
3.75,3.7210705,3.7267106
3.1,3.4178734,3.098538
0.8,0.9840056,0.79705274
9.5,10.037934,9.480791
2.5,2.9687948,2.5375364
3.75,4.034436,3.7504485
3.0,3.4667761,3.0574403
3.75,4.396636,3.8099263
4.5,4.3509617,4.444795
3.0,3.1800535,2.9629033
0.8,0.97942764,0.80419654
3.0,3.115821,2.9540684
0.8,0.9828826,0.80395615
3.5,3.6279755,3.4461205
3.0,3.1741133,2.964046
3.5,3.5901425,3.472513
2.5,3.0209963,2.5556161
3.5,3.5484698,3.4755785
2.5,2.9490197,2.5419436
3.75,4.055998,3.7815173
0.8,0.95769596,0.8033353
3.0,3.0783467,2.9727805
2.45,2.9534748,2.5145679
3.0,3.0814538,2.9504852
3.0,3.0907104,2.956917
2.0,2.6754477,2.0259223
2.5,2.955408,2.5099986
4.25,4.120866,4.200648
2.2,3.0917697,2.241374
2.5,2.9877172,2.5108445
3.25,3.565077,3.2662144
2.5,3.0680313,2.5670755
3.75,3.95417,3.7736754
2.0,2.6648831,2.021214
3.0,3.1502924,2.9629033
15.0,18.564955,15.082387
3.0,3.068486,2.9520276
3.0,3.10532,2.9540684
2.0,2.7012796,2.021214
3.0,3.2331748,2.9622226
3.0,3.242821,2.9477835
3.0,3.1470363,2.9966562
3.0,3.1742015,2.9966562
3.5,3.6506884,3.5680635
3.1,3.0136135,3.0535529
3.0,3.494911,3.0621932
3.0,3.6301684,3.0251803
2.45,2.9128509,2.514249
3.0,3.2750459,2.9959803
3.0,3.0868802,2.9727805
4.25,4.0641503,4.195586
3.5,3.5539777,3.47096
3.0,3.6458683,3.0209367
2.5,2.9354918,2.5369945
3.25,3.5544143,3.244779
3.0,3.0864997,2.9299695
4.25,4.10711,4.1970277
2.2,3.0825717,2.241374
3.0,3.1504676,2.9627159
2.5,3.1919205,2.5437799
3.5,3.8409393,3.56042
2.5,3.0433416,2.5556161
4.25,4.1091385,4.2010407
2.45,2.9262397,2.514249
3.0,3.2913995,2.9591463
4.5,4.3251266,4.4402776
3.25,3.4283385,3.273025
9.5,9.464591,9.480028
2.5,3.076896,2.567816
4.0,3.737547,3.9281707
3.0,3.1529298,2.97099
2.5,3.0174818,2.5547931
3.0,3.0800357,2.952719
3.0,3.0807195,2.9526315
3.5,3.5636423,3.4772422
3.5,3.5505857,3.4812827
3.75,3.680059,3.726252
0.8,0.9935516,0.8043303
3.0,3.1564898,2.964046
2.5,2.9629364,2.542401
3.0,3.4474735,3.0621932
2.5,3.095879,2.541455
3.75,3.7610052,3.681573
2.5,3.0572627,2.5677607
3.5,3.5814645,3.4800975
4.75,4.4894586,4.686842
2.5,3.0067832,2.5553093
3.5,3.8577845,3.563645
4.75,4.5075445,4.690515
3.75,3.7264917,3.6814005
4.75,4.5175347,4.691645
3.75,3.9477134,3.7638538
2.55,3.0136135,2.6150498
2.5,2.970567,2.5357623
3.75,3.7464464,3.7283318
18.0,20.306067,17.935335
2.5,2.9294047,2.5413446
3.5,3.8644016,3.554123
2.5,2.9417071,2.538743
2.5,3.0162292,2.5547931
2.5,3.0764582,2.5665731
3.5,3.60443,3.4448903
3.75,4.0638247,3.786021
2.5,3.0271616,2.5548544
4.25,4.0658245,4.195586
2.5,2.9416285,2.5083966
3.0,3.6601746,3.02466
3.0,3.229291,2.948241
2.5,3.07755,2.5677607
2.5,3.0646486,2.567816
3.25,3.5484598,3.2612886
4.5,4.421298,4.446462
3.0,3.0769246,2.9553509
3.0,3.0752668,2.9754167
3.75,4.051955,3.7727792
3.75,3.854181,3.7628388
4.25,4.248167,4.187941
3.75,4.0611515,3.7864137
3.5,3.9723399,3.566704
2.1,2.5645278,2.7814178
4.25,4.212009,4.1972327
3.0,3.2011197,2.9635885
2.2,2.865855,2.231974
3.75,4.32034,3.8068943
2.5,3.078897,2.567816
3.25,3.5745625,3.3170943
0.8,0.9724852,0.8037249
3.25,3.5557637,3.236886
4.25,4.1254272,4.200648
3.75,4.3838186,3.8099263
2.5,3.0009768,2.5553093
0.8,0.9709798,0.80428886
2.2,3.0828724,2.241374
0.8,0.9688443,0.7983326
0.8,0.9732369,0.7994352
2.5,2.9410617,2.537452
2.5,2.9294136,2.5364463
3.1,3.0136135,3.052051
3.75,3.715824,3.724119
3.25,3.566994,3.301299
3.75,3.6890423,3.728595
2.5,3.070983,2.5673585
3.0,3.1090152,2.9521203
3.25,3.5564866,3.2419004
4.5,4.419138,4.445165
2.55,3.0136135,2.6150498
4.0,3.718103,3.9226468
3.75,4.065917,3.786021
4.25,4.065734,4.195979
3.5,3.5530775,3.4801126
3.0,3.069721,2.9741867
2.45,3.0387459,2.5129611
3.75,4.3642235,3.8096862
3.1,3.0136135,3.0535529
3.5,3.5349908,3.442486
2.5,2.903,2.507822
3.75,3.7391522,3.7295074
3.75,3.725373,3.6819525
2.2,2.8069828,2.231433
0.8,0.9899118,0.8036213
3.75,3.7325926,3.6812046
2.55,3.0136135,2.6181285
3.1,3.4297645,3.1016688
2.0,2.6946898,2.0218124
4.75,4.5006194,4.6937156
3.0,3.2712045,2.9901938
3.0,3.1830084,2.964732
3.5,3.60027,3.484151
3.75,3.7294753,3.6830978
3.1,3.4213417,3.1019108
3.0,3.0733519,2.9316998
3.0,3.2462132,2.964869
4.25,4.2768993,4.1864996
3.5,3.6081855,3.4942858
3.75,4.395804,3.8095963
2.5,3.0774705,2.5608087
3.75,4.062272,3.7864137
4.5,4.327494,4.4703736
2.5,2.975923,2.542401
4.75,4.4920044,4.692071
4.25,4.1160173,4.1964564
3.5,3.5710495,3.481267
2.2,2.8262343,2.2299645
3.5,3.5738614,3.4967062
2.65,3.2537584,2.7682192
2.0,2.6620321,2.0245647
3.0,3.0568347,2.964237
3.75,4.33129,3.809334
3.75,3.7289197,3.7475264
4.0,3.674554,3.9213
3.0,3.239884,2.9477282
3.0,3.2324355,2.9612186
2.0,2.6421514,2.0271523
3.5,3.8031023,3.563845
3.0,3.0860467,2.9560864
3.0,3.270462,2.9901938
3.5,3.5264888,3.4715009
3.5,3.6005309,3.4448903
3.75,3.714156,3.724895
2.5,2.9192529,2.5099986
2.5,2.9640255,2.5083966
2.5,2.9887888,2.5432606
2.5,2.9326715,2.538912
2.5,2.9616146,2.5373058
4.25,4.056341,4.1970277
3.5,3.864035,3.5652494
2.5,2.9410434,2.5372002
3.1,3.0136135,3.051535
2.5,2.9603367,2.5083966
4.0,3.7459228,3.9213612
8.95,9.953554,9.038617
0.8,0.99315864,0.8037572
2.45,2.9264553,2.514249
3.75,4.305297,3.8082995
2.45,2.9401133,2.5137906
3.0,3.172103,2.964046
3.75,3.7810888,3.726089
3.0,3.2093415,2.9635885
2.0,2.6778376,2.0217488
3.75,3.6456244,3.7660592
2.5,3.0847404,2.567816
3.0,3.0807276,2.9741867
4.25,4.236964,4.187941
3.0,3.2063117,2.9491005
3.0,3.0849566,2.9548914
2.2,2.8716311,2.231433
3.75,3.7325835,3.7267492
3.75,4.066944,3.786021
3.75,3.7181213,3.7270782
3.5,3.6234877,3.573727
3.75,4.2930536,3.803626
0.8,0.98383635,0.80294186
3.1,3.0136135,3.051535
3.0,3.411562,3.0584881
3.5,3.5515988,3.4871643
3.0,3.0807157,2.9536915
3.25,3.5723596,3.3054678
2.5,2.955162,2.5369945
3.0,3.5910492,3.0236044
3.25,3.574088,3.308188
3.5,3.5497763,3.442486
2.5,3.0161736,2.556811
4.75,4.489977,4.690348
3.0,3.084251,2.9533486
3.75,3.7380874,3.681663
14.0,13.848308,13.982687
2.55,3.0136135,2.6166909
2.45,3.363714,2.5116842
2.2,3.079548,2.240144
3.75,4.113695,3.7800767
3.0,3.1960745,2.9633458
2.5,2.9365084,2.5328336
3.5,4.0944977,3.5672047
3.0,3.4300146,3.0584881
3.5,3.5633843,3.442486
2.5,3.003437,2.5423458
2.2,3.091514,2.231974
3.5,3.864775,3.5648234
3.0,3.0720944,2.9499948
3.75,3.7010694,3.731648
0.8,0.97526574,0.7997529
3.0,3.0786252,2.9328873
3.5,3.6397073,3.4715009
2.5,3.0789688,2.5595973
0.8,0.99108624,0.7976514
20.45,18.096432,20.452251
2.5,3.0462835,2.557634
3.75,4.315322,3.8095963
3.75,4.027027,3.7638686
3.5,3.6356137,3.4461205
2.45,2.908807,2.5134223
3.75,3.7598584,3.7632315
3.0,3.2646503,2.9959803
3.5,3.6045477,3.483203
4.0,3.6683114,3.924141
3.5,3.5776312,3.483093
7.6,7.6507797,7.604954
3.0,3.0637178,2.9292293
2.5,2.9387655,2.5369945
3.75,3.7125058,3.7326567
2.5,2.9757977,2.5416605
3.5,3.6599727,3.484269
3.0,3.2097607,2.948241
4.0,3.6742039,3.9205844
3.0,3.205882,2.9639244
2.5,3.0081863,2.5092754
2.5,2.9833467,2.5416605
3.25,3.5529904,3.239839
3.75,3.7409043,3.7276711
3.0,3.2216058,2.948241
4.0,3.688908,3.9213612
3.75,3.7721999,3.7628388
4.25,4.112816,4.2010407
45.0,29.638184,44.046112
3.5,3.7687736,3.5628097
3.25,3.5596027,3.2406228
0.8,0.97696817,0.80014765
2.5,2.9694295,2.541203
0.8,1.0016758,0.8041432
3.25,3.5072103,3.1992803
2.5,2.9819617,2.5099986
3.0,3.1033783,2.9548914
3.0,3.0670838,2.9727805
2.45,2.969907,2.5130568
2.5,2.9730744,2.507822
2.0,2.670864,2.0218124
0.8,0.98275983,0.80368495
3.0,3.3198657,2.9959803
3.1,3.0136135,3.053098
2.5,2.9533308,2.5364463
0.8,0.9932282,0.80516833
3.75,3.8712509,3.7638538
3.0,3.0853796,2.9610643
3.5,3.6059844,3.4831636
3.75,4.0316725,3.7675107
3.25,3.587497,3.3088675
3.0,3.0605307,2.9741867
3.5,3.5695698,3.4800298
3.5,3.6124861,3.4926982
3.0,3.5667331,3.0251803
3.75,4.05779,3.7864137
3.0,3.0664434,2.954167
3.0,3.2290823,2.9477835
4.5,4.4259777,4.44376
0.8,0.97666633,0.79653716
4.5,4.428234,4.446462
4.5,4.4343324,4.4465513
3.5,3.5609543,3.4915562
4.25,4.291527,4.1868925
3.75,4.1240764,3.7804694
3.25,3.5700126,3.3068147
4.25,4.270441,4.1864996
3.75,3.7547204,3.7290423
3.75,4.1251793,3.7800767
3.25,3.5476859,3.2435014
3.25,3.5507393,3.2381296
0.8,0.97376645,0.7992571
0.8,0.9990286,0.8037572
3.0,3.227411,2.9966562
3.25,3.586576,3.3040442
3.5,3.6084232,3.47096
2.0,2.657187,2.0259223
2.2,2.884885,2.231974
3.5,3.5504992,3.4731495
3.0,3.0765743,2.9571333
2.2,3.094514,2.240144
3.5,3.845885,3.5658417
2.5,3.0647755,2.5677607
3.0,3.1644192,2.9596326
3.25,3.5645568,3.2646646
3.0,3.3585968,3.0579169
3.0,3.473686,3.0621932
0.8,0.9860604,0.80357826
2.5,2.9110394,2.5359888
3.75,3.7198584,3.7266846
2.1,2.5673158,2.5656848
3.5,3.593051,3.472513
2.5,3.084922,2.5670755
3.1,3.0136135,3.054376
3.75,3.9715936,3.7632315
0.8,0.99015296,0.8037572
3.0,3.420442,3.0574403
3.5,3.769067,3.5658417
3.5,3.9903839,3.5758314
3.1,3.0136135,3.0521286
2.5,2.998273,2.5092754
12.0,13.006878,12.52173
2.2,3.0688019,2.240144
3.0,3.0999184,2.9584975
3.5,3.576327,3.472513
21.0,19.41611,21.030994
3.0,3.358564,3.0584881
3.0,3.2170048,2.948241
4.0,3.7012284,3.923318
0.8,0.97974455,0.7994352
3.5,3.5855215,3.442486
3.1,3.0136135,3.054376
3.75,3.7430494,3.7298799
4.5,4.315573,4.4925485
3.0,3.0653784,2.9324298
3.0,3.3965735,3.0621932
3.1,3.327013,3.1020372
2.5,2.9499598,2.5099986
2.2,2.8716035,2.231974
4.0,3.7013612,3.923318
3.75,4.3223276,3.8060846
3.0,3.073019,2.9514441
4.0,3.6988308,3.923318
2.5,3.0080395,2.556811
3.0,3.2566996,2.9966562
3.5,3.547272,3.476441
3.5,4.0053234,3.571112
3.0,3.2405324,2.9622872
4.5,4.2968016,4.468581
3.25,3.56338,3.2646646
2.5,2.9693162,2.5418882
3.75,3.7209609,3.7311192
10.0,10.157719,9.994183
3.1,3.0136135,3.051535
3.5,3.5544229,3.4766483
2.5,3.0747864,2.561665
3.5,3.5772855,3.442486
3.5,3.5614107,3.4905872
3.1,3.0136135,3.0508027
3.75,3.7627788,3.6820314
3.1,3.0136135,3.054376
4.5,4.3484125,4.471984
2.5,3.073587,2.5620804
2.5,3.0222528,2.5547931
3.0,3.0837731,2.9548914
2.2,3.0817878,2.2381716
2.55,3.0136135,2.6123736
3.0,3.2013435,2.963414
4.5,4.2147846,4.4863505
3.25,3.5642157,3.2419004
2.5,2.9864569,2.5092754
3.0,3.251173,2.994233
3.0,3.1547284,2.9638312
3.0,3.1941772,2.9634762
14.75,17.967981,14.867265
4.25,4.0664654,4.195586
2.5,3.0752127,2.5673032
18.0,18.677721,17.974419
3.0,3.2381625,2.9477835
2.0,2.6777327,2.021214
3.75,3.9535313,3.7736754
2.5,3.0061393,2.5569994
2.5,2.9866102,2.5092754
2.5,2.9965584,2.5553093
2.0,2.6463857,2.021214
2.5,3.1300163,2.5397518
4.25,4.1251507,4.200648
3.0,3.0427234,2.932907
2.5,2.9609685,2.5108445
3.0,2.583935,2.621357
3.25,3.544321,3.2626033
4.25,4.289193,4.1868925
3.0,3.0766873,2.9754167
0.8,0.9827262,0.79993045
4.5,4.2821074,4.467692
3.0,3.1630135,2.97099
3.75,3.7257128,3.7291152
2.5,2.9382222,2.538245
3.5,3.56224,3.4967086
4.0,3.6965737,3.9241486
4.25,4.0654507,4.195979
3.5,3.5520248,3.473967
4.25,4.3130255,4.1864996
3.1,3.0136135,3.054376
4.5,4.385343,4.445618
3.25,3.5575771,3.263387
3.0,3.065999,2.932485
3.0,3.4359798,3.0618005
0.8,0.9763199,0.8035693
0.8,0.97629,0.80507845
3.0,3.1631753,2.97099
2.5,3.079403,2.5607154
3.0,3.0907896,2.9754167
3.5,3.5913897,3.4461205
3.0,3.222446,2.9605923
2.5,3.0795617,2.5673032
2.2,3.0649993,2.241374
2.5,2.9594424,2.5099986
3.0,3.3701882,2.951836
3.75,3.7733603,3.7628388
0.8,0.9693648,0.7996807
2.5,3.0641932,2.5670755
2.5,2.967865,2.5423458
2.5,3.0792005,2.5627148
2.5,3.0184329,2.556811
3.75,4.07736,3.7804694
2.5,2.9563727,2.535761
3.0,3.0923445,2.9754167
3.5,3.6386244,3.4461205
3.0,3.199649,2.9628341
3.0,3.0877252,2.9569094
3.0,2.6056738,2.7600243
2.5,2.9786758,2.5108445
3.75,3.788639,3.6820314
2.5,2.9731517,2.507822
4.5,4.2703505,4.4870105
2.2,2.7859457,2.2299645
3.0,3.1650977,2.9650517
45.0,30.528553,45.002327
2.55,3.0136135,2.614673
3.5,3.5520463,3.485057
2.5,3.1338415,2.541944
3.25,3.572739,3.3247457
3.75,3.7231092,3.6803768
2.5,2.9423947,2.535761
3.0,3.0730588,2.9754167
3.5,3.8505678,3.5655117
0.8,0.98388755,0.80516833
3.75,4.0374794,3.7643864
4.25,4.067342,4.195586
2.2,3.0813653,2.241374
2.5,3.0656443,2.5673032
2.65,3.296873,2.7660718
2.5,3.0262702,2.556811
3.75,3.7113407,3.6803768
3.0,3.176836,2.964448
3.0,3.0733852,2.9741867
3.5,3.5682757,3.4448903
3.25,3.5619242,3.260434
2.45,2.94326,2.514233
2.45,2.9588046,2.5133283
2.5,3.075433,2.5679417
3.75,4.313718,3.8086352
4.5,4.312461,4.468706
3.5,3.6240513,3.4461205
4.25,4.066519,4.195586
3.0,3.18014,2.97099
0.8,0.9881656,0.80367726
3.75,3.7344337,3.7632315
3.1,3.4131489,3.1012104
2.45,2.9036212,2.5141702
3.0,3.0699537,2.9754167
3.0,3.2392023,2.9959803
4.0,3.6807418,3.9253833
3.75,4.0608406,3.7815173
4.25,4.066801,4.195586
2.55,3.0136135,2.6145263
3.0,3.0687532,2.9554152
3.5,3.537247,3.442486
3.0,3.0708227,2.951836
3.1,3.0136135,3.0515962
3.1,3.3118947,3.101941
2.5,3.0681732,2.5554302
4.5,4.3821044,4.4412274
3.0,3.0814323,2.9741867
3.75,4.3449326,3.8099263
3.5,3.931149,3.5659378
3.0,3.0876284,2.9560864
3.5,3.614767,3.4461205
2.5,3.0721292,2.5677607
4.75,4.502493,4.6880198
3.0,3.0790796,2.9326108
2.5,3.0750277,2.5624557
3.75,3.982556,3.76321
3.0,3.1918907,2.9477282
3.75,4.3033514,3.8106987
3.5,4.0834208,3.563845
3.75,3.7808378,3.7628388
3.5,3.553807,3.442486
0.8,0.98977554,0.8036213
3.25,3.5728028,3.3104527
2.0,2.6777232,2.0218124
2.5,3.1458158,2.541385
3.75,4.0459027,3.771257
3.5,3.6350873,3.472513
4.0,3.226181,3.922123
0.8,1.004991,0.8034785
8.95,9.395534,8.949005
2.55,3.0136135,2.6172562
3.0,3.0771437,2.941016
3.0,3.222363,2.948643
4.75,4.585638,4.693894
2.0,2.6527114,2.0259223
2.45,2.9612877,2.51526
3.75,4.314822,3.8043618
4.25,4.113163,4.2010407
4.5,4.4291687,4.446462
3.5,3.5537477,3.4811773
3.5,3.5971437,3.4461205
2.0,2.7200801,2.021214
2.5,2.97224,2.5354002
3.0,2.5581927,2.8201292
2.0,2.629694,2.0271523
3.75,4.3081636,3.8074677
10.0,11.046751,10.013343
2.5,2.928999,2.5412564
2.5,2.935512,2.5099986
3.0,3.563777,3.0236044
3.0,3.205854,2.964046
4.0,3.6775424,3.9213
2.5,3.103466,2.5410001
3.0,3.1591263,2.97099
3.75,3.7559326,3.727301
4.75,4.49864,4.6878033
3.5,3.5460281,3.4448903
3.0,3.2290168,2.948241
3.75,3.7406776,3.728276
3.1,3.3891034,3.1008449
3.0,3.1574945,2.9641035
2.5,2.916552,2.5364463
4.25,4.114085,4.1970277
3.0,3.7025664,3.021457
4.75,4.47848,4.6929326
0.8,0.9991059,0.80516833
4.25,4.066595,4.195586
2.2,2.8546243,2.231433
3.75,3.9111285,3.7632825
2.0,2.7023225,2.0218124
2.5,2.966161,2.5348263
3.75,3.7131703,3.6829264
4.25,4.111788,4.2010407
3.25,3.5505183,3.244056
2.2,2.800136,2.2299645
3.0,3.0781684,2.9754167
3.5,3.621929,3.473054
3.75,4.322682,3.8095963
0.8,0.97867024,0.8041432
3.5,3.9149163,3.5645506
3.75,3.7536516,3.7356544
3.0,3.231325,2.994233
3.75,4.0566273,3.7864137
3.5,3.6236246,3.4898372
3.0,3.204205,2.964046
3.0,3.1197047,2.9619064
4.5,4.2506037,4.4682126
3.0,3.2299345,2.9604702
3.75,3.9921875,3.7736754
3.75,3.7594187,3.7632315
3.1,3.3236778,3.1018782
3.0,3.6726747,3.0251803
2.0,2.6380618,2.0259223
2.2,2.8209813,2.231433
2.45,2.9196634,2.5134223
0.8,0.98457754,0.80516833
3.1,3.4290605,3.1016688
2.5,3.062489,2.5677607
2.0,2.6937847,2.0218124
2.5,3.0725923,2.5673585
2.5,3.068195,2.5673032
3.75,3.755655,3.7283995
3.25,3.566086,3.3031735
3.25,3.5502725,3.2411168
3.0,2.5669556,2.6723833
2.55,3.0136135,2.6160197
3.0,3.0763268,2.9510698
4.0,3.6631238,3.923318
3.75,3.7208958,3.6820154
3.5,3.9504635,3.5656016
4.25,4.2668524,4.1864996
3.0,3.265869,2.9907348
3.5,3.6022573,3.473054
2.5,2.9365554,2.5083966
0.8,0.996067,0.7998478
3.75,4.0183573,3.7508194
3.0,3.1480355,2.97099
3.0,2.9848762,2.963591
8.95,9.325381,8.946834
3.25,3.556531,3.2454681
7.6,7.725219,7.60466
2.5,3.1083403,2.5417619
2.5,2.9615204,2.5346189
0.8,0.9847048,0.8003025
0.8,0.9766372,0.80350566
3.75,3.7611861,3.7628388
2.5,2.9665093,2.5366206
3.1,3.0136135,3.049648
2.1,2.6072948,2.6040514
4.0,3.6409562,3.9214392
2.45,2.9628317,2.5134223
3.0,3.0774126,2.9513495
3.5,3.558417,3.4448903
2.5,2.9579644,2.537452
4.25,4.2042675,4.1972327
2.2,3.098777,2.2381716
3.0,3.072019,2.9741867
3.0,3.2247367,2.9477835
3.5,3.632694,3.5513754
2.5,3.0761006,2.5673032
6.4,11.442678,6.4673543
2.0,2.665565,2.0245647
3.0,3.1566107,2.9429233
2.5,3.0157456,2.5092754
3.0,3.3638325,3.0579169
3.5,3.5408967,3.442486
2.55,3.0136135,2.6170678
4.0,3.6994648,3.9208813
2.5,3.0363293,2.5556526
2.0,2.6870737,2.0217488
3.5,3.5432894,3.4800055
4.25,4.3584557,4.1868925
2.2,3.0762706,2.240144
2.5,2.919977,2.507822
2.2,2.8539546,2.231433
2.5,2.9458864,2.5365434
2.5,3.1858706,2.54448
3.0,3.1955929,2.9966562
0.8,0.9895346,0.79700434
2.5,3.1127126,2.5409389
0.8,0.99589735,0.80410784
3.0,3.1016052,2.9574683
2.5,2.954231,2.5419436
3.0,3.2488236,2.948241
3.0,3.128857,2.9492962
3.5,3.968038,3.5643756
2.2,3.0785463,2.2381716
3.5,3.8332353,3.564215
2.55,3.0136135,2.6150498
2.0,2.6451468,2.0271523
3.25,3.5474832,3.2427177
2.5,2.925213,2.5378044
3.75,4.0592966,3.7864137
3.0,3.2504413,2.9959803
3.1,3.0136135,3.053999
2.5,2.9955206,2.55614
2.5,3.1856184,2.5422857
2.5,2.9633117,2.5371876
4.75,4.4943905,4.6884565
2.5,3.0780463,2.5596848
3.75,4.1033306,3.7804694
3.0,3.2540083,2.9966562
2.5,3.071858,2.560594
3.0,3.0850868,2.930531
2.5,3.1099715,2.541455
3.0,3.320293,2.9898517
4.25,4.1271873,4.200648
2.5,2.9526205,2.5348701
3.0,3.2502713,2.9477835
3.75,4.0665627,3.780946
2.5,2.94316,2.5108445
3.0,3.1728668,2.9650517
0.8,0.9967531,0.8041432
3.0,2.603833,2.6106627
3.25,3.548993,3.2435014
0.8,0.9682861,0.8037249
4.25,4.2853875,4.1868925
3.5,3.762498,3.560918
3.0,2.6269052,2.5675514
3.5,3.7731593,3.5623233
3.1,3.409546,3.1019058
2.5,3.0892959,2.5621157
2.5,2.9361627,2.537452
3.5,3.611369,3.549491
2.0,2.6473405,2.0259223
3.0,3.2807775,2.9616804
3.0,3.1427922,2.9709263
2.5,3.176751,2.5422857
2.5,2.9588847,2.5367668
3.5,3.5645616,3.4798849
3.0,3.4238753,3.0574403
2.0,2.6783495,2.021214
2.5,3.0745862,2.5625734
3.25,3.5703676,3.3071032
3.75,3.7317011,3.6812046
2.5,2.935498,2.5383646
2.5,3.0100584,2.5553093
3.0,3.2660382,2.9477835
3.0,3.2484555,2.994233
4.25,4.0641994,4.195979
3.0,3.0737488,2.9511914
2.5,3.1200254,2.542502
4.5,3.7466884,4.475757
2.2,3.097772,2.2381716
3.5,3.580139,3.4830594
3.0,3.0631676,2.9754167
3.1,3.0136135,3.0519392
2.0,2.6275375,2.0271523
4.5,4.318075,4.4687176
3.75,3.6464171,3.7628388
3.0,3.0827546,2.9754167
2.5,3.0651586,2.5673585
3.1,3.0136135,3.0552924
3.75,3.729891,3.6808012
3.0,3.5382607,3.0618005
2.0,2.7049842,2.0218124
12.0,13.851666,14.215201
3.5,3.940572,3.5656016
3.0,3.1492321,2.9613492
3.75,3.7244532,3.7334833
4.5,4.287158,4.4685717
3.0,3.1853218,2.9635885
3.75,4.1180906,3.7800767
3.1,3.3971646,3.1008449
3.1,3.3955703,3.1018622
3.75,4.072486,3.786021
2.0,2.6830077,2.021214
2.0,2.6325083,2.0259223
3.5,3.5868912,3.4715009
2.5,3.061238,2.5677607
2.0,2.6074152,2.0271523
2.2,2.7680268,2.2305055
0.8,0.9799392,0.80441636
3.0,3.0783353,2.9329426
3.5,3.56515,3.4808772
3.5,3.8956344,3.5616639
2.5,2.9467528,2.542401
4.75,4.4933715,4.691741
0.8,0.97163033,0.8041619
3.5,3.5462856,3.4782076
3.0,3.3959332,3.0570476
3.0,3.4722836,3.0570476
3.0,2.609298,2.9188428
2.5,2.953247,2.5083966
2.2,3.0595338,2.240144
0.8,0.9992048,0.80516833
3.5,3.8248987,3.5655117
2.5,3.1048481,2.5437799
4.5,4.2875156,4.4682126
4.5,4.1237593,4.444795
3.5,3.5744483,3.4920652
3.5,3.5885723,3.4448903
3.0,3.2861545,2.9610014
2.5,2.9139967,2.507822
3.0,3.0722523,2.9328873
2.5,2.9604824,2.507822
2.5,2.93779,2.537452
3.0,3.1847851,2.9589825
22.5,20.95318,22.351976
3.75,3.7659905,3.681573
4.5,4.3894496,4.443716
0.8,0.984105,0.80089927
3.5,3.5532973,3.474863
3.5,3.595611,3.442486
3.0,3.1677213,2.9703915
2.5,3.149425,2.5429568
3.0,3.094056,2.9727805
2.5,3.0265367,2.5547931
3.0,3.1838913,2.964046
3.1,3.367021,3.1008031
3.1,3.0136135,3.0552413
2.5,2.8993073,2.5353036
2.5,2.9788613,2.5099986
3.0,3.0804474,2.9316998
3.0,3.1661954,2.9966562
3.0,3.3100448,2.9907348
2.5,3.0772934,2.5677607
3.0,3.2242265,2.9619415
2.2,3.089122,2.241374
2.0,2.6759892,2.0259223
3.5,3.6140869,3.4790688
2.5,2.920817,2.534214
2.5,2.9791543,2.5361314
3.5,3.552341,3.481729
0.8,0.97651434,0.7749961
0.8,0.97364885,0.80428886
4.25,4.128369,4.200648
3.0,3.2706742,2.9901938
3.0,3.0637183,2.932485
3.0,2.5748298,2.5631406
4.0,3.6968539,3.9152794
3.75,4.3452644,3.8096924
3.5,3.5516193,3.485736
2.2,3.07856,2.241374
3.75,3.997001,3.7736754
3.0,3.2943254,2.994233
2.0,2.6678205,2.021214
2.0,2.7184057,2.0218124
4.5,4.3489366,4.4705358
3.1,3.0136135,3.051535
0.8,1.0041438,0.80516833
3.1,3.2945094,3.1011126
3.25,3.565169,3.2348285
3.75,3.748769,3.7298098
2.5,3.0651648,2.5677607
3.0,3.1484118,2.97099
3.25,3.55108,3.244779
2.5,2.9513168,2.5108445
0.8,0.97627115,0.7892659
2.5,2.9909105,2.5553093
4.25,4.233034,4.1976256
4.25,4.06563,4.195586
4.25,4.2129927,4.1972327
3.5,3.8576925,3.5666142
4.0,3.7132704,3.9241486
4.25,4.118491,4.200648
2.5,3.0783553,2.5688236
3.0,3.3799012,3.0579169
2.0,2.6542144,2.0245647
8.95,9.347374,8.946349
3.0,3.0750911,2.9538188
4.25,4.2712803,4.1864996
2.5,3.0067055,2.5092754
8.95,9.472187,8.948176
3.0,3.251607,2.9966562
0.8,0.9893205,0.8041432
2.2,2.7996511,2.2305055
3.1,3.0136135,3.053176
0.8,0.9892079,0.80516833
3.0,3.3218303,2.994233
3.0,3.0761397,2.9541314
3.0,3.0827398,2.956917
3.5,3.60788,3.481404
2.0,2.647985,2.0271523
3.0,3.1153076,2.954928
4.5,4.426615,4.443202
3.5,3.8324795,3.5655117
3.0,2.5855088,2.7500122
3.1,3.4394617,3.1003826
2.45,2.9666138,2.5124989
3.5,3.5742853,3.47096
3.1,3.0136135,3.051535
8.95,9.842569,9.038089
3.0,3.0624807,2.9324298
3.1,3.3265626,3.101064
3.0,3.0848536,2.9754167
2.5,2.9379652,2.5369356
3.75,4.1011357,3.7804694
2.5,2.9368181,2.5359888
0.8,0.9960759,0.80465
4.5,4.257737,4.4674597
2.0,2.6906068,2.0218124
3.0,3.0922651,2.9540684
3.25,3.572045,3.3230681
3.75,4.1392784,3.7800767
2.45,3.1313722,2.5134223
3.25,3.452324,3.1921175
4.0,3.6261127,3.9194467
3.75,3.708335,3.7326243
3.75,3.7055387,3.6812975
3.0,3.1407378,2.9709263
3.0,3.20423,2.964046
3.1,3.429511,3.1018622
4.5,4.2678766,4.470465
3.25,3.5537047,3.2617116
3.1,3.0136135,3.0535529
2.0,2.6969678,2.0218124
2.2,2.8603082,2.231433
2.5,3.148479,2.5099986
4.75,4.5087214,4.691645
3.0,3.068642,2.9569094
2.5,3.014188,2.5469668
3.0,3.5327392,3.0584881
2.55,3.0136135,2.6170678
3.1,3.421829,3.1012104
3.75,3.7280722,3.7289572
3.0,3.612911,3.0251803
3.5,3.6569095,3.47096
4.25,4.0741243,4.195586
3.0,3.068615,2.9727805
2.55,3.0136135,2.6178908
3.5,3.5979214,3.473054
3.0,3.1428447,2.9966562
3.0,3.1726894,2.9645941
2.2,2.7954578,2.231433
3.0,3.2673602,2.9907348
4.25,4.232005,4.1976256
2.5,3.062823,2.5588784
3.25,3.589715,3.3101587
2.5,3.073257,2.5564344
3.75,3.7392957,3.6808012
2.45,2.8774297,2.5141702
3.0,3.4042861,3.0574403
2.5,2.965703,2.5372694
3.5,3.5971437,3.4461205
3.0,3.0729604,2.9754167
3.0,3.070397,2.9328873
3.0,3.4853327,3.0621932
3.0,3.0645397,2.971408
3.5,3.7991724,3.5656078
3.0,3.071525,2.9538188
4.25,4.0684137,4.195979
3.75,3.6834135,3.7632315
4.75,4.510525,4.691975
4.5,4.275732,4.4671445
3.25,3.5600684,3.2419004
2.55,3.0136135,2.6123736
3.0,2.6307626,2.8006334
2.5,2.990212,2.5553093
3.0,3.2055666,2.9635885
3.0,3.2619648,2.9898517
3.0,3.5681484,3.0236044
2.2,2.8562922,2.231433
0.8,0.99170804,0.80516833
3.0,3.0625968,2.9537528
0.8,0.9875001,0.80516833
3.0,3.1722975,2.963537
3.0,3.17349,2.963907
2.1,2.6384733,2.657662
3.75,4.3727503,3.8086295
10.95,10.101587,10.8366785
4.5,4.4197893,4.446462
2.2,3.0747657,2.240144
3.75,4.1240206,3.7800767
4.0,3.6484258,3.921816
3.25,3.544203,3.263881
3.5,3.6184409,3.4962604
2.2,3.0951383,2.2381716
3.5,3.599014,3.5536942
3.0,3.0826178,2.9620206
0.8,0.9894799,0.80378854
2.5,3.0228221,2.55614
3.5,3.6144137,3.472513
2.65,3.3548436,2.7660718
3.1,3.0136135,3.0515962
2.2,2.8303337,2.2305055
3.0,3.040032,2.9328518
4.0,3.6636543,3.923318
2.5,3.0386672,2.553606
4.5,4.2173676,4.4829564
2.5,3.0775084,2.5665731
2.5,3.1319103,2.54258
0.8,0.9582536,0.80360067
3.0,3.0813408,2.9727805
3.0,3.0781894,2.9754167
3.5,3.585397,3.4448903
2.5,2.9677773,2.5092754
22.5,21.245089,22.977766
3.5,3.6237724,3.562854
3.5,3.5515416,3.4798136
2.5,2.9991586,2.5079029
4.25,4.1165442,4.1970277
3.5,3.8973515,3.5602772
2.5,2.918861,2.5372212
3.75,4.0643396,3.786021
3.0,3.1775913,2.9635885
3.0,3.0774262,2.9741867
0.8,0.9785571,0.80378854
2.5,3.0635748,2.567816
2.5,2.9173443,2.5352197
2.2,3.1359243,2.236799
3.25,3.5787122,3.304017
4.5,4.4270487,4.4424467
3.75,3.968074,3.7736754
3.0,3.0660572,2.932485
2.55,3.0136135,2.615566
4.5,4.3396206,4.513687
2.55,3.0136135,2.6163967
2.2,3.080643,2.241374
3.0,3.2050557,2.96234
4.75,4.518443,4.691975
2.5,3.0788717,2.563991
2.0,2.669915,2.0271523
4.75,4.496316,4.6877985
3.0,3.3910959,3.0584881
4.75,4.482505,4.691735
4.0,3.7038224,3.922123
3.75,4.06501,3.780946
2.0,2.6874728,2.021214
2.5,2.9464343,2.5364463
3.75,4.2924995,3.806851
2.5,3.0700483,2.5677607
4.25,4.2320685,4.1976256
2.5,3.0781827,2.5585964
3.0,3.2117555,2.9477282
3.25,3.5528848,3.263387
2.2,3.0656986,2.240144
3.75,3.7222345,3.7299187
2.5,2.915498,2.5083966
3.5,3.7780252,3.5655117
2.5,2.9717731,2.537452
2.5,2.9764614,2.507822
2.5,2.9822135,2.507822
2.5,2.9635801,2.542401
2.2,3.0731401,2.240144
3.75,3.7259004,3.7275333
4.75,4.500127,4.6920123
3.75,3.7152736,3.6812046
4.25,4.310383,4.1868925
3.25,3.5333898,3.270176
3.75,4.35252,3.8096924
3.0,3.4515982,3.0618005
2.5,2.9183571,2.5359888
0.8,0.9895979,0.8037572
3.0,3.2283018,2.948241
8.95,9.491772,8.946857
3.0,3.0854764,2.9754167
2.5,3.0794172,2.5592096
3.0,3.062832,2.9328873
2.5,3.0779066,2.5616238
3.75,3.709868,3.7252414
4.75,4.5676813,4.689978
2.5,3.0281959,2.5092754
2.5,3.081774,2.562491
3.0,3.099955,2.9554076
2.5,3.0155134,2.5563562
20.45,17.85269,20.14771
4.25,4.217349,4.1972327
3.1,3.0136135,3.053176
2.5,2.9820404,2.538275
3.0,3.1513152,2.97099
3.75,3.7670083,3.7212307
4.25,4.0656414,4.195586
2.0,2.6895924,2.0218124
3.5,3.5999138,3.4816694
3.1,3.0136135,3.0523944
3.0,3.3237486,2.9898517
3.0,3.2349658,2.9477835
2.2,3.085137,2.241374
2.5,2.9489946,2.507822
2.5,2.9520035,2.542401
3.0,3.083476,2.9754167
3.0,3.1144085,2.9516864
4.25,4.1916595,4.1972327
0.8,0.9736841,0.80378854
2.55,3.0136135,2.6150498
3.5,3.5797682,3.5814056
3.0,3.1427395,2.97099
3.1,3.0136135,3.051535
3.75,4.0689497,3.780946
4.25,4.1092305,4.1970277
2.5,3.1641042,2.5406232
7.6,7.7055655,7.604954
3.0,3.1614194,2.97099
3.0,3.2319713,2.9637225
14.75,17.835161,14.902363
3.75,3.718912,3.6812046
3.75,3.7294385,3.7302024
3.75,3.7367918,3.724486
3.0,3.2046504,2.9448996
3.25,3.5705914,3.308772
2.2,2.8177009,2.2299645
0.8,0.9892796,0.80419654
3.5,3.637166,3.4461205
2.0,2.648676,2.0245647
3.5,3.6212747,3.4461205
3.5,3.5465124,3.481481
0.8,0.98185617,0.80516833
2.0,2.6731339,2.0218124
3.5,3.8921077,3.5632794
3.75,3.77154,3.6820943
3.0,3.0744064,2.9545846
2.5,3.124762,2.541455
2.2,3.0335834,2.241374
3.0,3.2186704,2.9959803
4.25,4.065442,4.195586
3.0,3.0672708,2.932485
3.0,3.2001743,2.9475558
2.5,3.003641,2.557634
2.5,3.0312755,2.5557842
3.0,3.1606479,2.9703915
2.0,2.649564,2.021214
2.5,2.9380856,2.5377245
2.5,2.9415913,2.537452
3.0,3.295883,2.9959803
0.8,0.9886216,0.8036213
3.0,3.3049278,2.9898517
3.0,3.078255,2.9754167
4.75,4.5016127,4.693894
2.0,2.6866512,2.0218124
3.1,3.0136135,3.052051
3.0,3.412022,3.0570476
2.5,3.0667944,2.5673032
3.0,3.1852708,2.9617467
3.5,4.131933,3.5667787
3.0,3.0597658,2.9329426
2.5,3.1250055,2.5431945
0.8,0.9835891,0.8041432
3.0,3.4420679,3.0621932
3.1,3.374041,3.1012104
4.5,4.4380016,4.446792
3.5,3.903872,3.5667205
2.5,3.1895397,2.5410001
3.0,3.4623244,3.0584881
2.5,3.0879018,2.5613217
3.0,2.6398828,2.5717437
2.55,3.0136135,2.6178908
3.0,3.1702418,2.9703915
4.25,4.112547,4.1964564
2.5,2.9278812,2.5071583
2.5,2.9973614,2.5551975
2.5,2.9904153,2.5083568
2.5,2.9897866,2.5108445
2.5,2.9442782,2.5083966
3.0,3.0660746,2.9527907
3.75,4.303133,3.811845
2.2,3.0618038,2.241374
3.0,3.0795465,2.9296012
4.5,4.4139204,4.4515266
3.75,3.7289796,3.6812046
3.0,3.0918002,2.9754167
3.75,3.7437117,3.741885
2.2,2.8414748,2.231433
2.5,2.9588466,2.5357192
3.75,4.3159246,3.8095963
3.5,3.941655,3.5618267
2.5,3.0878286,2.5579312
2.5,3.0770283,2.5677607
2.2,2.8592405,2.231433
2.1,2.609436,2.6088607
2.5,2.8758633,2.5423458
4.25,4.3288016,4.1868925
2.5,3.0129895,2.5092754
4.25,4.0673523,4.195979
3.0,3.0205312,2.9741867
2.5,2.9567733,2.5083966
4.5,4.4317417,4.4465513
3.0,3.5350857,3.0189044
4.5,4.3988047,4.446462
3.0,3.0677814,2.932485
2.5,3.036286,2.5092754
2.5,2.923627,2.5355413
14.75,18.13846,14.926222
3.25,3.5582135,3.2405484
4.25,4.2160597,4.1976256
0.8,0.98871255,0.7998991
3.0,2.5889802,2.765203
2.5,3.0108345,2.5092754
3.5,3.6418316,3.4842415
2.2,3.1200156,2.241374
3.0,3.2013323,2.9470983
3.25,3.5200355,3.2694528
2.0,2.6511655,2.0245647
2.5,2.9325767,2.532685
3.0,3.1476831,2.9638312
4.25,4.109806,4.1970277
3.0,3.643633,3.0251803
3.75,3.717074,3.680839
2.5,3.1409523,2.5417619
3.0,3.0551949,2.9267654
3.75,3.7495592,3.7311387
3.1,3.0136135,3.0528817
4.25,4.2620964,4.1864996
3.75,4.3055773,3.807364
2.0,2.6901112,2.021214
3.0,3.087728,2.9520376
3.1,3.0136135,3.0518637
3.5,3.8299913,3.5655117
2.2,3.0896232,2.241374
4.25,4.0995893,4.1964564
4.0,3.6833522,3.9278138
4.5,4.2096243,4.4694266
3.0,3.1265068,2.9741867
3.0,3.079458,2.9512882
2.5,3.071497,2.567816
2.5,2.9403892,2.536528
4.75,4.4799576,4.690684
3.75,3.7239158,3.6829264
3.0,3.2488804,2.9898517
3.0,3.0731544,2.932485
2.55,3.0136135,2.6170678
2.5,3.0902767,2.5609896
3.5,3.5818918,3.442486
4.0,3.7179422,3.9228377
0.8,0.9681051,0.8045851
4.0,3.691254,3.9213
3.25,3.5540967,3.2646646
2.5,3.1271315,2.5429568
2.5,2.932628,2.538743
2.2,2.7988539,2.231433
3.75,3.719182,3.6807423
3.25,3.575478,3.310286
3.75,3.7168324,3.7264693
0.8,0.9848496,0.80524105
3.75,3.7217185,3.680839
3.75,3.727216,3.7632315
4.5,4.385213,4.446462
3.5,3.786839,3.5655117
3.1,3.0136135,3.0535529
3.0,3.2307086,2.9959803
4.75,4.5654044,4.6876297
3.5,3.5805194,3.5531754
2.2,3.082631,2.2381716
3.0,3.2059774,2.948241
3.5,3.8821416,3.5655117
3.0,3.199255,2.948241
3.75,3.726509,3.6814005
3.0,3.1753573,2.97099
3.0,3.1613448,2.97099
3.0,3.2087998,2.9481857
4.5,4.368763,4.448711
4.0,3.5948071,3.921816
3.5,4.000601,3.5796099
2.5,3.002047,2.5083568
2.2,3.0972357,2.2381716
2.5,2.906632,2.5356536
3.0,3.0702376,2.9907348
3.0,3.588515,3.02466
2.5,3.0501084,2.5556161
3.75,4.014576,3.7736754
3.0,3.508106,3.0579169
3.5,3.555061,3.442486
3.1,3.0136135,3.0535529
3.0,3.1456103,2.9709263
2.5,3.164514,2.5372105
2.5,3.076896,2.567816
8.95,9.318565,8.948176
0.8,1.006643,0.80410784
3.1,3.0136135,3.051535
4.5,4.3994646,4.441659
3.0,3.1703289,2.97099
0.8,0.9796498,0.80378854
3.0,3.0860267,2.953014
3.75,4.0283737,3.7611976
18.0,20.60372,17.87542
4.0,3.6596587,3.923318
3.1,3.0136135,3.0498128
3.0,3.167788,2.9645941
3.0,3.1506505,2.97099
2.5,3.0692215,2.5606499
3.1,3.0136135,3.053999
4.0,3.7411382,3.9245255
3.0,3.2599332,2.994233
2.5,3.01158,2.5547931
3.1,3.4128268,3.1016688
4.25,4.290967,4.1868925
3.75,3.6936576,3.7632315
3.0,3.1451411,2.9695325
2.5,2.937356,2.5083568
3.0,3.2622879,2.96231
4.25,4.3139973,4.1868925
3.1,3.0136135,3.0524192
3.0,3.3204753,3.0579169
2.0,2.6679916,2.0245647
3.75,3.744414,3.7250528
4.25,4.171997,4.1972327
0.8,0.97264016,0.797884
4.25,4.30327,4.1864996
3.0,3.060615,2.9338021
2.5,3.0241241,2.5556161
4.5,4.412991,4.446462
4.0,3.6612809,3.921816
3.5,3.5543501,3.47828
3.1,3.0136135,3.051535
3.1,3.3888202,3.1012473
2.5,2.9722476,2.5412583
3.5,3.8382099,3.5655117
2.2,3.0832777,2.2381716
3.75,4.057618,3.785041
3.25,3.563523,3.2419004
3.0,3.184,2.9966562
2.5,2.9780297,2.542401
3.1,2.9950228,3.054376
2.55,3.0136135,2.6164255
3.75,4.0984993,3.7800767
3.0,3.1366367,2.97099
3.75,4.328769,3.823695
3.75,3.7053082,3.7206094
3.75,3.6954386,3.725188
0.8,0.987167,0.80410784
2.2,3.0676017,2.2381716
3.0,3.0935602,2.9741867
2.5,3.2314336,2.542278
3.75,4.315605,3.805581
2.5,3.149975,2.5429568
3.0,3.0796163,2.9560864
3.0,3.067127,2.9317446
3.75,4.372117,3.8050134
3.5,3.9315326,3.5655117
2.45,2.9792988,2.5130568
3.75,3.969902,3.7736754
4.25,4.119462,4.2010407
4.25,4.103569,4.1964564
3.0,3.6491883,3.0251803
2.5,2.932628,2.538743
4.5,4.4173546,4.446792
4.25,4.122204,4.200648
2.5,3.072369,2.567816
2.5,2.935256,2.5083966
2.55,3.0136135,2.616613
3.5,3.550072,3.442486
4.5,4.2511854,4.470091
3.0,3.3718555,3.0579169
2.0,2.646002,2.0245647
3.1,3.0136135,3.053098
3.0,3.1646762,2.9635885
4.25,4.063978,4.195586
3.0,3.0753574,2.932485
45.0,34.90707,44.96316
3.0,3.1829627,2.9650517
4.5,4.3793626,4.4503007
4.25,4.068285,4.195979
4.0,3.6843965,3.923318
3.0,3.2391763,2.9602063
2.5,2.9759457,2.5438662
0.8,0.9858377,0.8035693
3.5,3.6287644,3.5566056
3.1,3.4320517,3.1008031
3.5,3.6103437,3.5515258
3.0,3.0741482,2.951369
2.5,2.96625,2.5108445
3.0,3.0766792,2.9329426
4.75,4.513385,4.691975
19.75,29.719458,19.706623
3.5,3.559313,3.472513
2.2,3.0736353,2.2381716
2.5,2.9417577,2.5099986
2.45,3.356764,2.5134223
3.0,3.3237047,2.9901938
3.0,3.0906973,2.956917
18.0,18.603266,17.97088
2.5,2.991372,2.507822
0.8,0.97628164,0.79674023
3.25,3.5311058,3.270176
0.8,0.9754511,0.8036213
3.0,3.0759313,2.9741867
2.5,3.0843563,2.5677607
3.1,3.0136135,3.0528817
3.0,3.2470098,2.9898517
3.75,3.7341573,3.7288713
14.0,12.872911,14.069262
2.5,2.9447236,2.5359888
2.5,3.06901,2.5677607
2.2,3.0710812,2.241374
4.25,4.112677,4.2010407
2.5,2.965322,2.507822
19.75,33.01637,19.91799
3.0,3.0827875,2.9533653
3.5,3.6062672,3.473054
3.5,3.8145697,3.5655117
4.25,4.0617256,4.195586
3.5,3.5484145,3.4760857
3.0,3.2976255,2.9907348
4.5,4.3018236,4.467542
3.5,3.5547142,3.494353
3.75,3.6960304,3.6812046
3.25,3.5824656,3.306001
2.5,2.969693,2.537452
3.75,3.7301247,3.7475264
3.0,3.0796504,2.9754167
2.5,3.0575767,2.565919
3.0,3.075953,2.9329426
2.5,2.9811604,2.5108445
2.5,2.9456134,2.5369945
2.65,3.0951276,2.748252
4.25,4.2980156,4.1868925
4.75,4.528962,4.691645
45.0,34.80675,45.008167
2.5,3.0695024,2.5592358
3.0,2.580826,2.8070674
2.5,3.0190737,2.5547931
4.5,4.4113193,4.4426155
2.5,2.9282863,2.5083966
4.0,3.7205372,3.9213
3.75,4.3570986,3.794712
3.0,3.1518898,2.97099
4.5,4.296384,4.526618
3.5,3.611959,3.47096
3.0,2.563701,2.776148
3.0,3.2850432,2.9901938
3.0,3.6531284,3.024313
4.5,4.399582,4.4426136
4.75,4.5031223,4.691645
3.0,3.3362153,2.9907348
3.0,3.1714385,2.97099
3.0,3.0750642,2.9329426
2.5,3.0688028,2.5603027
9.5,9.886617,9.480791
3.25,3.5559196,3.221163
2.5,3.1672635,2.5429568
2.5,2.9287057,2.5108445
3.0,3.079402,2.95153
3.0,3.292538,2.994233
2.2,2.8572676,2.231974
2.2,3.0796857,2.241374
2.5,3.1785386,2.5417984
3.0,3.2108731,2.9613104
2.5,2.960165,2.5365112
3.5,3.5509398,3.48381
3.0,3.089045,2.9741867
3.5,3.626291,3.551756
2.5,2.9481688,2.509472
3.0,3.2913175,2.9907348
3.0,3.595712,3.021457
4.5,4.3074408,4.515343
3.75,3.7335327,3.6807423
3.0,3.6002562,3.0209367
18.0,17.590044,17.966478
2.5,2.9559646,2.5350583
2.5,2.9571304,2.538275
3.5,3.561836,3.4448903
3.5,3.614764,3.4448903
3.0,3.4395828,3.0621932
3.0,3.2851796,2.9901938
2.5,3.0824835,2.5610902
3.5,3.545469,3.4715009
3.1,3.4142807,3.1012104
2.5,2.9486332,2.5417159
2.5,2.9315975,2.5386777
0.8,0.97072077,0.79620224
4.38,3.580921,3.5113175
3.25,3.6347587,3.311239
2.5,3.102409,2.541455
3.0,3.07047,2.952673
3.75,3.715734,3.6807423
3.75,4.3091497,3.8057485
3.75,4.3358955,3.8040395
4.75,4.514801,4.691645
3.25,3.5540402,3.2759988
3.5,3.5763204,3.4731946
3.75,3.7203157,3.7283487
2.5,2.9923568,2.5092754
4.25,4.2277365,4.1976256
0.8,1.0022194,0.80422515
4.5,4.4150586,4.438839
2.45,2.9223237,2.5134223
3.75,4.310152,3.8109462
2.5,3.0766644,2.561327
3.75,4.053344,3.7864137
3.0,3.3284783,2.994233
3.0,3.1902685,2.948241
3.0,3.61267,3.0209367
3.25,3.6064441,3.2356122
3.0,3.2344065,2.9898517
3.0,3.4041858,3.0579169
4.25,4.2921524,4.1868925
3.0,2.5484624,2.8108063
3.0,3.2769895,2.9959803
12.0,13.160707,12.056325
2.2,3.0847988,2.240144
2.1,2.6231413,2.706498
2.0,2.6877725,2.0217488
3.0,3.176563,2.964869
4.25,4.2221413,4.1976256
2.5,2.959931,2.5419436
3.0,3.187787,2.9475558
3.0,3.4571474,3.0621932
3.0,3.0748525,2.9329426
4.75,4.5011415,4.687797
2.0,2.6276789,2.0259223
3.75,3.9741604,3.7638538
2.5,2.9483907,2.542401
3.75,3.9917278,3.7638538
3.0,3.0693152,2.9531708
3.0,3.1444187,2.9605405
0.8,0.98835874,0.80098385
14.0,13.903863,14.063397
3.0,3.5925999,3.021457
3.0,3.071895,2.9322574
2.0,2.665996,2.0271523
4.25,4.225691,4.18737
2.5,3.0636575,2.5677607
3.5,4.07751,3.5600355
3.5,3.4974792,3.47096
2.5,3.1116064,2.54258
4.0,3.712022,3.9212708
2.0,2.6709313,2.0218124
3.0,3.0791805,2.952671
2.5,3.075375,2.5607808
3.0,3.0572734,2.9741867
3.25,3.5539124,3.2639415
3.0,3.0830603,2.932202
2.5,2.9680035,2.5360384
3.0,3.1284747,2.9521816
3.1,3.3723943,3.1017992
3.5,3.623469,3.5477
2.55,3.0136135,2.615566
4.75,4.596141,4.691975
3.75,4.1349497,3.7804694
2.5,3.0064707,2.5576417
3.0,3.054626,2.9514601
2.5,3.0718822,2.5677607
4.5,4.3390465,4.4712877
3.0,3.273291,2.9901938
3.75,4.302184,3.8096924
3.0,3.4575255,3.0618005
3.0,3.225814,2.948241
3.5,3.599778,3.4448903
3.25,3.5268996,3.2996507
2.5,2.9174283,2.507822
0.8,0.9836242,0.80516833
0.8,0.98662335,0.80410784
3.25,3.6005175,3.3041399
2.5,3.0113838,2.5092754
2.5,3.0178368,2.5547931
2.5,3.0249164,2.5484273
2.2,2.807568,2.2299645
4.25,4.2326813,4.187941
2.0,2.662847,2.0217488
4.5,4.2820816,4.47346
3.0,3.556514,3.0236044
4.5,4.3354626,4.4681973
3.25,3.5857651,3.2612886
3.0,3.0637097,2.933
2.5,3.0660372,2.5558264
3.0,3.0761595,2.9557095
3.0,3.0790784,2.960498
4.25,4.269253,4.18737
3.25,3.5450966,3.244779
3.0,3.2051432,2.9959803
2.5,2.9663684,2.5423458
3.25,3.5829308,3.314251
2.5,2.9382243,2.5375898
3.75,3.7791574,3.6811106
0.8,0.98088336,0.79821485
14.75,17.523117,14.917118
2.2,2.840882,2.231433
3.25,3.4607291,3.2727196
3.0,3.2051055,2.9635885
3.75,4.0202136,3.7519815
3.0,3.1988273,2.9633636
3.0,3.4841955,3.0621932
3.0,2.6036124,2.7787602
3.75,3.729033,3.7296422
3.5,3.8258998,3.5655117
2.45,2.962884,2.514233
0.8,0.97376704,0.799713
3.25,3.5490773,3.2646646
4.0,3.6673982,3.9250574
3.0,3.3184328,2.9901938
4.5,4.2870913,4.468868
2.2,2.814572,2.231433
2.5,2.9148667,2.5337565
2.55,3.0136135,2.616613
3.0,3.0899642,2.9414735
3.75,4.020791,3.771708
3.0,3.1915798,2.9966562
2.0,2.6600323,2.0218124
2.5,3.0738564,2.5612495
3.25,3.565692,3.3314936
4.25,4.1926136,4.1972327
3.25,3.5610342,3.2419004
2.5,2.997996,2.5362315
2.2,3.088712,2.2381716
3.0,3.205031,2.9650517
3.75,4.056962,3.785041
3.0,3.0840137,2.932485
3.5,3.5594008,3.4715009
3.0,3.2711504,2.9907348
3.0,3.0711758,2.9328873
8.95,9.337058,8.953273
2.5,3.000364,2.5564342
3.0,3.090795,2.9556315
2.5,3.0766468,2.5671308
3.5,3.5565994,3.4922314
3.0,3.335163,2.9907348
2.0,2.6436582,2.0259223
3.0,3.1650748,2.9654388
4.75,4.5127907,4.691645
3.0,2.585079,2.729855
2.55,3.0136135,2.6118534
7.6,8.292669,7.6043344
4.25,4.2101,4.1972327
3.0,2.6056552,2.8855953
3.75,4.2977877,3.8047874
3.0,3.0795274,2.9560864
3.5,3.5928776,3.4830391
7.6,8.2819,7.6050444
4.5,4.3898697,4.444223
3.5,3.576699,3.4448903
3.75,3.7846553,3.6820314
3.25,3.5658329,3.305867
3.0,3.1641273,2.9629061
3.75,3.7521613,3.7412317
3.25,3.5485303,3.2454681
2.5,2.9257011,2.5083966
3.75,4.03477,3.767871
4.25,4.120306,4.1964564
2.5,2.9293373,2.537741
3.5,3.640906,3.5536075
4.5,4.240033,4.4682126
3.75,3.7683284,3.6828716
4.25,4.1177025,4.200648
3.0,3.2149096,2.9477835
3.75,4.3418293,3.8198218
2.55,3.0136135,2.6178985
3.5,3.5421147,3.442486
2.5,2.9115324,2.534214
4.0,3.7462275,3.9226468
3.5,3.9077551,3.54946
3.75,3.9992738,3.7638538
2.2,2.801261,2.2299645
2.5,2.965707,2.507822
3.0,3.066574,2.9324298
4.25,4.232618,4.1976256
3.75,4.1175184,3.7804694
2.5,2.9684043,2.5343761
4.5,4.358568,4.4475646
2.5,3.012587,2.555763
4.5,4.257313,4.4486275
2.2,3.0822473,2.2381716
2.45,2.9664478,2.5137906
3.0,3.5700095,3.0275993
3.75,3.6851847,3.7630858
3.0,3.273595,2.9959803
3.0,3.2581887,2.9901938
2.5,2.9457233,2.507822
3.5,3.6230156,3.6399784
3.0,3.359197,3.0574403
10.95,10.250258,10.8363085
2.1,2.693908,2.6841881
3.1,3.0136135,3.0512192
8.95,9.14872,8.941841
3.75,3.7550423,3.7471764
0.8,0.9676612,0.79956764
3.0,3.0822814,2.9328873
3.75,4.006463,3.7732828
3.0,2.6201108,2.8056154
2.5,3.0199146,2.5552392
3.0,3.0685358,2.994233
2.5,2.9826686,2.5108445
3.0,3.2029982,2.964046
3.5,3.5755932,3.473054
3.5,3.5872943,3.4461205
3.0,3.0679746,2.94776
3.75,4.0569897,3.780946
2.5,2.9652662,2.537452
2.5,2.9294066,2.5083966
0.8,0.9937413,0.8041432
3.1,3.4134462,3.1017992
4.25,4.0664062,4.195979
4.5,4.3777227,4.446462
3.75,4.0563965,3.7815173
3.0,3.0592413,2.9329448
3.75,4.0157814,3.751478
3.75,3.7194583,3.7401655
4.75,4.501096,4.691645
3.75,4.0523853,3.7732828
3.0,3.8609939,3.0618005
3.0,3.2612016,2.9893107
3.75,3.6565454,3.725174
4.75,4.501976,4.688133
2.45,2.9342802,2.5132494
4.0,3.5846083,3.922863
3.75,3.742069,3.7294338
3.75,3.728153,3.6803768
3.5,4.152668,3.5656016
3.75,3.7198772,3.7261875
3.1,3.0136135,3.0535529
3.0,3.0809774,2.9741867
3.75,4.0175524,3.751478
3.0,3.266944,2.9608727
3.0,3.1568196,2.9703915
3.0,3.1591554,2.97099
2.0,2.6552088,2.0245647
3.0,3.081142,2.9529424
3.5,3.6009786,3.4461205
3.1,3.0136135,3.052051
3.75,3.7307036,3.7224045
2.5,2.95299,2.535432
2.5,2.9152946,2.5083966
4.0,3.6720827,3.923318
4.25,4.3492146,4.1868925
2.0,2.6158671,2.0271523
0.8,0.98865414,0.8042575
2.5,2.9235923,2.5367115
3.5,3.6096923,3.473054
2.5,3.0720568,2.567816
3.75,3.7691143,3.7269664
3.5,3.555266,3.4917397
3.0,3.0289488,2.933098
3.75,3.7469084,3.7326577
3.25,3.553908,3.2765534
2.5,2.9566474,2.5330496
3.25,3.5439985,3.270176
3.0,3.0802476,2.9531946
3.0,3.1138391,2.9594612
4.25,4.118556,4.2010407
3.1,3.3558404,3.1015408
3.1,3.0136135,3.053921
4.5,4.2185965,4.467542
4.5,4.4070644,4.44559
4.0,3.729225,3.9221594
2.0,2.6612217,2.021214
2.65,3.303254,2.7660718
2.5,3.1163938,2.541455
3.5,3.5716808,3.442486
4.5,4.268152,4.470465
3.75,4.0278096,3.7520823
4.25,4.230855,4.18737
3.5,3.8763368,3.5655117
3.0,3.0679178,2.950238
3.75,3.773495,3.681573
3.5,3.618184,3.473054
3.0,3.1596258,2.9629498
2.2,2.820235,2.2299645
3.0,3.206511,2.960403
3.1,3.0136135,3.053098
0.8,0.9930512,0.8046892
3.5,3.9781582,3.5543485
2.0,2.6437569,2.0245647
3.5,3.8619196,3.5655117
3.0,3.6286323,3.0251803
2.55,3.0136135,2.6170678
4.06,3.5527256,3.2781315
2.2,3.0881577,2.240144
3.5,3.5876262,3.472513
4.0,3.5992403,3.92324
2.5,3.018848,2.5576417
3.0,2.6189232,2.568218
4.5,4.4201736,4.447654
4.5,4.3655634,4.468874
3.5,3.0575461,3.473054
2.5,3.1657424,2.5372105
3.0,3.1537075,2.9709263
2.5,2.973499,2.542401
4.5,4.2506332,4.4682126
3.0,3.088438,2.9560864
3.0,3.1888864,2.964046
3.0,3.0779483,2.9546165
3.75,4.0368795,3.7653909
0.8,1.0007082,0.8041432
4.25,4.063407,4.195979
3.0,3.2457504,2.9959803
3.0,3.0879939,2.9528768
3.0,3.0825841,2.9529636
3.0,3.5634935,3.0236044
3.0,3.2555165,2.9893107
3.0,3.0983632,2.9754167
3.1,3.0136135,3.0491529
4.5,4.378127,4.501419
2.5,3.0590296,2.5673032
3.0,3.1594913,2.97099
2.5,2.932637,2.507822
3.0,3.2490804,2.9959803
3.25,3.5824656,3.306001
3.75,4.3155966,3.8095963
0.8,0.99822444,0.8042575
3.5,3.9204319,3.566704
4.5,4.411682,4.4465513
4.5,4.259257,4.4750214
2.5,2.928291,2.5108445
0.8,0.98217773,0.8012291
4.5,4.4233065,4.446462
4.75,4.501976,4.688133
3.75,4.1214123,3.780946
3.5,3.559567,3.4448903
4.75,4.4853554,4.690684
3.0,3.0598168,2.952242
3.75,4.326071,3.8035834
3.75,4.055416,3.7538111
2.0,2.6667206,2.0217488
3.5,3.5843112,3.4947042
3.0,3.0800402,2.9754167
2.5,3.0724561,2.5611567
3.25,3.5635645,3.2419004
3.0,3.2110012,2.9613302
3.0,3.080976,2.9542077
3.0,3.0835323,2.956917
3.5,3.6108553,3.5544212
2.55,3.0136135,2.6177177
3.5,3.6240165,3.5489435
3.75,4.063203,3.7846484
0.8,0.97684807,0.7993839
3.5,3.5853174,3.442486
3.0,3.5982828,3.0236044
2.5,2.9370286,2.535761
2.0,2.6907454,2.0218124
4.75,4.555358,4.688943
2.5,2.9289393,2.5083966
2.2,2.907374,2.231433
2.5,2.993022,2.5362315
8.95,9.453441,8.946178
2.45,2.90485,2.5141702
2.5,3.0911818,2.541078
3.0,2.9180307,2.9741867
4.5,4.3571095,4.445501
4.75,4.530571,4.6909604
0.8,0.9763325,0.79773265
3.0,3.1519256,2.9709263
2.2,2.922105,2.2381716
3.0,3.6242197,3.0251803
3.5,3.8776085,3.5602772
3.5,3.5675743,3.4958606
3.0,3.0810394,2.9727805
3.0,3.4520755,3.0574403
4.25,4.2202177,4.1976256
3.0,3.2755928,2.9608793
10.0,10.825612,10.00434
2.45,2.9901037,2.5130568
0.8,0.99045455,0.8041748
3.0,3.0756843,2.932485
3.0,3.221589,2.948241
18.0,21.260916,18.34746
3.0,3.2734673,2.96268
3.75,3.7080507,3.6812975
4.5,4.290803,4.48458
4.25,4.286033,4.1868925
3.0,3.329379,3.0574403
3.0,3.103724,2.9754167
4.5,4.4000397,4.4421816
3.0,3.22012,2.9610353
3.25,3.579118,3.3064976
3.75,3.7341602,3.7258635
10.95,9.803704,10.8366785
3.75,4.018228,3.751478
2.5,2.938613,2.5401688
3.25,3.55571,3.2662144
2.5,3.068014,2.5613177
3.0,3.4693692,3.0621932
4.25,4.300173,4.1868925
3.0,3.1483462,2.97099
4.25,4.232895,4.1976256
3.75,4.0627847,3.7815173
3.75,4.32854,3.8100224
3.0,3.0860093,2.9504573
3.1,3.2936516,3.1027184
3.5,3.6125867,3.4871566
3.1,3.0136135,3.0528817
3.0,3.2016723,2.9645941
2.5,2.971719,2.5083966
0.8,0.98140424,0.8052217
3.25,3.552617,3.2405484
2.5,2.951283,2.5361059
2.0,2.67891,2.0218124
3.0,3.6302242,3.0251803
2.5,3.0749092,2.5665677
2.45,3.0785527,2.5120497
3.0,3.2024534,2.9645941
4.25,4.064994,4.195979
2.45,2.9333951,2.5136182
2.1,2.6413321,2.5510252
3.0,3.0841455,2.9545846
2.5,2.9298785,2.5364463
4.5,4.3645363,4.469776
3.75,4.05476,3.780946
3.0,3.1837575,2.9475005
2.0,2.7069407,2.0218124
3.75,4.1437793,3.7800767
3.5,3.9298527,3.5634716
3.0,3.2030466,2.9623818
3.0,3.3006759,2.9959803
3.0,3.21078,2.9959803
3.1,3.4852412,3.1008124
0.8,0.96582735,0.80360067
3.0,3.56337,3.0260234
3.5,3.5940254,3.4783075
2.0,2.661158,2.021214
3.1,3.0136135,3.051535
3.75,4.315067,3.8059711
2.0,2.6524332,2.0259223
2.5,3.0835986,2.5628154
2.2,3.0941832,2.241374
3.0,3.0719836,2.9550307
2.0,2.641704,2.0259223
4.25,4.1114006,4.2010407
3.0,3.0706143,2.9556315
0.8,0.99768853,0.8041432
2.5,2.9125535,2.5398517
3.0,3.5978005,3.0267634
3.0,3.184556,2.9966562
2.5,3.17267,2.538933
3.0,3.155816,2.9659321
0.8,1.0046275,0.8037572
3.75,4.305599,3.8057485
2.5,3.0760207,2.5673585
3.5,3.5018938,3.443518
3.75,3.7409043,3.7276711
2.2,3.0640116,2.2381716
4.25,4.225664,4.1976256
3.0,3.221209,2.9607651
3.0,3.3666644,3.0570476
3.1,3.0136135,3.0535529
2.0,2.6810808,2.0218124
15.0,18.75601,15.08105
3.75,3.6712964,3.7632315
4.75,4.631942,4.691645
2.5,3.072766,2.5644746
2.5,2.9499438,2.542401
3.5,3.5612679,3.4448903
3.0,3.4489946,3.0570476
2.2,3.078853,2.2381716
4.25,4.24887,4.187941
3.0,3.2121332,2.9477282
3.75,4.329212,3.8099263
2.65,2.993847,2.7461045
2.5,2.9680138,2.5083568
2.5,2.9439654,2.5099986
18.0,19.993687,18.027353
4.5,4.454774,4.446792
2.5,3.095646,2.540562
3.0,3.163663,2.97099
0.8,0.97999096,0.8041432
0.8,0.98395467,0.8044828
3.5,3.5629454,3.4448903
3.25,3.5743349,3.4161477
2.5,3.063396,2.567816
2.45,2.9321165,2.5137906
3.75,3.7215285,3.734083
3.5,3.574061,3.483093
0.8,1.0027909,0.80424124
3.0,3.5281084,3.0618005
0.8,0.9716172,0.7950852
4.25,4.119237,4.1970277
4.5,4.199133,4.445026
2.2,2.8396482,2.231433
2.5,2.9318545,2.5099986
3.25,3.5743628,3.3173416
3.75,4.0625467,3.7732828
4.0,3.6789992,3.9213
2.5,2.9108486,2.5083966
2.2,2.8233218,2.231433
4.5,4.422328,4.4465513
3.25,3.5616455,3.3060536
2.5,2.915654,2.5364463
2.2,3.0756142,2.241374
3.0,3.4090335,3.0574403
3.0,3.0511491,2.9331336
3.1,3.3176355,3.1018782
3.5,3.6359718,3.5521045
2.2,2.8809094,2.231974
3.0,3.0730016,2.956917
4.25,4.107318,4.1970277
3.75,4.022381,3.771708
3.0,3.0778515,2.9754167
4.0,3.6707544,3.922123
3.0,3.3030066,2.9959803
3.25,3.548776,3.263881
3.5,3.6188276,3.473054
3.75,4.3157454,3.8095963
2.5,2.9633327,2.507822
3.75,4.072527,3.786021
4.5,4.4650974,4.449645
6.4,12.003263,6.4673543
2.5,2.95896,2.5419436
3.75,3.726075,3.725801
3.25,3.5421917,3.2638097
2.2,3.07959,2.2387714
3.0,3.091323,2.9539895
3.5,3.553046,3.4805698
3.0,3.2557464,2.9901938
3.75,4.312358,3.8100224
3.75,3.6678236,3.7632315
2.0,2.625902,2.0245647
3.75,4.0996103,3.7800767
3.5,3.9333432,3.5656078
2.55,3.0136135,2.6148205
4.25,4.2299337,4.1976256
3.0,2.6226518,2.7653208
4.5,4.2509127,4.469415
0.8,0.9950176,0.80149984
3.5,3.5836012,3.472513
4.75,4.517767,4.683422
2.0,2.6127324,2.0271523
3.75,4.0581264,3.7864137
2.5,3.003764,2.5083966
4.0,3.657723,3.922941
3.0,3.168293,2.9635885
3.0,3.4986274,3.0570476
3.25,3.557445,3.2425895
2.5,2.9359245,2.5359888
4.25,4.2206874,4.18737
0.8,0.99881506,0.80516833
3.0,3.253303,2.9907348
2.5,3.1426654,2.5417984
8.95,9.44483,8.921863
3.0,3.0710077,2.9329426
3.0,3.0832396,2.9414735
0.8,0.97542465,0.80418056
9.25,9.5661545,9.224917
2.5,2.985589,2.5418882
3.0,3.2767625,2.9901938
3.75,4.056136,3.7529438
3.0,3.0935798,2.9560864
3.75,4.058724,3.780946
4.5,4.357956,4.4448547
3.0,2.552104,2.6841724
3.5,3.6076252,3.57534
2.5,2.9339943,2.5369945
3.1,3.0136135,3.052358
3.5,3.6090817,3.47096
3.0,3.1671286,2.9596326
2.5,3.0825722,2.5578706
3.75,4.166775,3.7736754
3.5,3.8405883,3.5655117
3.5,3.8977816,3.5666142
3.75,3.9271019,3.7638538
4.75,4.51334,4.689408
2.5,2.9476628,2.5083966
3.0,3.2210186,2.9959803
3.5,3.5724294,3.486609
2.5,2.999435,2.5564342
3.5,3.598193,3.4461205
3.5,3.6056507,3.547897
3.5,3.551616,3.4876814
2.5,2.982958,2.5092754
2.5,2.9403038,2.507822
2.0,2.6396415,2.0271523
3.5,3.5581434,3.4926925
2.5,3.0742447,2.567816
2.2,2.8603082,2.231433
2.5,3.0005941,2.5092754
2.0,2.6702063,2.0218124
4.5,4.2105007,4.4502244
2.5,2.9626985,2.5099986
3.0,3.0801537,2.9328873
2.55,3.0136135,2.6178985
2.5,2.9597456,2.507822
3.75,3.7106836,3.728822
2.2,2.7757602,2.2299645
0.8,0.9918026,0.80424124
3.75,3.7236574,3.7490287
2.1,2.6041548,2.4619977
2.1,2.6276531,2.5083184
4.75,4.5162363,4.690684
2.0,2.6700304,2.021214
3.75,4.067298,3.786021
2.5,3.366632,2.5404794
3.0,3.4897094,3.0618005
4.75,4.5133877,4.6881285
3.75,4.047879,3.7864137
3.0,2.6255364,2.8410037
3.0,3.2744293,2.9616053
2.5,2.938791,2.507822
3.0,3.0872066,2.9554152
3.75,3.675021,3.7632315
2.0,2.6465921,2.0245647
0.8,0.9904828,0.8037248
3.0,3.157098,2.97099
0.8,0.9828347,0.80516833
2.2,2.836896,2.231974
2.5,3.0200517,2.5548544
3.1,3.4234924,3.1016688
3.5,3.8609016,3.5655117
3.0,3.2005723,2.9624376
3.0,3.0744982,2.9754167
3.5,3.5808656,3.442486
3.25,3.522457,3.2071311
3.5,3.5680723,3.4448903
2.5,2.9574156,2.5108445
3.0,3.7296097,3.02466
2.0,2.6714087,2.0218124
3.75,3.7356493,3.735128
4.5,4.30188,4.468063
3.0,3.3565195,2.9901938
4.5,4.322066,4.446792
3.75,4.0208635,3.7519815
3.25,3.5498228,3.262532
0.8,0.9865327,0.80428886
2.5,3.123483,2.5429568
3.75,4.3222256,3.81382
3.0,3.0618882,2.9328873
3.5,3.574173,3.442486
3.75,3.7198973,3.6814005
2.5,2.9695954,2.5092754
3.0,3.0977387,2.9754167
3.0,3.0781665,2.9624882
4.5,4.296522,4.510851
2.45,2.9359324,2.5134223
4.5,4.330626,4.4804196
2.5,3.0214143,2.55614
3.75,3.7867045,3.681535
2.2,3.0871382,2.241374
2.2,2.871779,2.231433
3.0,3.2017694,2.960337
2.5,3.01755,2.5548544
2.55,3.0136135,2.6150498
3.0,3.2708857,2.9901938
3.75,3.7182367,3.7377324
4.5,4.349231,4.47101
3.0,3.2635188,2.9901938
3.75,3.7360194,3.729582
3.75,4.073224,3.785041
2.5,2.927287,2.5083966
3.5,4.406625,3.5378885
4.75,4.507723,4.691975
3.75,4.0357738,3.7651038
4.75,4.5112658,4.6870513
3.1,3.0136135,3.0535529
3.5,3.6462302,3.4715009
2.5,3.0247803,2.556811
3.75,3.7565303,3.7277775
2.2,3.0792243,2.241374
4.25,4.2140875,4.1976256
2.55,3.0136135,2.615111
2.0,2.6565819,2.0245647
2.0,2.6365566,2.0271523
2.1,2.6112447,2.5506082
2.5,2.964662,2.542401
3.75,3.985173,3.7732828
2.0,2.6688733,2.0218124
2.5,2.9460266,2.5423458
3.75,3.9397745,3.7736754
2.5,3.08012,2.5671308
2.5,2.9773684,2.542401
2.5,2.954844,2.5412583
4.5,4.2920103,4.483561
2.0,2.635093,2.021214
3.25,3.5361357,3.2688982
2.0,2.663709,2.0218124
2.5,3.0629537,2.5677607
3.0,3.6778321,3.0251803
2.5,3.1333761,2.542502
2.0,2.6337256,2.0259223
3.0,3.1806617,2.96177
3.25,3.55789,3.3058016
3.5,3.547739,3.481107
3.0,3.138564,2.97099
2.5,3.0610566,2.5666733
2.5,3.0634851,2.5673032
3.5,3.9643705,3.5643756
3.75,3.716655,3.7359345
2.0,2.621784,2.021214
3.0,3.0917764,2.9515069
3.75,3.7165003,3.680839
3.0,3.1453815,2.97099
3.5,3.811162,3.5655117
3.0,3.1897874,2.9966562
3.5,3.5499413,3.478389
3.0,3.166072,2.97099
3.0,3.2193184,2.9966562
3.0,3.0830438,2.9754167
3.0,3.0712948,2.9556315
3.0,2.642568,2.6258812
3.0,3.0894785,2.9530213
2.5,2.968963,2.5083966
4.25,4.3056374,4.1868925
3.0,3.1299584,2.963137
3.0,3.083725,2.9518533
4.75,4.5039682,4.691975
3.25,3.5605385,3.2654307
2.5,3.0302744,2.557634
3.0,3.092311,2.9754167
2.5,3.047819,2.5604458
2.2,2.830681,2.2305055
2.5,2.9646509,2.5423458
3.0,3.1681643,2.9703915
3.0,3.242363,2.9898517
2.5,2.9273057,2.5364463
2.5,3.0881898,2.5665731
2.2,2.792711,2.2305055
3.25,3.5478156,3.319199
3.0,3.0980334,2.9510994
2.2,3.0431657,2.240144
3.5,3.7699676,3.5677607
3.75,4.119299,3.7804694
4.25,4.106081,4.1964564
0.8,0.99684477,0.80410784
3.0,3.0926116,2.9540684
3.0,3.160452,2.9703915
3.75,4.0659323,3.7790968
2.5,3.1664655,2.5422857
4.0,3.7025855,3.9213
3.0,3.2320716,2.9481857
2.5,2.9292293,2.5338075
3.0,2.575566,2.7037706
4.5,4.427474,4.4429502
2.5,3.0118215,2.5553093
3.0,3.4663844,3.0584881
2.0,2.6421363,2.0259223
2.5,3.091321,2.5614853
2.2,2.8167033,2.2299645
3.25,3.6580875,3.2659452
3.5,3.5696385,3.472513
2.2,2.8569663,2.231433
3.5,3.602351,3.4715009
3.75,4.018545,3.748998
3.25,3.5471585,3.206442
4.25,4.064356,4.195586
3.0,3.4320254,3.0570476
9.25,9.827262,9.222509
2.5,2.9849887,2.5570488
3.0,3.2595024,2.9959803
3.0,3.1013644,2.9727805
3.75,3.738961,3.741821
2.2,3.0885408,2.240144
2.5,2.9445963,2.5359888
2.5,3.0025325,2.5108445
0.8,0.9913324,0.8035693
2.5,3.0030024,2.5108445
2.5,2.9474995,2.5083966
2.5,3.078827,2.5611846
2.5,2.965772,2.5359526
4.75,4.569128,4.691645
2.5,2.9128609,2.5083966
2.5,2.945563,2.536759
3.25,3.5679927,3.3051188
4.5,4.436823,4.44376
3.75,4.3176003,3.8024702
0.8,0.9828845,0.8035693
3.0,3.2470098,2.9898517
4.5,4.418675,4.440728
4.25,4.2316723,4.1976256
2.55,3.0136135,2.6207025
3.5,3.564706,3.4787164
2.55,3.0136135,2.616613
3.5,3.608955,3.47096
4.25,4.127672,4.200648
2.5,2.9562354,2.5099986
3.75,3.7778828,3.6820314
0.8,0.99235964,0.8041432
3.0,3.1425931,2.9597874
2.5,2.9183245,2.5083966
3.0,3.1311893,2.9623725
3.5,3.9082372,3.5655117
3.5,3.6423175,3.472513
3.0,3.076262,2.9741867
0.8,0.97201145,0.8001998
3.1,3.3188508,3.1018782
2.45,2.937582,2.5141702
3.0,3.4283035,3.0579169
3.5,3.5511155,3.442486
2.2,3.0812511,2.240144
3.75,3.939236,3.7638538
3.75,4.2006464,3.7736754
3.5,3.977534,3.5655117
3.5,3.5638087,3.4770956
4.25,4.1254826,4.1964564
2.5,2.945046,2.5381927
3.1,3.0136135,3.053176
4.5,4.3493824,4.4681973
3.5,3.553022,3.4799323
3.75,3.7276638,3.7204425
8.95,10.05237,9.038089
3.5,3.6311316,3.4448903
4.25,4.181175,4.1972327
3.0,3.50788,3.0618005
2.5,2.9479718,2.5083966
3.0,3.4138248,3.0584881
3.5,3.553313,3.4728427
3.0,3.065937,2.932485
3.1,3.0136135,3.0528817
4.75,4.489011,4.693894
3.75,4.065894,3.786021
2.5,2.9581103,2.542401
2.2,3.0824425,2.2381716
3.5,3.5724003,3.442486
2.5,2.9944992,2.5092754
3.5,3.60228,3.47096
4.25,4.304545,4.1868925
0.8,0.9542679,0.80416346
2.5,2.9508615,2.5108445
3.0,3.2683294,2.9901938
3.0,3.2715595,2.9901938
0.8,0.9949906,0.8041432
3.75,4.0651627,3.786021
3.75,3.757593,3.7421732
3.0,3.2333508,2.994233
3.75,4.031396,3.767871
0.8,0.9976094,0.8041432
3.0,3.0805619,2.932485
3.0,3.089114,2.9540684
2.2,3.0829186,2.2381716
3.0,3.0805511,2.9727805
2.5,3.0585005,2.5079029
4.75,4.495856,4.6927476
3.5,3.9429746,3.5584183
3.75,3.7723093,3.6814795
2.5,2.9543827,2.535432
3.75,4.0502195,3.7525043
4.25,4.123067,4.200648
3.75,4.0667515,3.7815173
3.0,3.195187,2.964046
4.25,4.269665,4.1864996
3.75,4.0267315,3.7529285
3.75,3.7149417,3.7281618
2.5,2.927673,2.5432606
3.25,3.452324,3.1921175
3.5,3.6404457,3.4461205
4.5,4.424139,4.438839
3.0,3.083156,2.9545846
2.5,2.9066362,2.5360746
3.0,3.079637,2.9502335
2.5,2.9621198,2.5364463
2.5,2.976956,2.5380046
3.0,3.2493885,2.9959803
2.2,3.0550447,2.240144
3.0,3.1893785,2.9966562
4.5,4.317546,4.4703736
3.75,3.7396884,3.7628388
4.75,4.5059023,4.691975
2.5,2.9535992,2.535351
3.75,3.7415578,3.681573
3.25,3.5511863,3.203017
3.0,3.2540379,2.948241
3.0,3.062563,2.9524317
3.1,3.3874946,3.1018622
3.0,3.136432,2.9703915
45.0,41.133648,44.996784
2.5,3.0545428,2.5602877
3.0,3.1645174,2.9709263
3.5,3.6313252,3.47096
2.55,3.0136135,2.614673
3.0,3.2069578,2.947043
3.75,3.711016,3.7628388
3.75,3.7231412,3.6812046
3.0,3.0811863,2.9560864
3.75,4.0595245,3.7864137
2.5,3.0583637,2.566618
3.0,3.0911577,2.9492307
4.75,4.466007,4.692837
3.0,3.309304,2.9901938
0.8,0.95589864,0.8052217
3.0,3.183428,2.9475005
0.8,0.9934056,0.8037572
3.0,3.257816,2.9901938
4.25,4.3439264,4.1868925
3.0,3.1725283,2.9469981
2.5,3.05062,2.560529
2.55,3.0136135,2.6187563
3.25,3.5585804,3.2649367
3.75,3.7164996,3.7274635
3.0,3.5596864,3.0260234
2.5,2.9373553,2.507822
3.5,3.8818846,3.5666142
3.0,3.140701,2.97099
3.25,3.5761223,3.3062916
3.0,3.4963813,3.0621932
2.0,2.650601,2.0259223
4.0,3.724898,3.9226468
4.75,4.5124288,4.691645
0.8,0.9893098,0.8035693
3.0,3.1140819,2.950876
2.5,2.9426265,2.539779
2.5,2.9251308,2.507822
3.0,3.045279,2.9741867
2.5,2.9731333,2.5419436
0.8,0.9964547,0.8037572
3.75,4.029625,3.7638686
3.75,3.731448,3.7255645
3.1,3.0136135,3.051535
2.0,2.6711645,2.0271523
7.6,6.457843,7.606725
3.1,3.0136135,3.0519757
4.25,4.2051477,4.1972327
3.0,3.300649,2.9959803
2.2,2.8428679,2.231974
3.0,3.082954,2.9378982
2.5,3.1743472,2.5421953
3.1,3.0136135,3.0515962
0.8,0.97722685,0.79918516
2.2,3.0990973,2.2381716
3.75,3.7665184,3.7325919
3.0,3.4150805,3.0618005
3.0,3.174229,2.94497
2.45,2.9721093,2.5130568
3.0,3.16292,2.97099
3.75,3.7215385,3.6812046
22.5,20.795404,21.747356
3.0,3.095793,2.9754167
3.25,3.5302892,3.2439954
2.5,2.9553125,2.534786
2.5,3.0762148,2.5673585
3.0,3.1879358,2.9622247
3.0,3.014242,2.9292283
4.25,4.105115,4.1964564
4.0,3.335597,3.9186237
3.25,3.557728,3.263387
3.0,3.2590427,2.946535
4.25,4.111003,4.1970277
4.25,4.179486,4.1865683
4.25,4.231872,4.187941
3.0,3.3261607,2.9901938
3.25,3.5871503,3.3104126
2.5,3.0883105,2.5613391
2.5,3.007281,2.55614
3.0,3.1642125,2.9641838
3.5,3.5961108,3.472513
2.5,2.9681478,2.5359652
2.55,3.0136135,2.6105719
3.0,3.4071448,3.0574403
19.75,29.926373,19.69802
3.1,3.3257868,3.1020372
3.25,3.5531707,3.263387
2.55,3.0136135,2.6175215
3.0,3.099882,2.9556315
3.0,3.2330608,2.9959803
2.5,3.1482234,2.5409389
3.5,3.611295,3.47096
2.5,3.083918,2.5661156
2.2,3.0907524,2.2381716
3.0,3.1486688,2.97099
3.0,3.069136,2.9502318
2.0,2.6582363,2.021214
3.75,3.773309,3.6820314
3.0,2.6228943,2.8946984
3.0,3.068869,2.9329426
2.5,3.073109,2.567816
4.75,4.5070143,4.693894
2.55,3.0136135,2.6158729
2.0,2.6615772,2.0218124
3.75,3.741367,3.724536
3.75,3.7515633,3.7276316
2.5,2.970495,2.5108445
2.5,2.9772,2.5083966
3.0,3.210587,2.9959803
3.0,3.252339,2.9898517
3.0,3.0741496,2.9499366
2.5,2.929588,2.5372694
2.5,3.0648592,2.5671308
3.0,3.0943294,2.954928
3.0,3.0822418,2.9561403
3.0,3.1138391,2.9594612
2.55,3.0136135,2.6150498
2.5,3.0868278,2.5644746
2.2,3.0782082,2.240144
3.0,3.0814872,2.9534953
2.5,3.0119505,2.5561323
3.1,3.0136135,3.052874
3.5,3.601633,3.442486
10.95,10.232618,10.839857
3.0,3.1651635,2.9645941
3.75,4.0979214,3.7804694
2.5,3.123167,2.541455
3.0,3.1477938,2.9703915
3.0,3.2523782,2.9898517
2.5,2.9538233,2.5423458
2.0,2.66975,2.021214
4.75,4.496007,4.687803
3.75,4.328146,3.8099263
3.75,4.0133524,3.7529285
3.75,4.041395,3.7540905
3.75,3.7495239,3.7451725
2.0,2.6582649,2.021214
3.5,3.9959977,3.5656016
4.25,4.2234726,4.1976256
3.0,2.9016814,2.9628518
3.0,3.1366272,2.9638312
3.0,3.0697656,2.9338248
2.5,2.917617,2.542401
3.0,3.3920398,2.9901938
2.5,2.9315207,2.5099986
2.5,3.0504727,2.5092754
3.75,3.7620378,3.7368655
2.5,2.958761,2.5365784
3.0,3.106121,2.9754167
3.5,3.615639,3.4832466
2.2,3.089808,2.2381716
2.0,2.7140808,2.0218124
2.5,2.9578962,2.538125
3.25,3.5137594,3.2673864
3.5,3.929288,3.5656078
3.5,3.6275313,3.5534036
3.5,3.553311,3.4746084
2.0,2.6517527,2.021214
3.0,3.223105,2.9475558
0.8,0.99149024,0.80368495
3.0,3.2492876,2.994233
3.1,3.3776207,3.1012104
2.5,3.1420114,2.5511813
3.75,4.1121955,3.7804694
4.0,3.657279,3.923686
3.5,3.590865,3.4461205
2.0,2.641123,2.0271523
3.5,3.5670693,3.4715009
3.0,2.8467622,2.9528391
3.5,3.5670838,3.480125
2.55,3.0136135,2.615566
2.0,2.6505315,2.0271523
3.5,3.6039784,3.5502312
3.5,3.5941975,3.4819155
4.5,4.415719,4.4426203
3.75,4.0992336,3.7800767
3.0,3.455291,3.0584881
2.55,3.0136135,2.6154618
3.75,3.6906898,3.7628388
2.5,2.981275,2.5083568
2.5,2.9086185,2.5083966
3.75,3.6860077,3.7294247
3.5,3.8501678,3.5572767
12.0,13.610492,11.97841
3.0,3.3829567,3.0574403
3.0,3.0773273,2.953204
2.5,3.0911975,2.5592573
3.0,3.2466035,2.994233
3.75,3.758899,3.7259746
3.0,3.508161,3.0618005
3.5,4.0436745,3.5628097
2.5,2.9371471,2.5419436
3.75,3.7198265,3.7261367
3.75,4.1160865,3.7804694
2.2,3.0656846,2.2381716
3.0,3.2920835,2.9959803
3.75,4.328256,3.8077247
3.0,3.0801349,2.9754167
2.0,2.6764503,2.0245647
2.5,2.931626,2.5369625
3.0,3.0827656,2.9727805
18.0,20.74828,18.180233
0.8,0.9752768,0.79760695
4.5,4.37309,4.4426136
3.5,3.6016734,3.4448903
3.0,3.4124668,3.0584881
2.5,2.9478676,2.5372694
2.0,2.685205,2.021214
2.5,2.9276652,2.5419436
3.0,3.0685587,2.9328873
2.0,2.6348073,2.0245647
2.2,2.814817,2.231974
2.5,3.1467683,2.5415215
3.0,3.5018651,3.0621932
3.75,3.7131488,3.7327273
0.8,0.98605084,0.8015312
2.5,3.1684492,2.5373583
3.75,4.3075194,3.811845
3.0,3.2874184,2.9959803
3.0,3.06637,2.9536498
3.5,3.5768383,3.4448903
3.0,3.6741068,3.02466
3.0,3.190756,2.964869
2.45,2.9460688,2.5137906
3.0,3.079429,2.9509017
2.5,2.9498174,2.5372248
3.5,3.5509355,3.4448903
3.0,3.1484718,2.97099
3.0,3.3781512,3.0621932
3.1,3.392614,3.1008449
3.0,3.0733285,2.9493914
0.8,0.97303545,0.79977214
3.75,3.728883,3.6799667
3.5,3.5680723,3.4448903
0.8,0.98299867,0.80368495
2.5,3.0769694,2.567816
3.75,3.712231,3.7278657
0.8,0.9886792,0.8037572
3.75,3.7421424,3.6808012
2.0,2.6173964,2.020355
2.1,2.644301,2.6262708
3.5,3.551141,3.4860213
3.5,3.5569413,3.442486
2.5,2.9797513,2.5557983
3.0,3.0883307,2.9521887
2.5,2.9898438,2.5083966
2.2,2.802858,2.231433
2.0,2.6592329,2.0218124
4.0,3.6984124,3.923318
0.8,0.99829984,0.8041432
2.5,2.9899988,2.5099986
2.5,2.9976633,2.5581412
3.1,3.4168468,3.1013093
2.2,2.7938445,2.2305055
2.5,2.953102,2.542401
3.75,4.057218,3.7864137
3.5,3.5494182,3.4802058
3.75,3.6989849,3.7226386
3.75,4.017892,3.75264
3.0,2.576927,2.681732
18.0,20.416838,18.038485
3.75,4.0335712,3.7675107
3.0,3.0746646,2.953315
2.2,3.0797768,2.240144
3.0,3.0764194,2.932485
4.0,3.6489165,3.921816
3.1,3.0136135,3.053098
3.75,3.7593038,3.6828716
3.75,3.7212446,3.6799111
3.0,3.1481807,2.9695325
3.5,3.5636675,3.4787724
2.0,2.6283658,2.021214
2.5,3.125599,2.5370545
2.5,3.0175235,2.5092754
3.0,3.0744967,2.9537098
3.1,3.0136135,3.0528817
2.0,2.6723523,2.0271523
2.2,3.0821352,2.241374
3.75,4.0342393,3.767871
3.0,3.0622067,2.932485
3.0,3.230016,2.994233
2.5,2.9484856,2.5419436
3.0,3.0976524,2.9554152
2.45,2.9703047,2.5141702
3.75,4.064616,3.786021
2.5,2.9306421,2.534649
3.25,3.5902338,3.3016803
2.65,3.371758,2.7660718
3.5,3.6185787,3.4461205
3.75,3.7230995,3.7280767
2.0,2.6928942,2.0218124
3.0,3.250617,2.9959803
3.75,4.352685,3.8087313
2.65,3.4810395,3.2022333
3.75,4.055998,3.7815173
2.0,2.6884596,2.0217488
0.8,0.9837797,0.8044828
2.0,2.9643342,2.021214
3.0,3.6300085,3.024313
2.5,3.131228,2.5390856
3.0,3.0600743,2.9329448
4.5,4.4232397,4.446462
2.5,3.005076,2.5092754
2.1,2.5887089,2.4977715
3.0,3.4287329,3.0584881
4.75,4.5202246,4.691975
3.75,3.7543488,3.7297666
3.25,3.5596817,3.2425895
2.55,3.0136135,2.6163967
4.25,4.1129637,4.2010407
3.5,3.6006637,3.4977684
3.75,3.6895192,3.6812046
3.75,4.056449,3.7864137
2.1,2.6244435,2.665937
3.5,3.5866663,3.442486
2.0,2.6672206,2.0218124
2.2,3.0763342,2.240144
4.0,3.6983407,3.9250064
3.25,3.5425365,3.2688982
3.75,4.030363,3.7638686
4.25,4.064354,4.195586
3.0,3.259209,2.9959803
4.5,4.4074736,4.446462
2.2,3.0924535,2.2381716
2.65,3.2765148,2.7682192
3.0,3.3785405,2.9901938
3.5,3.5881448,3.473054
4.0,3.692369,3.9226468
2.0,2.6622987,2.021214
3.75,4.3094854,3.80575
3.75,3.7577884,3.7294981
3.25,3.5434296,3.2768538
2.5,3.1319764,2.54258
3.75,4.1091127,3.7736754
2.5,2.9522827,2.5079029
3.75,4.0603414,3.7864137
2.5,3.0713382,2.5599296
0.8,0.98585385,0.7987101
2.5,2.9130962,2.5083966
3.0,3.2066927,2.9445124
3.75,3.9762564,3.7736754
3.75,3.7585638,3.727871
3.1,3.4246483,3.1012473
3.25,3.5213146,3.2071311
4.25,4.2312183,4.1976256
3.75,4.0435805,3.7529285
3.5,3.5725367,3.4790053
2.1,2.6191416,2.679707
3.5,3.5679436,3.442486
3.75,3.7204149,3.6795423
3.0,3.0683389,2.9754167
3.25,3.5543888,3.2646646
2.5,2.94534,2.5386877
3.5,3.5439909,3.4847257
3.75,3.76537,3.7632315
3.25,3.5010314,3.2718432
4.25,4.2776785,4.1864996
2.5,2.9269614,2.5371063
2.5,3.070891,2.5609765
4.0,3.6598423,3.9226468
3.0,3.0650036,2.954477
2.5,2.9422922,2.5364463
2.5,3.0852242,2.557052
2.5,2.95635,2.5108445
2.45,2.9305992,2.514249
0.8,0.99508834,0.80410784
4.5,4.3959465,4.446888
3.0,3.1599243,2.97099
3.0,3.2293057,2.9632118
0.8,0.9720526,0.8035693
3.0,3.3704042,3.0574403
3.5,3.85173,3.5655117
2.0,2.6805844,2.021214
3.5,3.5642078,3.4715009
3.5,3.6449182,3.472513
3.0,3.0683782,2.9329426
4.5,4.356492,4.4336414
2.5,2.953496,2.5350583
3.5,3.5496473,3.4802058
0.8,0.9824082,0.8041432
3.75,4.355944,3.8095963
3.0,3.185441,2.9650517
3.25,3.4809215,3.2049353
3.5,3.5819468,3.442486
3.5,3.7809184,3.5655117
2.5,2.9548292,2.5099986
4.5,4.416643,4.44592
2.5,3.012642,2.5092754
4.25,4.1134377,4.1970277
2.2,3.0989504,2.241374
2.2,3.016952,2.240144
2.5,2.9224424,2.5099986
3.1,3.0136135,3.054376
3.75,3.733323,3.7312498
4.75,4.554224,4.6956534
3.0,3.179328,2.964046
3.0,3.200015,2.9658747
3.25,3.5690148,3.2410455
2.5,3.1078424,2.5417619
2.0,2.6815193,2.0218124
3.0,3.372039,2.9901938
2.0,2.6627321,2.0218124
3.25,3.550155,3.2418058
3.5,3.5595806,3.479378
3.25,3.5596142,3.2646646
3.1,3.0136135,3.051535
2.0,2.6960957,2.0218124
2.5,3.068478,2.5677607
3.75,3.7310839,3.680839
3.0,3.2482042,2.94685
0.8,0.98648244,0.800412
2.5,3.2427704,2.5435023
3.5,3.548421,3.442486
3.0,3.2462544,2.994233
3.5,3.5951784,3.47096
3.0,3.0974467,2.955444
2.65,3.536671,3.203017
3.5,3.5526438,3.4792862
2.2,3.0735908,2.2381716
3.75,4.036198,3.7525682
21.0,19.095137,20.79114
2.2,2.837681,2.231433
2.5,3.2324424,2.556612
3.0,3.2343154,2.9491005
3.1,3.0136135,3.0535529
4.75,4.5585093,4.6927476
3.0,3.482261,3.0621932
4.5,4.4367642,4.445495
2.0,2.6486537,2.0218124
3.75,4.0386686,3.753883
3.75,3.7155051,3.6812046
3.75,4.0604963,3.7815173
2.5,2.944059,2.5363092
3.0,3.4166262,3.0621932
3.25,3.5448887,3.270176
0.8,0.98475266,0.7996577
3.75,3.7372394,3.7297335
2.2,3.07205,2.2381716
3.0,3.4258022,3.0570476
3.5,3.597599,3.472513
4.75,4.5076942,4.691645
3.5,3.5535698,3.4779756
3.0,3.1505568,2.97099
2.5,3.0807142,2.5644746
3.25,3.5173476,3.264764
3.75,4.027629,3.7648106
2.5,3.0328217,2.553606
4.75,4.5734196,4.690684
3.25,3.568066,3.309705
3.0,3.0823512,2.9741867
2.2,2.8818645,2.231433
3.0,3.1390963,2.9649055
4.5,4.4124317,4.4415574
2.5,3.0867689,2.561922
3.0,3.1506789,2.9703915
3.0,3.3017504,2.9901938
3.75,3.771588,3.7632315
4.0,3.7394626,3.9226468
2.5,3.0834537,2.5620432
3.25,3.5762115,3.3047223
4.5,4.234699,4.4684315
3.0,3.3392699,2.994233
3.25,3.5451834,3.270176
3.75,3.7123668,3.6803768
3.0,3.1433532,2.97099
2.5,2.9260879,2.5083966
4.75,4.5709763,4.688943
2.5,3.0754158,2.5673585
3.75,3.7583857,3.726995
45.0,34.72389,44.977306
3.5,3.6021473,3.4448903
3.5,3.599763,3.4461205
3.0,3.1996326,2.964046
3.0,3.3265007,2.9907348
3.5,3.549651,3.4787414
3.1,3.0136135,3.053098
3.25,3.5514936,3.244056
4.25,4.120365,4.200648
3.0,3.2371511,2.9966562
3.75,4.055893,3.7815173
3.75,3.6970942,3.6820154
3.5,3.5336587,3.442486
14.75,17.673569,14.878059
3.0,3.2346175,2.96351
3.1,3.0136135,3.0537438
3.5,3.8082092,3.5656016
2.55,3.0136135,2.616389
2.5,2.9324718,2.5108445
4.5,4.298902,4.469735
3.0,3.0665593,2.9329426
2.0,2.6553164,2.021214
3.5,3.6447184,3.552601
15.0,18.610146,15.096399
2.5,2.9973474,2.55614
4.25,4.208806,4.1976256
3.75,3.7579691,3.724685
3.5,3.5648584,3.4867556
3.0,3.221233,2.9477282
3.0,3.0824034,2.9727805
3.0,3.1845634,2.9966562
2.5,2.947711,2.5364463
7.6,8.475284,7.6043344
3.25,3.5491514,3.2435014
3.5,3.6307883,3.4448903
3.0,3.4712553,3.0574403
2.5,2.935145,2.5419436
4.25,4.3063,4.1868925
3.5,3.6136014,3.4448903
3.5,3.8553302,3.5658417
3.0,3.1533325,2.9496543
2.5,3.0448296,2.5671308
2.5,3.0230203,2.5547931
3.75,4.0898256,3.7804694
2.45,2.9670963,2.5138807
3.0,3.0849946,2.9520614
2.5,3.074539,2.5677607
3.5,3.5524356,3.4715009
2.5,3.0833385,2.5590131
3.0,3.1577713,2.9651895
3.5,3.610292,3.4448903
3.5,3.5805883,3.4715009
3.75,4.055332,3.7864137
3.0,3.2589946,2.9497614
2.5,3.143251,2.5429568
4.0,3.682272,3.9213
0.8,1.0026858,0.8034785
3.75,4.060688,3.7815173
3.75,4.3980856,3.8050027
4.75,4.50585,4.6868415
3.5,3.8694105,3.5655117
3.75,4.313328,3.8068943
2.5,3.046803,2.567816
2.0,2.6386676,2.021214
3.0,3.3831043,3.0621932
3.75,3.7281833,3.7322307
2.5,3.0844238,2.5677607
3.25,3.5410979,3.2617826
4.25,4.065387,4.195586
3.0,3.256128,2.9893107
3.5,3.6017373,3.47096
3.1,3.3906708,3.1012104
0.8,0.9896734,0.8011153
3.0,3.0648844,2.9525414
3.75,4.109888,3.7804694
3.0,3.1400928,2.97099
4.5,4.2673807,4.489317
4.75,4.5245266,4.691645
2.2,2.8336642,2.231974
3.25,3.5509994,3.263881
3.75,3.6742976,3.729553
3.5,3.6387827,3.4461205
3.0,3.1975377,2.9484153
3.0,3.1392817,2.9703915
3.0,3.2639809,2.9898517
2.5,3.0348606,2.5092754
4.75,4.489665,4.686836
3.75,4.065463,3.786021
3.75,3.7365272,3.681573
3.75,3.7519057,3.7273843
2.5,2.9336972,2.535651
2.2,3.0808492,2.240144
3.75,3.7721004,3.6818879
2.5,3.0934114,2.5613217
3.5,3.6329584,3.4461205
3.0,3.4258223,3.0584881
3.5,3.7956269,3.5655117
3.5,3.5631554,3.4845169
3.75,3.7665527,3.743584
2.5,3.0050952,2.5092754
2.5,2.9610047,2.5092754
4.75,4.531439,4.691645
2.55,3.0136135,2.6178908
0.8,0.99936837,0.8037572
3.25,3.55835,3.2413118
3.25,3.584966,3.3318138
3.1,3.382702,3.101665
2.65,3.5397985,3.206442
3.1,3.0136135,3.053098
2.5,3.0097141,2.5557554
3.75,3.729673,3.681663
3.75,4.0588083,3.7864137
2.0,2.6635122,2.0218124
2.0,2.7132704,2.0217488
4.5,4.246646,4.498171
4.0,3.7207787,3.923318
3.25,3.5278587,3.270176
4.25,4.112797,4.2010407
3.75,4.0437593,3.7732828
2.5,3.1565907,2.542502
0.8,0.99753916,0.8041432
3.5,3.5581224,3.4812078
3.1,3.0136135,3.051158
3.75,4.335326,3.8099263
3.75,4.1638737,3.7732828
4.75,4.5062637,4.691975
2.5,2.9350636,2.5083568
3.75,3.7167723,3.7268946
3.25,3.5723221,3.3074226
4.25,4.0679636,4.1964564
3.0,3.1712217,2.97099
2.0,2.6814957,2.0218124
2.45,2.992145,2.5121288
2.5,3.0682328,2.5600994
3.1,3.326902,3.1011126
3.5,3.5667279,3.4849079
3.75,4.3098984,3.8068943
3.0,3.1158457,2.9541297
3.0,3.2368937,2.9966562
3.1,3.4201045,3.1012104
3.75,4.0171576,3.7663486
0.8,0.98841846,0.80516833
4.25,4.0664077,4.195586
3.75,3.7496245,3.7350907
3.0,3.0864227,2.950999
3.75,3.8403018,3.6823502
3.1,3.3228192,3.1018782
3.0,3.3290544,2.994233
3.0,3.3004484,2.9898517
4.25,4.0674963,4.195586
4.75,4.4701824,4.6831546
3.1,3.0136135,3.0515962
0.8,0.9651878,0.80360067
4.0,3.6993558,3.9213612
13.33,9.129333,13.265841
3.0,3.1565182,2.97099
3.75,3.7674205,3.7415254
3.0,3.4656541,3.0570476
4.25,4.108844,4.2010407
3.0,3.176762,2.9635885
2.5,3.074162,2.5594993
4.0,3.668937,3.920923
3.1,3.4346788,3.1028104
3.75,3.775233,3.724782
3.1,3.0136135,3.0535529
2.5,3.12008,2.5418596
0.8,0.9829347,0.8037369
3.75,3.7311335,3.6830978
4.5,4.4476504,4.446792
3.75,4.3479977,3.8096924
3.75,3.723163,3.7266288
2.0,2.6772318,2.0259223
3.25,3.5969622,3.260505
3.5,3.892489,3.5632746
3.0,3.1263359,2.959342
2.0,2.6376414,2.0259223
4.25,4.1893916,4.1972327
3.75,3.7591522,3.6820314
3.75,4.096017,3.7804694
2.5,3.0922952,2.541078
0.8,0.9857791,0.8035693
2.5,3.0728521,2.5585692
2.2,2.8084404,2.2299645
3.5,3.6044607,3.4461205
3.1,3.0136135,3.0535529
2.5,2.9472628,2.5083966
22.5,24.357586,22.69566
3.5,3.7716374,3.5655117
3.0,3.1238592,2.95332
2.5,2.9711928,2.5083966
3.25,3.554331,3.2439241
3.0,3.1697977,2.9966562
2.0,2.663788,2.021214
3.5,3.6164775,3.557789
3.0,3.1957493,2.9645941
2.2,3.0723288,2.2381716
3.5,3.5706508,3.4935043
3.75,4.0454245,3.7526414
4.25,4.064209,4.195586
2.5,2.9751425,2.5423458
2.5,2.9512787,2.5083966
2.2,2.8647883,2.231974
4.0,3.724655,3.9264364
2.2,2.8883853,2.231433
3.0,3.4329047,3.0574403
3.0,3.5836236,3.0251803
3.0,3.2764602,2.994233
2.5,2.932653,2.5384324
3.75,3.8889508,3.7638686
3.5,3.5435941,3.442486
3.0,3.1203685,2.9727805
3.0,3.1535156,2.97099
3.75,4.329256,3.8095963
4.5,4.3605556,4.469859
2.55,3.0136135,2.613163
4.75,4.540457,4.691975
3.0,3.220667,2.994233
4.0,3.728306,3.9213
2.5,3.0916662,2.5610268
3.5,3.5724611,3.472513
3.5,3.551635,3.4816568
3.1,3.3171058,3.1015787
4.69,3.7596555,3.73767
3.25,3.493768,3.2049353
2.45,2.923335,2.514249
2.5,2.9402962,2.537452
3.0,3.3567264,3.0579169
4.25,4.119043,4.2010407
2.5,2.9472296,2.5359888
3.1,3.3942094,3.1018622
2.5,2.9588718,2.5108445
3.5,3.5948174,3.442486
2.2,2.8794518,2.231433
3.5,3.5477679,3.4448903
0.8,0.99129593,0.7976514
2.5,2.9762073,2.537452
3.0,3.089537,2.9569094
3.0,3.068856,2.9324298
3.0,3.2062159,2.9627976
3.75,3.7313724,3.6820154
3.0,2.9469626,2.9907348
3.0,3.0996885,2.9564545
4.25,4.2188644,4.1972327
2.5,2.910623,2.507822
2.5,3.0799174,2.562922
2.5,3.0755734,2.559752
3.0,3.4753587,3.0570476
3.5,3.6121268,3.4448903
3.0,3.1616857,2.9602754
3.75,3.738695,3.7283995
3.5,3.5574117,3.4800527
3.5,3.6358063,3.4828696
3.0,3.0850606,2.956917
12.0,13.448062,12.039112
18.0,20.361763,17.996231
3.75,3.751857,3.7303393
2.5,3.04247,2.5556161
3.5,3.844292,3.5666142
2.5,3.015109,2.507822
2.5,2.9269378,2.507822
2.2,3.084674,2.241374
4.25,4.0462646,4.1964564
4.5,4.4442177,4.446792
4.0,3.6586916,3.9243648
3.0,3.2258646,2.9477835
3.1,3.3407903,3.1020372
3.0,3.4001393,3.0621932
4.0,3.6624053,3.9226468
3.0,3.2609537,2.9624968
3.5,3.9346204,3.5482814
4.0,3.6874325,3.922123
3.75,4.330679,3.8095963
3.5,3.545303,3.442486
3.0,3.3813877,3.0574403
3.5,3.6666224,3.472513
2.2,2.8825457,2.231974
3.1,3.3834023,3.1012104
2.5,3.0622125,2.5673585
2.5,3.0772052,2.5673585
2.5,2.9401708,2.5083966
3.75,3.7711477,3.681573
2.0,2.6596615,2.0259223
4.75,4.565322,4.692071
2.0,2.68891,2.0217488
3.25,3.5569453,3.2419004
3.0,3.0860324,2.952967
2.45,2.9401782,2.514249
3.0,3.22677,2.964869
4.0,3.645165,3.9216301
3.0,3.503763,3.0621932
4.75,4.5027876,4.6864104
3.75,3.7061348,3.6803768
2.2,2.8431437,2.2299645
3.75,3.6705554,3.7275443
2.5,3.0738416,2.56133
2.0,2.6499996,2.0217488
2.5,3.1412957,2.5437875
3.0,3.0762384,2.9741867
4.0,3.6268723,3.921816
3.0,3.1989102,2.960721
3.0,3.0759082,2.954207
3.75,3.7091691,3.7352364
2.5,2.9967303,2.5378718
2.0,2.6753387,2.021214
3.0,3.168332,2.9627523
3.25,3.5485044,3.263881
3.0,3.191368,2.9966562
4.5,4.400619,4.445501
3.1,3.0136135,3.0512192
2.5,2.9395528,2.5369484
3.75,3.7586515,3.7262063
4.75,4.578212,4.688886
4.5,4.2311926,4.4760284
3.0,3.3431082,2.9901938
3.0,3.4092717,3.0574403
3.25,3.4198363,3.2029223
3.75,3.9960885,3.7736754
3.75,4.3274,3.8095963
3.0,3.6614904,3.0251803
4.75,4.568349,4.690096
0.8,0.99097556,0.80487823
2.45,2.928435,2.514233
4.25,4.209589,4.1972327
3.0,3.253382,2.9622598
3.5,3.592269,3.472513
2.55,3.0136135,2.6148639
3.25,3.5451205,3.2427177
2.5,3.0401967,2.5092754
2.5,2.9710805,2.5343535
3.0,3.0628357,2.9741867
3.75,3.8876438,3.7638538
2.45,2.9888701,2.5134223
3.75,3.7507982,3.6808012
2.0,2.6358652,2.020355
2.5,3.0267239,2.5545638
0.8,0.9692899,0.80357826
2.55,3.0136135,2.616613
2.5,2.9364836,2.5333664
3.5,3.6312048,3.5514505
2.2,2.8739731,2.231974
2.0,2.670864,2.0218124
3.0,3.0812557,2.9727805
3.0,3.0714495,2.9535792
4.75,4.5165434,4.6936197
3.0,3.0777802,2.9741867
3.5,3.6096625,3.472513
3.0,3.1747868,2.97099
3.0,3.3521268,2.9893107
3.75,4.0593233,3.7577524
2.45,2.9790676,2.5137527
4.38,3.5763905,3.501319
3.5,3.5708504,3.4815292
2.0,2.6646948,2.0271523
3.1,3.0136135,3.052051
2.5,2.9435759,2.5099986
3.75,4.3599844,3.8095963
6.4,8.541718,6.4256845
0.8,0.98451716,0.7994352
2.5,3.000201,2.5553093
2.5,2.9593527,2.5372694
2.5,3.1797967,2.5437799
2.2,2.7567077,2.2299645
2.5,3.0800776,2.564843
2.0,2.7083337,2.0218124
0.8,0.9853872,0.7958264
0.8,0.9918403,0.8040234
2.5,2.9465885,2.5417159
3.75,3.739487,3.7299254
4.25,4.2452602,4.187941
3.0,3.1987185,2.9477835
3.5,3.5619595,3.4830973
2.5,2.9509044,2.5368018
3.0,3.2096767,2.948241
2.5,3.0837314,2.567816
3.1,3.0136135,3.0529106
3.0,3.2433624,2.9959803
2.5,2.9344738,2.5369945
3.75,4.062833,3.786021
3.5,3.5601203,3.49798
3.25,3.5455208,3.2435014
2.45,2.9737155,2.5134223
4.5,4.239845,4.468583
2.0,2.6400688,2.0259223
2.2,3.0955513,2.2381716
4.5,4.2420206,4.5190263
3.5,3.8906307,3.5616639
3.5,3.6298497,3.4715009
3.25,3.5457466,3.206442
2.5,3.1708965,2.5437799
4.5,4.275381,4.4680614
3.75,4.291401,3.8095963
3.25,3.5229266,3.2727983
2.5,3.167365,2.5422857
3.5,3.548669,3.472513
3.5,3.5550425,3.4902105
3.1,2.9710665,3.0508218
3.25,3.5513241,3.244779
3.0,3.0818405,2.9541123
3.5,3.6672723,3.472513
2.2,2.806205,2.2299645
3.0,3.3281996,2.9898517
2.5,2.9813669,2.542401
0.8,0.98476815,0.8035693
3.5,3.5842319,3.4461205
4.5,4.2436438,4.4682508
3.0,3.3247957,2.9907348
2.5,2.9742577,2.5092754
2.5,2.9365919,2.538743
4.25,4.065675,4.195586
3.75,4.0247974,3.767017
3.25,3.5586026,3.244779
2.5,3.0797238,2.562714
3.75,4.043357,3.7553334
3.0,3.4141831,3.0579169
3.25,3.5625932,3.2646646
3.0,3.1487665,2.963909
3.5,3.635472,3.4461205
3.0,3.2158914,2.9959803
2.5,3.1324854,2.541191
3.0,3.0801017,2.9554152
3.0,3.048454,2.932485
3.5,3.8757899,3.5646405
2.5,3.0893745,2.5645463
0.8,0.9921396,0.8048929
3.0,3.0866742,2.9754167
3.5,3.551502,3.477661
3.25,3.5782578,3.3107653
3.75,3.6914558,3.7632315
3.75,4.066758,3.786021
3.5,3.6060636,3.5519774
3.25,3.5410736,3.2768538
3.75,4.0411644,3.7611976
2.5,3.0804508,2.562529
3.0,3.1042035,2.9541297
3.0,3.1884744,2.9481857
2.5,2.9130924,2.534707
4.5,4.308571,4.472028
2.5,3.0162015,2.5547931
3.0,3.130559,2.9633608
2.5,2.9522705,2.537452
3.0,3.1909852,2.9626224
2.5,2.9648716,2.5108445
0.8,0.97282207,0.8039869
3.0,3.1779375,2.9966562
4.25,4.3465242,4.1868925
2.5,3.0818942,2.5677607
3.0,3.202846,2.9481857
4.0,3.672364,3.923318
4.75,4.4885654,4.690678
3.5,3.6035073,3.4461205
3.5,3.5707772,3.502458
3.25,3.5469682,3.263387
0.8,0.98823094,0.8043617
4.0,3.7006252,3.9241486
0.8,0.97129285,0.8041432
3.0,3.1795826,2.9658747
2.5,3.111894,2.5437875
3.75,4.0167913,3.751478
3.0,3.0772805,2.9529576
3.5,3.5821745,3.472513
3.75,3.763676,3.681573
3.0,3.4339619,3.0621932
0.8,0.96376985,0.8052217
3.0,3.166594,2.9650517
2.0,2.6176953,2.020355
2.5,2.9636369,2.5099986
3.75,4.0512037,3.7727792
4.5,4.3584857,4.448711
2.5,2.9816303,2.537452
3.25,3.5908492,3.3036194
3.75,3.6842468,3.727361
4.25,4.213934,4.1972327
3.0,3.2620897,2.9959803
3.75,3.9129395,3.764354
3.75,4.1188183,3.7804694
2.5,3.0670795,2.5607033
3.0,3.1832378,2.9614384
3.75,3.7847602,3.6820943
2.55,3.0136135,2.6150498
3.5,3.541322,3.442486
3.5,3.5944998,3.473054
3.0,3.2104716,2.9966562
0.8,0.97253776,0.80378854
2.55,3.0136135,2.6159093
3.0,3.144697,2.97099
3.1,3.0136135,3.052358
2.5,2.9045668,2.5083966
12.0,14.035419,12.14575
2.5,3.1567922,2.5441644
2.5,3.0861473,2.5595417
0.8,0.981185,0.7962548
3.5,3.572017,3.473054
3.0,3.175066,2.964046
3.75,4.2995167,3.8096862
3.5,3.5479271,3.4760144
2.2,2.805744,2.2299645
20.45,17.752014,20.347893
3.0,3.0798633,2.9541297
2.5,2.931603,2.5380523
3.5,3.567824,3.442486
2.45,2.9625943,2.5137906
3.5,3.6423612,3.4461205
3.25,3.5875072,3.302505
2.1,2.5722978,2.602794
3.75,3.9790144,3.7632825
3.75,4.0424786,3.7517009
4.25,4.2153735,4.1972327
3.5,3.6391103,3.5504503
2.5,2.9483523,2.5092754
4.0,3.695536,3.922863
4.25,4.1201496,4.1970277
3.0,3.0836968,2.9575362
3.0,3.6967409,3.0608206
2.5,3.0785592,2.5625007
2.55,3.0136135,2.6148639
3.75,4.071806,3.786021
3.0,3.0856543,2.9530776
4.25,4.203716,4.187941
4.5,4.205559,4.4698796
3.25,3.5453634,3.2427177
4.5,4.30925,4.4703736
10.95,10.136049,10.835261
3.0,3.0783038,2.9507637
3.75,3.6635647,3.7288713
3.25,3.5648696,3.2646646
3.0,3.4637,3.0570476
2.5,3.2109675,2.5572855
3.5,3.6146076,3.4448903
3.75,4.2955847,3.8047874
4.25,4.117158,4.200648
3.0,3.0839517,2.9538162
2.5,3.023831,2.556811
3.0,3.2802534,2.9477835
3.0,3.069566,2.9330328
3.0,3.194365,2.9475558
4.5,4.246454,4.4679427
3.5,3.658664,3.4829304
3.0,3.2116551,2.9481857
2.5,3.006638,2.5553093
3.0,3.1337404,2.9649055
2.5,3.4000266,2.5370834
2.5,3.0685415,2.567816
3.0,3.0895948,2.9540684
3.0,3.1763618,2.9629564
2.5,2.9446962,2.5083966
2.5,3.076256,2.5677607
3.1,3.3837202,3.1018622
3.0,3.0571415,2.9328873
3.75,4.062296,3.780946
2.5,3.006729,2.5567331
3.75,3.9611757,3.7736754
28.0,27.71807,27.076756
3.0,3.5678055,3.0251803
3.1,3.344626,3.102889
2.5,3.0612195,2.5677607
0.8,0.9885627,0.80410784
2.0,2.6759892,2.0245647
3.75,4.0966763,3.7804694
2.5,3.148228,2.5429568
4.75,4.487106,4.686836
3.25,3.5702715,3.3230681
3.5,3.574726,3.4951274
2.45,2.948629,2.5134223
4.0,3.728075,3.9193518
3.75,3.757955,3.7259746
0.8,0.9513408,0.8042159
3.5,3.6158254,3.5523987
3.0,4.2103853,3.0251803
3.5,3.9684205,3.5646405
2.2,2.8583431,2.231433
3.5,3.777745,3.5655117
2.45,2.9262924,2.5137906
2.5,3.1734452,2.5409389
2.5,3.0717912,2.5623226
0.8,0.9833814,0.80361813
2.5,3.062214,2.5581656
2.0,2.6814752,2.0271523
3.75,4.135419,3.7800767
3.0,3.1579025,2.9645941
4.0,3.6997683,3.9250574
3.0,3.328906,2.9898517
3.0,3.29602,2.9907348
2.5,2.9265566,2.5366418
3.25,3.5764997,3.3036919
3.0,3.0709984,2.952473
4.25,4.1963305,4.1972327
4.25,4.0672817,4.195586
2.5,2.9179454,2.5083966
2.55,3.0136135,2.6164255
2.5,3.0830839,2.567816
0.8,0.99592584,0.8041432
3.0,3.3026335,2.9898517
4.75,4.4988422,4.6877985
3.75,4.3122597,3.8043618
3.5,3.5903535,3.4461205
3.5,3.8961864,3.565576
3.1,3.3843465,3.100807
3.0,3.3172352,2.9901938
3.25,3.5809195,3.3050601
2.5,2.9386356,2.5368404
2.5,2.946515,2.5083966
2.5,3.0719075,2.564158
3.75,4.0456953,3.7627895
3.5,3.5727322,3.4832947
4.5,4.359071,4.4465513
3.75,3.7141232,3.7281182
3.25,3.549025,3.2427177
3.5,3.6629152,3.473054
2.5,2.9169695,2.5359888
3.1,3.0136135,3.0549767
2.2,2.852308,2.231433
4.25,4.063382,4.195979
2.5,3.169582,2.5422857
4.5,4.428138,4.449041
3.5,3.6111648,3.472513
2.5,2.9088535,2.5083966
3.0,3.0640082,2.9301975
2.5,2.971427,2.507822
3.75,3.7344022,3.729803
2.55,3.0136135,2.6165702
3.25,3.5408967,3.2439954
3.75,3.98969,3.7632825
3.25,3.5856376,3.3035178
2.5,2.9736493,2.5108445
3.0,3.0857108,2.956917
3.0,3.383337,3.0579169
2.5,3.1081033,2.5446453
3.0,3.2802563,2.9901938
3.0,3.0888314,2.9299695
4.5,4.243442,4.4777875
2.55,3.0136135,2.6160197
3.0,3.5564756,3.0251803
3.25,3.5542877,3.263387
2.5,3.0576534,2.5673032
3.5,3.6184528,3.472513
3.0,3.0803852,2.9554152
3.0,3.5478325,3.0618005
3.0,3.0907972,2.9414735
0.8,1.0045384,0.80410784
3.0,3.3104258,2.9901938
2.2,2.790451,2.2299645
3.0,3.0759768,2.9527209
3.0,3.6008518,3.0251803
3.0,3.2869978,2.9907348
3.5,3.618592,3.4884932
2.5,3.022451,2.5092754
3.0,2.62487,2.894861
2.5,3.07144,2.567816
2.55,3.0136135,2.6131017
2.2,3.0685184,2.2381716
2.0,2.6663842,2.0218124
3.0,3.2746992,2.9901938
2.45,2.9251113,2.5134223
3.0,3.1591551,2.97099
3.5,3.6416552,3.578857
3.5,3.551862,3.473054
3.0,3.4658675,3.055675
4.75,4.4964495,4.691645
3.25,3.5789423,3.310263
2.2,3.0662377,2.2381716
2.5,2.9884396,2.5567331
3.5,3.5912488,3.472513
3.0,3.0817184,2.9329426
3.0,3.6667542,3.0251803
3.75,4.032916,3.7515433
3.0,3.4475021,3.0618005
3.0,3.3476596,3.0570476
3.0,3.7329438,3.0251803
3.0,3.07016,2.9324298
4.5,4.299473,4.468063
2.2,3.0930862,2.240144
2.5,2.9433794,2.5364463
3.5,3.5912292,3.4782326
2.45,2.9115446,2.514312
0.8,0.9981589,0.8044371
3.75,3.9529018,3.7632825
2.0,2.6480417,2.0245647
2.5,3.00562,2.5576417
3.1,3.3745406,3.1016688
3.5,3.618314,3.4448903
3.0,3.1201491,2.9516864
3.0,2.7064035,2.6299162
3.75,4.0165358,3.751478
3.5,3.6319845,3.5572503
2.5,2.9210126,2.5367558
3.0,3.1647475,2.9635885
3.75,4.104214,3.7804694
2.5,2.9251726,2.5371487
3.0,3.048948,2.932485
4.75,4.549831,4.6876297
3.0,3.0763361,2.9560084
3.25,3.5460455,3.270176
2.5,2.9920588,2.55614
3.0,3.0740721,2.9312422
4.75,4.4995565,4.6876297
2.2,3.057162,2.2381716
3.0,3.1834426,2.9615645
2.5,3.116995,2.5422857
3.1,3.0136135,3.0515058
3.75,3.7030654,3.7280362
3.75,3.7365816,3.6819525
2.5,2.9194617,2.5364544
2.5,3.152556,2.5437875
3.75,4.04253,3.780946
4.5,4.37856,4.446462
2.5,3.0073514,2.55614
4.25,4.119566,4.200648
3.0,2.630083,2.6322455
4.5,4.4161625,4.445165
3.0,3.063646,2.9741867
3.0,3.4593928,3.0621932
2.5,2.9549031,2.5357056
2.5,3.0484674,2.564158
2.5,2.9498339,2.5386877
3.0,2.6253612,2.631163
0.8,0.9895939,0.79986954
3.0,3.1439044,2.965386
3.25,3.5539,3.3078122
2.5,2.9742289,2.5099986
3.75,4.317733,3.807364
3.75,3.9535367,3.7637827
2.2,2.8417187,2.231433
3.75,4.0629177,3.7815173
0.8,0.9921329,0.804624
3.75,4.116911,3.7804694
2.5,2.9827094,2.55614
3.0,3.2671351,2.9893107
2.5,3.1413143,2.542502
3.75,3.6567488,3.7632315
2.5,3.12636,2.5443387
4.5,4.200164,4.505685
4.75,4.5259256,4.692837
18.0,18.912989,17.970905
2.0,2.6516511,2.0259223
3.5,3.5760667,3.47096
3.0,3.1613965,2.964046
2.5,3.069025,2.5673032
3.5,3.9564333,3.5645506
3.25,3.5536182,3.2376637
3.75,4.06662,3.786021
3.0,3.074922,2.9741867
2.5,3.0098364,2.5092754
3.75,3.7083194,3.7258139
3.0,3.2567534,2.9901938
2.2,3.1029735,2.241374
3.0,3.0874515,2.9554152
18.0,20.98115,18.057375
18.0,20.08917,17.998728
0.8,0.99142516,0.80368495
2.2,2.8301904,2.231974
3.1,3.0136135,3.051535
4.5,4.294045,4.4995656
4.5,4.238412,4.4740753
2.45,2.985866,2.5158749
2.5,3.0360339,2.555122
3.0,3.0837536,2.9533408
0.8,0.99473464,0.80524045
2.5,2.9385462,2.5083966
3.0,3.0720892,2.9329426
3.5,3.5942872,3.4833682
0.8,0.96374536,0.8036092
3.5,3.5525248,3.5126772
3.1,3.0136135,3.053349
3.25,3.577274,3.3138168
2.5,2.9303975,2.5375094
4.75,4.523402,4.691645
3.5,3.6126978,3.4461205
0.8,0.99639237,0.80516833
2.5,3.0713289,2.5673032
3.75,3.7175052,3.677639
3.0,3.1590886,2.9703915
3.5,3.5655713,3.4735975
3.5,3.6286364,3.5524912
3.75,4.0294285,3.7675107
2.5,3.061238,2.5677607
2.5,3.0779939,2.567816
3.75,3.701971,3.7628388
3.75,3.7308452,3.681663
3.1,3.0136135,3.0515962
3.5,3.5445936,3.442486
9.5,9.89118,9.481219
3.0,3.070954,2.9324298
3.1,3.0136135,3.051158
3.0,3.194777,2.9658747
2.5,3.0196004,2.557634
3.5,3.6242745,3.4448903
2.5,3.0727623,2.5665693
4.25,4.283421,4.1864996
2.5,3.0792868,2.556913
3.0,3.0805871,2.9560864
2.5,2.9585552,2.5364463
2.5,2.986855,2.5448823
0.8,0.9935967,0.80149883
2.5,2.9571304,2.538275
2.5,2.953679,2.5099986
4.0,3.7052093,3.9217408
3.75,4.0446444,3.7529285
4.5,4.3672943,4.4566865
3.75,3.7507172,3.7293432
3.0,3.0810351,2.9526815
3.75,4.331667,3.8079295
4.75,4.499658,4.6897535
0.8,0.9562345,0.80360067
2.55,3.0136135,2.614673
3.75,3.6863937,3.7275403
3.0,2.6301517,2.854426
3.0,3.0773497,2.952544
4.25,4.300766,4.1864996
3.75,4.1306343,3.7800767
4.25,4.1196065,4.1964564
3.1,3.4267325,3.1003788
2.5,3.0569127,2.5673585
3.75,3.7081187,3.7632315
3.1,3.3221717,3.1015408
4.5,4.4182653,4.446462
3.5,3.5866458,3.5564334
3.75,3.7811725,3.7245078
3.0,3.0710075,2.9754167
4.25,4.186731,4.1972327
3.5,3.8908353,3.56105
3.5,3.5838077,3.4448903
0.8,0.9684366,0.7991533
3.0,3.2575598,2.9966562
2.55,3.0136135,2.615566
2.2,2.9040575,2.231433
2.5,2.9509737,2.537452
4.5,4.2782326,4.5093317
3.0,3.3569303,2.9954002
3.0,3.1521492,2.9688509
3.0,2.5727866,2.8034918
2.5,3.0797555,2.5612283
22.5,20.733929,22.342869
2.0,2.621266,2.0259223
4.25,4.2843933,4.1868925
4.5,4.231592,4.4740753
3.25,3.5918067,3.3016803
22.5,20.594446,22.50528
2.0,2.6517196,2.0271523
3.5,3.8327844,3.5655117
3.0,3.0737953,2.950842
2.5,3.0638208,2.5655167
4.25,4.1130524,4.1964564
2.5,3.1101513,2.541455
3.0,3.0822532,2.9535716
0.8,0.9899716,0.8034785
2.0,2.6439555,2.0259223
2.5,2.9444125,2.5099986
2.0,2.6936092,2.021214
4.5,4.292265,4.573386
3.25,3.5979578,3.3062718
2.5,3.0666084,2.5670755
2.5,3.0650644,2.5677607
2.5,3.0739865,2.5581872
3.5,3.6218889,3.555825
3.0,3.0907786,2.9727805
2.5,3.1283183,2.5429568
4.5,4.3508987,4.4681973
3.25,3.5668223,3.260434
2.5,3.0687964,2.559424
3.5,3.5954638,3.473054
3.5,3.5897398,3.4461205
4.5,4.428647,4.44376
3.0,3.0795808,2.932485
3.0,3.082223,2.9754167
3.0,3.1857429,2.9448996
3.75,3.7288682,3.7270677
3.1,3.0136135,3.054376
3.5,3.8362522,3.5655117
3.75,3.763519,3.7444818
2.2,3.082379,2.241374
2.5,2.9379644,2.537452
4.25,4.0576525,4.1970277
3.0,3.0753477,2.9556315
3.0,3.1957037,2.9615116
3.0,3.6176517,3.0251803
3.75,3.7228057,3.6814005
3.0,3.5685093,3.0251803
3.75,3.6765354,3.7632315
3.0,3.4489589,3.0584881
3.5,3.5717633,3.4757936
3.0,3.1469612,2.97099
3.25,3.5695002,3.3076332
0.8,0.9969206,0.8041432
4.25,4.0665064,4.195586
3.75,3.768943,3.7256167
3.0,3.2236807,2.9640226
3.75,3.7766633,3.6820314
4.75,4.5481453,4.691645
3.0,3.2850025,2.9901938
2.5,3.1776166,2.5377464
3.75,4.0544977,3.751637
4.25,4.232812,4.1976256
3.75,3.7618968,3.7437131
9.25,9.525356,9.22314
2.45,2.9185216,2.5137906
3.0,3.1710134,2.9634414
3.0,3.21167,2.9635885
4.0,3.680573,3.921816
3.0,3.2526546,2.9479191
3.1,3.4244425,3.1016688
0.8,0.97132427,0.8039869
3.0,3.2650547,2.9901938
4.5,4.3192024,4.4686346
3.0,3.29005,2.9959803
3.0,3.06457,2.9324298
4.0,3.6973605,3.9221594
2.5,3.0810676,2.5632887
3.5,3.6210275,3.4830713
2.65,3.5204945,3.2071311
2.0,2.6458313,2.0218124
2.2,3.0745163,2.241374
3.0,3.0953634,2.9560864
4.75,4.497011,4.693894
2.0,2.6739635,2.0218124
2.45,2.9595163,2.5134223
0.8,0.9720698,0.7964456
3.5,3.6086416,3.47096
20.45,17.848917,20.419138
3.25,3.546675,3.244779
2.5,3.020227,2.5547931
3.75,4.059928,3.7815173
3.5,3.6179535,3.5456839
2.5,3.1292696,2.5409389
0.8,0.9939678,0.8041432
3.1,2.9975529,3.0989761
3.0,3.427937,3.0579169
3.0,3.0449739,2.928827
4.25,4.1266317,4.200648
2.0,2.6890907,2.0217488
2.5,3.0292015,2.556811
2.5,2.9229279,2.5369945
3.5,3.6167195,3.6174693
3.25,3.5702136,3.31171
2.5,3.0267577,2.5618434
3.75,4.0363255,3.767871
2.5,2.9610937,2.536823
3.0,3.2052777,2.964046
2.45,2.9684706,2.51296
2.5,3.033135,2.556811
2.45,2.9367862,2.514249
3.75,4.3260345,3.805211
2.2,3.068261,2.240144
2.5,3.01575,2.5083568
2.5,2.9817355,2.536781
2.5,2.9527388,2.5363092
2.0,2.6498318,2.0245647
0.8,0.99027705,0.8035693
2.55,3.0136135,2.615496
3.0,3.1935308,2.9497628
2.45,2.9357457,2.5137906
2.2,2.7872517,2.2299645
2.5,2.9233935,2.5421345
3.5,3.5827386,3.481611
2.5,3.0735404,2.5623114
3.75,4.3250027,3.8115711
3.5,3.6158571,3.491762
10.0,10.851347,10.00155
3.75,3.6826332,3.7632315
2.5,3.0643885,2.5677607
4.75,4.5327234,4.691645
2.45,2.952015,2.5138807
2.5,2.9234934,2.5083966
3.0,3.2193074,2.9481857
4.5,4.418805,4.446792
3.25,3.555543,3.263387
2.5,2.9234104,2.5108445
2.5,3.0730429,2.5673032
4.0,3.714143,3.9213612
0.8,0.9786552,0.8041432
3.0,3.0781162,2.9528866
2.5,3.0899198,2.5583494
3.5,3.6158326,3.5505998
2.2,3.0609093,2.2381716
3.1,3.0136135,3.0523944
2.1,2.6009305,2.6771271
3.0,3.4571116,3.0560677
2.5,2.945959,2.5380425
2.0,2.6252012,2.0259223
0.8,0.9926211,0.80410784
3.75,3.7222984,3.7278855
3.0,3.0777118,2.9378452
3.0,3.2075784,2.9475558
3.0,3.073626,2.9741867
2.5,3.0650973,2.5677607
2.5,2.9475493,2.535432
2.5,3.0797243,2.5591803
3.5,3.6216433,3.473054
2.5,2.9241757,2.5366502
2.5,3.18722,2.538169
3.5,3.556122,3.4828858
4.25,4.119194,4.200648
4.25,4.244464,4.187941
0.8,0.98590434,0.80368495
2.5,2.9487963,2.536554
3.0,2.931667,2.97099
4.5,4.257909,4.467542
3.0,3.2017472,2.948241
3.25,3.5793755,3.3027654
3.25,3.5858624,3.3063602
4.0,3.6297786,3.9186237
2.5,2.9857135,2.5099986
4.0,3.7505577,3.9228597
2.5,3.061749,2.5677607
3.0,3.0774493,2.932485
4.0,3.6586032,3.9226468
3.5,3.6123428,3.47096
0.8,0.9855937,0.80379707
2.45,2.9229937,2.5134223
4.5,4.4053183,4.4420857
2.5,2.9564476,2.537452
2.55,3.0136135,2.616012
2.5,3.1206975,2.5422857
3.5,3.6346595,3.47096
3.75,3.7073438,3.7226954
2.55,3.0136135,2.6150498
2.5,2.981749,2.5099986
2.5,2.9313655,2.5359888
4.75,4.564026,4.691741
3.0,3.2795067,2.9901938
2.0,2.5955696,2.0259223
3.0,3.1835413,2.9650517
2.5,2.9334168,2.537741
3.0,3.0898404,2.9727805
3.25,3.5634785,3.2410114
3.0,3.2658348,2.9959803
2.5,2.9489741,2.507822
3.25,3.5514104,3.2435014
2.5,2.9185073,2.5083966
2.2,3.0810256,2.241374
2.5,3.0797772,2.567816
3.25,3.6026216,3.3087027
4.25,4.1928616,4.1972327
3.5,3.5531466,3.4782696
3.5,3.595171,3.4461205
3.75,4.0600014,3.7864137
2.5,3.0148096,2.556811
3.0,3.0972435,2.955751
3.75,3.7189727,3.6820154
2.0,2.7091439,2.0218124
2.55,3.0136135,2.6163967
4.25,4.1065474,4.1970277
3.0,3.432949,3.0621932
3.25,3.59781,3.301039
3.0,3.2061603,2.96231
0.8,0.9898472,0.80369353
2.2,3.0928442,2.240144
3.25,3.5716069,3.333551
3.1,3.0136135,3.051535
3.0,3.1003423,2.9584975
3.75,4.042753,3.766953
3.0,3.1514692,2.97099
3.0,3.1062531,2.959154
2.0,2.6720448,2.021214
2.0,2.6258936,2.021214
3.75,3.751907,3.7289245
2.45,2.910658,2.5134223
3.0,3.0920267,2.9527123
3.5,3.568191,3.4815118
2.2,3.0726407,2.2381716
3.75,3.7540135,3.7291663
2.5,2.91576,2.5083966
3.75,4.321557,3.8099263
4.25,4.228748,4.18737
0.8,0.9858088,0.80428886
0.8,1.0003152,0.8041432
0.8,0.99330693,0.80419654
3.0,3.1635427,2.9703915
3.1,3.3226383,3.1018782
3.25,3.4965978,3.2634864
3.75,3.6987903,3.727929
3.1,3.367007,3.1012104
2.55,3.0136135,2.615566
3.0,3.079971,2.9528995
3.75,3.531346,3.6793687
3.0,3.4274983,3.0570476
14.0,13.885523,15.752221
2.45,2.8971128,2.5136182
3.0,3.094645,2.9727805
3.5,3.6287553,3.4448903
4.0,3.685756,3.9234142
4.75,4.5194187,4.691645
2.5,3.013377,2.5521736
4.5,4.368788,4.4723525
4.25,4.0650053,4.195586
3.75,3.732777,3.681663
3.0,3.1463933,2.97099
4.75,4.5551624,4.6927476
3.1,3.3838558,3.1012104
4.25,4.0680676,4.195586
3.0,3.0902734,2.956917
2.5,2.9321818,2.5377784
3.75,4.316287,3.8095963
3.75,3.781839,3.6820314
3.0,3.0767348,2.9316998
3.5,3.9074676,3.563845
3.75,4.3460817,3.8096924
4.25,4.1168394,4.1964564
3.0,3.1694393,2.9586504
3.75,4.05708,3.7815173
2.0,2.6779766,2.021214
3.25,3.7304158,3.2368088
3.25,3.5831864,3.3037398
3.0,3.2582371,2.9893107
2.0,2.6482482,2.0245647
2.2,2.841564,2.231433
2.5,2.9351423,2.537001
3.75,4.037879,3.7674468
3.75,3.7237175,3.6807423
3.25,3.9455779,3.3022273
3.75,4.0681734,3.7800767
3.25,3.5266023,3.3096995
3.0,3.2613535,2.9959803
4.5,4.40469,4.4428368
2.0,2.607172,2.0259223
3.1,3.0136135,3.0543835
3.25,3.5579698,3.2427177
4.75,4.502184,4.689978
4.5,4.2275276,4.474228
2.5,2.93142,2.5099986
3.0,3.0385363,2.9741867
2.5,2.934708,2.542401
2.2,2.8657444,2.231974
3.0,3.6271946,3.0236044
3.0,3.1756008,2.9604843
0.8,0.9806409,0.8041748
2.55,3.0136135,2.618666
2.2,2.8301718,2.231433
3.75,4.0390797,3.7489262
2.5,3.1727765,2.5458925
3.0,3.143921,2.9703915
4.25,4.0654106,4.195586
3.75,3.9986222,3.7668521
2.5,3.0289037,2.556811
2.0,2.6507862,2.0271523
4.5,4.418402,4.4442296
2.55,3.0136135,2.6118574
8.95,9.320869,8.948546
2.0,2.695865,2.0218124
3.75,3.7451937,3.6820314
3.75,4.3113527,3.80308
3.5,3.625966,3.5588658
3.5,3.6147416,3.4461205
3.0,2.6331165,2.8418417
3.75,4.0388403,3.748998
2.5,2.9505343,2.5366554
3.75,4.028425,3.766664
3.75,4.066764,3.786021
3.75,3.7588058,3.7281525
3.0,3.162211,2.964448
2.2,2.7999873,2.231974
3.5,3.6282122,3.561612
3.0,3.0804446,2.9548914
2.5,3.0018544,2.5553093
3.0,3.1681905,2.97099
3.25,3.581403,3.309173
3.0,3.2376013,2.9966562
2.5,2.9995034,2.5563562
3.1,3.337143,3.1015787
3.0,3.0750337,2.9329426
3.0,3.0751486,2.955728
0.8,0.97239685,0.7996408
4.25,4.0664535,4.195586
3.75,3.7586195,3.7346022
4.25,4.1222563,4.1964564
4.75,4.5480375,4.69671
2.5,2.9751153,2.5099986
2.0,2.6625109,2.021214
2.5,3.149716,2.5422857
2.5,3.003381,2.5498922
3.75,3.7247791,3.7275953
3.5,3.8974445,3.5680907
2.5,2.9282067,2.5099986
3.25,3.5436065,3.202162
3.5,3.562402,3.4461205
2.55,3.0136135,2.6163967
4.25,4.2500057,4.187941
21.0,18.421194,20.97791
4.25,4.196755,4.1972327
3.0,3.2467308,2.9611068
3.5,3.8226168,3.562
3.1,3.334853,3.1020334
2.5,2.897057,2.5291982
3.0,3.1751933,2.9966562
3.0,3.2807546,2.9893107
4.25,4.108459,4.1970277
3.5,3.5903301,3.472513
3.75,4.313958,3.8095963
2.5,2.926036,2.507822
3.5,3.7843657,3.5655117
2.5,3.0736554,2.567816
3.0,3.2475336,2.9623818
2.5,2.9890466,2.5092754
3.0,3.2476764,2.9966562
19.75,34.491962,20.13185
2.0,2.6506653,2.0271523
2.5,2.9234197,2.5083966
14.0,13.170464,13.87715
3.75,3.7116601,3.7262924
3.0,3.3671846,3.0570476
3.75,3.759868,3.7414954
4.25,4.116789,4.1964564
3.0,2.880336,2.6392956
2.2,2.8787904,2.231433
2.2,2.8611484,2.231974
3.0,3.1934237,2.954683
3.75,4.0659857,3.786021
3.75,4.020859,3.75264
3.5,3.626824,3.551519
2.5,3.0122986,2.5547931
2.5,2.9249682,2.5381672
3.5,3.7769933,3.5604615
2.1,2.61932,2.8258383
3.0,3.3011827,2.9959803
3.25,3.5561106,3.2646646
2.5,2.9949508,2.5390596
0.8,0.99084586,0.810575
3.25,3.5753858,3.3060563
3.0,3.035215,2.9537754
3.0,3.065023,2.949964
8.95,9.343883,8.946548
21.0,19.277246,20.948711
3.1,3.0136135,3.052051
3.0,3.5780184,3.0251803
3.0,3.1520746,2.9703915
3.75,4.356206,3.805581
0.8,0.9748366,0.80441636
2.5,2.9548721,2.5387897
2.5,3.101158,2.5437875
3.75,3.670311,3.7632315
4.25,4.132157,4.200648
2.0,2.6390517,2.0271523
2.5,2.9474893,2.5083966
3.0,3.1115315,2.9540684
3.75,3.753133,3.7288764
4.5,4.3370004,4.4804196
2.0,2.6527383,2.0245647
4.25,4.3388042,4.1868925
4.25,4.1196356,4.200648
2.2,2.877485,2.231433
4.25,4.2167244,4.18737
3.75,3.6423652,3.7628388
3.0,3.563006,3.0236044
2.0,2.6394594,2.0218124
0.8,0.98692524,0.7987322
2.2,2.8627791,2.231433
3.0,3.1447985,2.97099
3.0,3.0986466,2.9545846
3.1,3.38404,3.1012104
3.75,3.9940264,3.7632825
3.0,2.5787575,2.6684349
2.5,3.0624475,2.5677607
2.5,3.0134037,2.5563562
3.75,3.727752,3.6808012
3.0,3.145284,2.9628892
0.8,0.96750486,0.8035146
2.5,2.9644165,2.537218
3.0,3.268818,2.9893107
3.0,3.0685506,2.9531708
3.0,3.373221,3.0579169
3.1,3.0136135,3.0535529
2.5,2.94871,2.536759
2.55,3.0136135,2.6151483
3.75,4.0380564,3.7558174
3.0,3.418397,3.0570476
4.75,4.5632515,4.691735
2.0,2.65997,2.0245647
2.55,3.0136135,2.618666
3.5,3.6380088,3.4461205
3.75,3.7265503,3.6812046
3.5,3.590696,3.4448903
0.8,0.972436,0.80360067
4.25,4.1183405,4.1970277
2.55,3.0136135,2.6166909
4.25,4.2331066,4.1976256
4.0,3.6935613,3.9243834
8.95,9.304991,8.952444
3.5,3.5569885,3.4984674
3.75,3.7725909,3.7628388
2.5,3.076035,2.5619285
3.75,4.0702543,3.786021
2.0,2.6852708,2.021214
4.25,4.2267237,4.1976256
0.8,0.95896655,0.80360067
2.5,3.12294,2.5438533
4.75,4.5071993,4.691645
2.5,2.9842553,2.5083568
3.75,4.379716,3.8086352
2.5,2.9246716,2.5364463
4.5,4.4079714,4.445501
3.75,3.9110024,3.7638538
3.0,3.2910304,2.994233
2.55,2.9230077,2.6231627
2.55,3.0136135,2.616389
2.5,2.9504888,2.5083966
3.0,2.6160462,2.8818543
4.75,4.4848204,4.696924
3.0,3.1970608,2.9610085
3.0,3.2690563,2.9893107
0.8,0.9945903,0.7998478
3.75,3.7238286,3.6812975
3.75,3.726687,3.681663
2.5,3.067128,2.5673032
3.5,3.6197546,3.4987864
2.5,2.980161,2.5092754
3.5,3.6082308,3.5500617
2.5,3.071136,2.5677607
2.5,2.9414706,2.507822
2.5,3.0072255,2.5576417
3.0,3.340935,2.9893107
4.25,4.065918,4.195586
2.0,2.6893475,2.021214
2.5,3.0668995,2.5677607
3.75,4.0561037,3.780946
4.75,4.506999,4.6883497
2.2,3.0672681,2.240144
3.75,4.065612,3.7787042
3.5,3.5506587,3.4821112
21.0,18.44562,20.989372
3.75,4.032837,3.7628388
3.75,4.040946,3.769033
3.0,3.3714445,3.0570476
3.75,3.7888443,3.7628388
2.5,2.9450223,2.5362124
2.45,2.9613924,2.5137906
3.0,3.062944,2.9577749
3.5,3.5824745,3.442486
3.1,3.3637059,3.1007442
3.0,3.1546204,2.97099
3.0,3.251162,2.9893107
0.8,0.9802419,0.8041432
3.25,3.568586,3.2434068
2.5,3.0917478,2.559505
3.25,3.549297,3.204864
2.55,3.0136135,2.6163967
2.5,3.1419747,2.5406232
2.5,3.0883126,2.5665731
3.75,3.7121363,3.7632315
4.0,3.691125,3.9201128
0.8,1.0016747,0.8037572
3.1,3.0136135,3.0528817
3.0,3.4401338,3.0570476
2.5,3.0177276,2.5563562
3.5,3.570607,3.5007482
0.8,0.98221385,0.80456334
4.0,3.6688983,3.9255648
3.25,3.5497663,3.263387
3.75,3.7016187,3.720564
4.5,4.3962545,4.4475646
3.0,3.0750642,2.9329426
2.5,2.9834707,2.5425267
2.5,2.9037213,2.5083966
3.0,3.0832632,2.9727805
2.5,3.0664883,2.5640874
2.5,2.9440513,2.5372002
19.75,35.604176,20.434368
2.5,2.925808,2.5083966
3.0,3.062855,2.9328873
3.5,3.7840698,3.5628097
3.0,3.2032118,2.9966562
2.5,2.9468365,2.5364463
2.5,2.915936,2.507822
3.75,3.7457695,3.7448144
4.5,4.412889,4.446462
3.1,3.4139156,3.1017992
2.5,2.9496121,2.5083966
4.5,4.2718744,4.4713182
3.5,3.6373146,3.472513
2.5,2.9324398,2.5108445
3.75,3.6403859,3.7628388
2.5,3.125579,2.5405202
3.1,3.4216778,3.1012104
4.5,4.4364643,4.4445705
3.0,3.079047,2.9529417
3.5,3.6220915,3.573455
3.1,3.0136135,3.051535
2.5,2.9475048,2.537452
4.0,3.7005644,3.9213
3.0,3.2570548,2.9901938
2.5,2.8745866,2.552036
3.0,3.2010555,2.9609191
2.5,3.076562,2.557367
3.75,4.1190205,3.7804694
3.0,3.2200868,2.948241
3.0,3.1873846,2.9482431
3.75,3.7100046,3.7271929
2.5,3.073567,2.5677607
4.5,4.4220943,4.4465513
3.75,3.5158114,3.679832
3.0,3.252881,2.994233
0.8,0.9804652,0.80378854
2.2,2.7866862,2.2299645
2.2,2.8689537,2.231433
3.0,3.2007399,2.9618137
2.2,3.0774117,2.2381716
3.5,3.5578346,3.4961855
3.5,3.5876105,3.47096
3.0,3.0960064,2.9390936
2.0,2.6866512,2.0218124
0.8,0.98005646,0.8041432
3.0,3.1608946,2.97099
2.5,2.9322567,2.5351064
2.5,3.0306094,2.5548544
2.2,3.0686116,2.241374
3.0,3.3528461,2.9907348
2.5,2.9184403,2.5083966
0.8,0.9868731,0.804587
4.5,4.2140718,4.4698796
3.75,4.3613014,3.811845
0.8,0.9769523,0.801923
3.0,3.0674047,2.9541297
3.0,3.0643482,2.932676
2.5,2.9808464,2.5083966
2.5,2.987753,2.5099986
3.0,3.344283,2.9893107
3.0,3.249775,2.9959803
3.75,4.3920712,3.8095963
3.0,3.150733,2.97099
3.0,3.3398132,2.9901938
3.75,3.741253,3.7348516
3.0,2.6426635,2.6228666
3.0,3.0836706,2.9329426
2.5,3.088068,2.5610025
3.75,4.1382985,3.7800767
2.5,3.136883,2.5429568
3.75,4.062507,3.7815173
3.5,3.8596847,3.5606072
3.0,3.2086668,2.948241
3.0,3.0580719,2.9328873
2.2,3.0718126,2.2381716
3.5,3.6067493,3.473054
3.5,3.5476139,3.4762995
2.1,2.6075242,2.5875516
4.0,3.706473,3.924916
0.8,0.97083944,0.7970841
3.75,4.347373,3.8096862
2.55,3.0136135,2.617436
4.75,4.48971,4.6879597
3.0,3.517399,3.0584881
3.75,3.7806888,3.6820314
3.0,3.0651903,2.9329426
0.8,0.98565567,0.8044074
3.0,3.2483468,2.9959803
2.45,2.9209352,2.5138807
2.5,2.9176507,2.5364463
3.1,3.4147556,3.1012104
3.25,3.591236,3.3093944
4.0,3.7028062,3.922123
2.0,2.6357691,2.0271523
3.75,3.9817913,3.7736754
4.75,4.550539,4.691741
3.5,3.6101573,3.550235
0.8,0.99134123,0.8037572
5.63,4.3250294,4.507931
3.75,3.7541962,3.7274551
4.5,4.2854815,4.4680605
2.0,2.643176,2.0259223
2.2,3.0843835,2.2381716
4.5,4.3641806,4.44376
3.0,3.430168,3.0579169
3.0,3.2719815,2.9608727
3.75,4.314002,3.8086295
0.8,0.9504738,0.80364054
4.75,4.5169077,4.6958685
2.5,3.0424292,2.5407035
3.0,3.1675427,2.964046
3.0,3.1182063,2.9625335
2.5,2.9675717,2.542401
2.5,2.9817386,2.5108445
0.8,0.9714967,0.80357826
3.75,3.740935,3.7270896
3.75,3.7214196,3.6803768
3.25,3.5484707,3.244779
3.0,3.2681909,2.994233
3.0,3.2503953,2.9627454
2.1,2.6071215,2.5907223
4.75,4.482995,4.693432
3.75,3.749503,3.7280145
2.5,2.9696126,2.5083966
0.8,0.97458094,0.8041432
4.75,4.465355,4.691735
3.5,3.606726,3.47096
2.0,2.6912606,2.0217488
3.75,4.07486,3.786021
3.0,3.6725798,3.0251803
4.25,4.1105833,4.2010407
3.0,3.1552339,2.9709263
3.1,3.376553,3.1012473
3.0,2.5809321,2.7811213
2.0,2.6286159,2.0271523
2.5,2.9186878,2.5366373
3.0,3.2931943,2.994233
3.75,4.226227,3.7625506
3.0,3.3323064,3.0570476
2.2,2.8250866,2.2305055
3.0,3.074196,2.9741867
3.1,3.0136135,3.051535
2.45,2.9516187,2.5125945
4.0,3.7400432,3.9221842
3.0,3.2517548,2.9620752
2.5,3.1313112,2.541455
4.0,3.7092035,3.923318
2.5,3.0835674,2.5619211
3.0,3.2547843,2.9901938
3.0,3.2287421,2.9966562
2.5,2.9414155,2.5421345
3.0,3.346514,2.9901938
3.75,3.7246325,3.681663
3.0,3.54947,3.0236044
3.0,3.4361048,3.0621932
2.2,3.057308,2.2381716
0.8,1.0000378,0.80410784
3.0,3.2553835,2.946535
3.0,3.0570257,2.9741867
4.0,3.7148125,3.9221594
3.0,3.3633919,2.9901938
3.5,3.5544846,3.4919453
3.5,3.561158,3.4839282
3.5,3.6243598,3.4448903
2.5,2.9309733,2.5083966
4.25,4.34055,4.1868925
4.75,4.599824,4.6845665
3.75,3.7006903,3.7286618
2.5,2.9875152,2.5418882
3.0,3.415625,3.0570476
3.0,3.216868,2.9966562
2.2,3.0604315,2.240144
2.5,2.9420054,2.542401
3.0,3.0721505,2.9338021
3.75,4.3154554,3.8043618
3.0,3.1780715,2.9650517
3.25,3.557943,3.2640817
3.75,4.0658402,3.786021
3.75,3.7204378,3.7334833
2.5,2.9222841,2.5083966
2.5,2.9396343,2.5364463
3.25,3.5484896,3.2376637
3.1,3.4184086,3.1018622
3.5,3.6078293,3.570698
4.75,4.52561,4.689408
4.5,4.35276,4.456781
3.25,3.5564883,3.2405484
3.75,3.712266,3.7273757
2.5,2.9390988,2.5359888
2.5,3.0645304,2.5673032
4.0,3.5979965,3.9226391
4.5,4.4097166,4.446462
3.75,4.0726914,3.780946
3.0,3.2807453,2.9898517
2.0,2.6973996,2.021214
2.5,3.069945,2.567816
3.75,3.7402694,3.7483308
2.5,3.0654025,2.5666733
3.0,2.6230469,2.617289
3.0,3.0867553,2.9575102
3.5,3.5490367,3.4751768
2.5,3.0151205,2.5576417
3.0,3.1737702,2.9649055
3.5,3.5611675,3.442486
3.75,3.9652443,3.7632825
3.75,4.093906,3.7800767
3.5,3.6335442,3.5481923
3.0,3.0701933,2.932485
0.8,0.9892849,0.8045242
3.75,4.073086,3.786021
2.2,3.0678992,2.2381716
3.75,3.7212665,3.7262924
3.0,3.1679268,2.9592144
2.1,2.5655174,2.8302307
3.75,3.98966,3.76569
3.75,3.7189577,3.6836572
2.5,2.983971,2.5083966
2.55,3.0136135,2.6178985
3.0,3.0767572,2.9626102
3.0,3.5542448,2.9966562
3.0,2.5654635,2.5511432
3.5,3.564326,3.4782367
3.0,3.1988018,2.9645941
3.25,3.551805,3.2781315
2.0,2.649167,2.020355
3.5,3.6200464,3.4857328
4.25,4.287919,4.1868925
3.0,3.3804867,2.9901938
2.5,2.9563189,2.5083966
0.8,0.98281884,0.8003025
3.0,3.0596664,2.9727805
3.75,4.3024616,3.8082995
3.5,3.5738275,3.442486
12.0,13.375839,12.049094
2.0,2.623736,2.0245647
3.0,2.5820813,2.8069522
2.5,2.9153652,2.5038106
2.5,3.0749388,2.5673585
2.5,3.079282,2.5613968
3.75,3.7200344,3.7261367
3.0,3.070635,2.9329426
3.0,3.1367378,2.9615116
10.95,9.893146,10.836167
3.0,3.0677683,2.9328873
3.0,3.359058,2.994233
3.75,4.064041,3.786021
3.5,3.5494633,3.4802058
3.5,3.7717104,3.5658417
2.0,2.6450062,2.0259223
2.45,2.9602265,2.5137906
3.0,3.0670006,2.9754167
2.0,2.6338353,2.0245647
0.8,0.965616,0.8052217
4.25,4.2321978,4.18737
2.5,2.9654202,2.507822
3.5,3.6416018,3.4461205
2.0,2.662679,2.0218124
3.0,3.078634,2.9534802
3.0,3.159491,2.97099
2.5,2.9573793,2.5417159
3.0,3.2522187,2.963952
0.8,0.96992606,0.7998662
2.5,3.132902,2.5422857
3.75,4.325601,3.8031082
3.75,4.063737,3.7815173
2.2,2.8359494,2.231974
2.5,2.9343138,2.5364463
3.75,3.7479606,3.7303486
3.0,3.2496753,2.9901938
2.5,2.953236,2.5083966
3.0,3.061388,2.9478185
3.5,3.6487849,3.473054
3.0,3.196266,2.9966562
4.25,4.067442,4.195586
2.5,3.0639493,2.5559833
2.65,3.2617319,2.7660718
3.0,3.6368122,3.0251803
3.25,3.5705278,3.3257663
3.0,3.266625,2.9617004
3.75,3.7204554,3.7254615
3.25,3.547081,3.2427177
3.0,2.563269,2.7338758
2.0,2.6376061,2.0245647
3.0,3.249362,2.948241
2.0,2.6687129,2.0259223
3.0,3.1548517,2.97099
3.25,3.5828907,3.3097959
3.75,3.7384255,3.7315304
3.5,3.5894356,3.4448903
3.75,3.7246993,3.681663
2.5,2.9261837,2.5083966
3.75,4.054551,3.7815173
3.5,3.761316,3.563845
3.75,4.3157806,3.8095963
2.5,3.0748427,2.567816
3.5,3.6208038,3.625332
3.0,3.1655512,2.9650517
2.5,2.9964664,2.541612
3.0,3.1453633,2.97099
2.5,3.0099807,2.5092754
3.0,3.074833,2.932485
4.25,4.2291565,4.187941
18.0,20.707579,18.155703
3.5,3.6293752,3.4461205
3.1,3.0136135,3.052051
4.5,4.426467,4.4424667
3.0,3.1624293,2.963909
3.0,3.082862,2.932485
3.75,3.8840318,3.7471285
2.5,2.977169,2.5083568
2.5,3.0758417,2.5591197
3.25,3.5522807,3.263387
8.95,9.455607,8.947112
4.75,4.4814267,4.6907797
3.5,3.6288655,3.472513
3.75,4.0568085,3.780946
2.5,2.9123428,2.5417159
4.0,3.7533536,3.9206986
2.5,3.079771,2.5679417
4.5,4.4095173,4.446462
4.25,4.066654,4.195979
2.55,3.0136135,2.615718
2.0,2.6387897,2.021214
2.5,2.9622808,2.5337496
2.1,2.5494864,2.7651393
2.2,2.877549,2.231433
4.0,3.690541,3.9217043
3.5,3.6106791,3.573467
3.0,3.190333,2.9636436
14.0,12.576651,13.98245
4.25,4.3428087,4.1868925
3.0,3.4804175,3.0570476
2.5,2.9694483,2.5438662
2.5,3.259675,2.5623424
3.5,3.5661883,3.48693
4.75,4.5011883,4.6927476
4.25,4.183299,4.1972327
2.45,2.9393184,2.514312
3.75,3.7402694,3.7483308
2.5,2.9491973,2.5345175
2.5,3.0621762,2.5673585
2.2,3.065868,2.241374
2.2,2.9005704,2.231974
2.5,3.066966,2.5628006
3.0,3.0705807,2.9509404
2.5,2.9615064,2.5364041
3.75,4.0691776,3.786021
3.1,3.3151138,3.102356
2.5,2.924152,2.5364463
3.75,3.7091544,3.7277877
3.0,3.236437,2.9477835
3.75,4.320072,3.8095963
0.8,0.9818657,0.8041432
3.0,3.500631,3.0584881
4.0,3.7053123,3.923318
3.75,3.7516592,3.72726
3.25,3.5576186,3.2397647
2.45,2.9536827,2.5145679
2.5,2.9173117,2.5330858
3.1,3.4350677,3.100807
4.0,3.6980226,3.9241486
4.0,3.7330654,3.922863
3.5,3.5335727,3.4448903
14.75,17.316334,14.840166
3.1,3.0136135,3.053475
3.1,3.38555,3.1007442
3.0,3.5699391,3.0618005
2.5,2.936682,2.5083966
3.5,3.9733405,3.5646405
3.0,3.0733685,2.9727805
3.5,3.5869522,3.473054
4.75,4.5045347,4.683692
2.5,3.0893676,2.5616665
4.75,4.577381,4.688943
3.5,3.586074,3.47096
2.5,3.0880747,2.5602925
3.75,3.9750078,3.7638538
3.0,3.0598884,2.9322574
2.5,3.0758364,2.559187
3.1,3.2916284,3.1013634
2.2,3.0768757,2.240144
2.5,3.0633407,2.5599031
2.5,3.0805078,2.5583494
2.5,3.0763311,2.5592194
3.5,3.6197052,3.5589378
2.65,3.4709666,3.2063475
3.5,3.654403,3.473054
3.0,3.083599,2.9328873
4.5,4.4113193,4.4426155
3.75,4.0581656,3.7815173
2.5,2.9297965,2.5359888
3.75,3.7332566,3.681663
3.25,3.5498106,3.270176
3.25,3.5806577,3.33049
0.8,0.9866464,0.7976205
3.0,3.2087836,2.948241
3.75,3.7500966,3.7317517
0.8,0.98758125,0.8035693
3.0,3.2038739,2.9481857
2.5,2.9535384,2.537452
2.2,2.8419123,2.231974
2.0,2.6715775,2.0218124
3.5,3.5531504,3.4789214
3.75,3.7249315,3.7632315
3.25,3.5859952,3.2355175
2.2,3.080854,2.2381716
4.75,4.5298176,4.689738
3.0,3.1586192,2.9703915
3.0,3.0632112,2.9296012
2.5,3.1250656,2.5429568
3.25,3.550792,3.2435014
3.0,3.0712018,2.9328873
4.0,3.636352,3.9207764
3.25,3.5414023,3.240528
2.5,3.0731552,2.5583026
2.2,3.0917082,2.240144
2.5,3.1226354,2.5446963
2.5,3.1873271,2.5409389
8.95,9.273993,8.946314
4.25,4.0651093,4.195586
3.75,3.7402472,3.7333791
2.5,2.9651413,2.5381753
4.0,3.6084445,3.921816
4.0,3.7219226,3.923318
3.0,3.0795624,2.932485
3.75,4.0568,3.7864137
2.5,3.063746,2.565106
3.25,3.5454152,3.2744553
3.5,3.5720592,3.442486
3.1,3.3736053,3.1017992
4.25,4.223593,4.1976256
2.5,3.0012832,2.540473
3.5,3.5527945,3.4915662
3.75,3.7570307,3.7290704
3.75,3.7168486,3.7242808
4.75,4.507446,4.683692
4.25,4.123068,4.200648
3.0,3.2265773,2.962764
0.8,0.96959674,0.80350566
45.0,34.395008,44.64286
2.55,3.0136135,2.6184916
2.5,3.0678523,2.5599353
3.75,4.313344,3.7994528
3.75,3.7167528,3.7334833
3.5,4.000498,3.560929
3.1,3.3841853,3.1028104
3.75,3.8543253,3.764354
3.0,3.2662988,2.9901938
4.0,3.584791,3.921816
2.5,3.0783186,2.567816
0.8,0.97358316,0.8040677
3.25,3.584793,3.302616
2.5,2.955873,2.542401
3.75,3.734422,3.7324836
2.45,2.906044,2.5141702
3.0,3.3304157,2.9893107
2.5,3.0831134,2.5578575
4.25,4.1164675,4.2010407
3.0,3.06507,2.947814
3.75,4.1275196,3.7804694
8.95,9.249966,8.946548
4.5,4.399602,4.4442296
3.0,3.1250253,2.9642797
3.0,3.066636,2.9516275
3.5,3.9569783,3.5666142
2.5,2.9620893,2.5099986
2.55,3.0136135,2.615111
3.25,3.4957552,3.2391798
3.1,3.3089716,3.1018782
2.5,3.0124624,2.5092754
2.5,2.95511,2.507822
4.0,3.7120926,3.922941
3.1,3.0136135,3.0488586
2.5,2.9707603,2.5092754
3.75,3.7714622,3.6814795
2.5,2.9431055,2.535761
3.0,3.0928159,2.9540684
3.5,3.6305673,3.4461205
3.75,3.7205822,3.7258837
3.25,3.568714,3.3048236
2.5,3.0709643,2.5613842
3.0,2.5886648,2.6441684
4.25,4.238856,4.187941
0.8,0.99156654,0.7968385
3.5,3.8781264,3.564545
3.5,3.577078,3.4832532
3.25,3.5824742,3.3071897
2.0,2.6247907,2.0259223
3.0,3.0784657,2.9569094
2.5,3.1322062,2.5405202
3.0,3.206623,2.9477835
3.0,3.20976,2.964046
3.0,3.092574,2.9541028
4.75,4.173009,4.690348
2.5,2.9615583,2.5092754
4.25,4.066288,4.195979
3.0,3.1989348,2.9477835
3.0,3.2032604,2.9966562
3.75,3.7214315,3.7226367
3.0,3.157793,2.9709263
3.75,3.7167118,3.72403
4.25,4.065151,4.195586
3.0,3.166297,2.9589374
2.5,2.9917042,2.5083568
3.0,3.176824,2.9655664
2.5,2.9584503,2.5354686
4.75,4.5073195,4.6870513
3.5,3.6035209,3.479988
2.5,3.0939736,2.55782
3.75,3.939873,3.7632825
3.5,3.612675,3.4448903
3.5,3.5955033,3.472513
2.5,2.959457,2.5108445
3.0,3.066636,2.9516275
4.5,4.371891,4.471687
3.75,3.9381135,3.7638538
3.75,4.0559273,3.7815173
2.5,2.9834313,2.5108445
3.5,3.5423248,3.442486
3.75,3.710511,3.7281024
3.0,3.1505642,2.9650517
3.1,3.0136135,3.0543835
0.8,0.99565184,0.80465
3.5,3.5732195,3.4715009
0.8,0.9804598,0.80441636
2.2,3.0677283,2.2381716
3.0,3.2566361,2.9901938
3.0,3.0995562,2.9548914
2.5,2.934184,2.5374262
2.0,2.6867719,2.0218124
2.5,3.0241754,2.5586212
3.75,3.7210257,3.7352452
3.0,3.3393154,2.9907348
4.5,4.3642316,4.4465513
2.5,2.9843683,2.5108445
4.5,3.932309,4.4684315
3.25,3.5581815,3.2617116
0.8,0.9870116,0.8042726
3.5,3.9231243,3.5632794
0.8,0.97929645,0.8041432
3.0,3.0974507,2.9754167
3.5,3.5503447,3.4802926
4.5,4.338127,4.4685326
3.0,3.190425,2.9556427
3.5,3.9138432,3.5655117
3.0,3.0654256,2.9544804
2.5,2.9986577,2.5553093
3.5,3.822294,3.5612
2.0,2.6364684,2.0271523
2.2,2.8213294,2.231433
2.2,3.0635362,2.2381716
3.5,3.6208045,3.5534084
2.1,2.5852735,2.637973
3.75,3.7557328,3.7290423
3.0,3.5726945,3.0236044
3.75,4.045863,3.77284
3.0,3.0866067,2.932944
3.5,3.5923219,3.482171
3.75,4.317459,3.8043618
4.0,3.7374675,3.9226468
2.2,3.0957613,2.2381716
3.0,3.175523,2.9475005
3.1,3.0136135,3.0535529
3.75,4.294681,3.8074677
3.0,3.07922,2.9545846
3.75,3.9037635,3.7638538
4.25,4.2806635,4.1864996
3.75,4.0966425,3.7736754
2.5,3.0805786,2.5612679
2.55,3.0136135,2.6160197
3.0,3.370593,2.9901938
3.0,3.0600333,2.9324298
2.2,3.0587294,2.2381716
3.0,3.1504738,2.97099
3.25,3.5288417,3.264764
4.5,4.41901,4.447654
2.5,3.0799515,2.5673032
3.0,3.0554671,2.9741867
3.0,3.0480478,2.9591744
3.0,3.0760102,2.962064
2.5,2.9693081,2.5417159
2.5,3.1214805,2.5417619
2.5,2.9744892,2.5359373
3.0,3.2987723,2.9901938
3.75,3.7608485,3.7259607
2.0,2.657119,2.0245647
2.5,2.9634814,2.5373058
2.2,2.8268754,2.231433
3.75,4.0836115,3.7800767
3.75,4.0564585,3.7864137
3.75,3.9838815,3.7736754
3.0,3.5090654,3.0584881
3.0,2.6284127,2.5212953
2.5,3.015583,2.556811
3.0,3.0890517,2.9556315
4.25,4.2319202,4.18737
3.0,3.4895093,3.0574403
0.8,0.9694403,0.8030078
2.0,2.6665916,2.0217488
3.5,3.5763676,3.479695
3.5,3.8405445,3.5655117
3.75,4.0638027,3.786021
0.8,0.9734254,0.8037249
3.0,3.0715442,2.9329426
2.5,2.8691452,2.542401
3.0,3.665944,3.0275993
3.75,3.7498178,3.7308013
2.5,2.9421527,2.5364463
2.0,2.7310576,2.0245647
3.1,3.0136135,3.0556183
22.5,21.328135,23.03936
3.0,3.0743337,2.9329426
3.75,4.111703,3.7804694
4.75,4.5048695,4.6878033
3.75,3.7753687,3.7265255
2.5,3.075416,2.5576992
3.0,3.1789188,2.9458864
3.5,3.5641878,3.4781134
3.0,3.065907,2.952395
2.5,3.141638,2.5429568
3.25,3.5770624,3.3084455
4.5,4.2143984,4.468788
3.5,3.553158,3.485982
2.5,2.9198418,2.5083966
3.25,3.542304,3.23688
3.5,3.5787392,3.4448903
3.0,3.078775,2.9741867
3.0,3.2216992,2.948241
2.0,2.660543,2.021214
3.0,3.4052248,3.0584881
2.5,3.0139718,2.5561688
4.25,4.0654287,4.195586
2.5,2.9149978,2.507822
2.5,2.917063,2.5359888
3.5,3.92087,3.5656078
4.25,4.1095552,4.1964564
3.75,3.7581632,3.728567
2.5,2.9447792,2.507822
3.5,3.5930252,3.47096
2.0,2.6375291,2.0245647
2.55,3.0136135,2.6163967
3.25,3.5647497,3.3280423
7.6,7.8335133,7.6047053
2.5,2.9368534,2.5417159
3.25,3.5715182,3.299816
3.5,3.626568,3.5541177
3.0,2.624076,2.8072565
2.5,2.923216,2.5364463
3.1,3.0136135,3.0567946
3.75,3.706426,3.7632315
3.5,3.9687145,3.5688632
3.5,3.9404595,3.5627663
3.0,3.087697,2.9560864
2.2,3.062906,2.241374
2.5,2.9763384,2.5423458
3.5,3.5685813,3.442486
4.25,4.3110495,4.1864996
2.2,3.0826359,2.2381716
0.8,0.981022,0.80287296
3.0,3.0714266,2.9575548
3.1,3.0136135,3.053098
3.1,3.3150585,3.1015787
2.1,2.5816474,2.6129203
2.5,2.941156,2.5359797
4.25,4.0652666,4.195586
2.5,2.9622784,2.5337496
2.5,2.921246,2.507822
3.0,3.477598,3.0618005
3.75,3.9393463,3.7736754
4.75,4.5681753,4.688943
0.8,0.9894831,0.8041432
2.55,3.0136135,2.6166012
3.0,3.4873269,3.0621932
3.1,3.3129992,3.1011126
0.8,0.9859282,0.80516833
4.5,4.2904816,4.468581
3.0,3.516258,3.0621932
4.5,4.284687,4.4839354
2.2,3.072259,2.240144
3.75,3.7230275,3.680839
2.5,2.9440975,2.507822
3.5,3.5978732,3.5517848
2.5,3.1222787,2.541455
3.75,4.027416,3.7667882
2.5,2.94244,2.5108445
3.5,3.8645415,3.5655117
4.25,4.2343454,4.187941
4.25,4.0679636,4.195979
3.5,3.8393633,3.5666142
2.5,3.1315727,2.541455
2.5,2.9361565,2.5364463
3.0,3.250807,2.994233
3.0,3.6133595,3.0251803
3.0,3.1597087,2.9458294
3.0,3.1194425,2.963655
4.5,4.3798265,4.448711
3.0,3.558151,3.0236044
3.5,3.5403574,3.442486
3.0,3.2553139,2.9441254
3.75,3.688962,3.7287452
3.75,4.048909,3.768969
3.75,3.9372094,3.7736754
3.1,3.0136135,3.0549767
2.5,3.0161412,2.55614
3.75,4.3665075,3.8116672
2.5,2.9375162,2.5362375
2.55,3.0136135,2.615566
3.5,3.5571115,3.4999223
3.75,3.7842388,3.681535
3.0,3.06239,2.9329426
2.5,3.0224009,2.556811
2.5,2.9235525,2.507822
2.45,2.9345055,2.5145679
3.75,3.9591844,3.7638538
3.0,3.0645118,2.9329426
3.0,3.5976949,3.0251803
4.5,4.3864794,4.4485326
3.25,3.5447667,3.270176
3.0,3.561215,3.0236044
3.75,4.048505,3.7727792
3.0,3.0747926,2.9741867
3.25,3.5588162,3.236886
3.1,3.0136135,3.0516014
3.0,3.1646366,2.9966562
3.0,3.0749714,2.932944
3.25,3.579921,3.308855
4.25,4.1137905,4.2010407
2.5,3.062941,2.567816
3.25,3.577557,3.3108778
4.25,4.125335,4.200648
4.25,4.1246123,4.1970277
3.0,3.0950918,2.9727805
3.5,3.5923889,3.472513
3.5,3.5687058,3.5011663
3.0,3.075548,2.9326108
2.2,2.8129127,2.2299645
4.25,4.118844,4.200648
3.75,4.3449306,3.8109531
3.75,3.7105737,3.6820154
0.8,0.98940265,0.8045242
3.0,3.0756373,2.9727805
3.0,3.356837,2.9901938
2.5,2.9473295,2.5368907
3.1,3.0136135,3.0508027
2.0,2.6636615,2.0245647
2.5,3.136145,2.5437799
3.0,3.212758,2.9571445
2.5,2.9607015,2.5369945
4.0,3.698817,3.9241486
3.1,3.3267984,3.1015787
3.0,3.1567843,2.9703915
4.5,4.3564215,4.468566
3.75,3.7199466,3.680839
4.25,4.122866,4.200648
2.5,3.077075,2.5613678
12.0,13.10198,12.031705
3.1,3.0136135,3.0491529
3.5,3.6004765,3.472513
3.75,3.716549,3.6814005
3.5,3.558266,3.4985032
3.75,4.037553,3.7517087
3.0,3.3638868,3.0570476
2.45,3.002909,2.5127437
3.5,3.5589626,3.4784386
4.75,4.5284634,4.692837
3.25,3.5542305,3.269321
3.5,3.5738106,3.473054
3.0,3.0642643,2.932485
3.0,3.2351522,2.9632053
0.8,0.9685247,0.7982683
3.0,3.2458801,2.9907348
3.5,3.567742,3.472513
3.0,3.6041849,3.0251803
28.0,21.681925,21.939507
3.75,3.7596428,3.6828716
3.5,3.5533845,3.442486
3.5,3.601186,3.4818883
3.0,3.2541442,2.9966562
3.75,4.0531826,3.7533174
3.75,4.057315,3.7864137
3.0,3.207522,2.9966562
2.5,2.9538674,2.542401
3.5,3.9490035,3.574729
3.5,3.600989,3.5456707
3.75,3.6677306,3.7268229
4.25,4.310216,4.1864996
2.5,2.9649541,2.542401
8.95,9.220356,8.946349
3.0,3.6625316,3.024313
3.75,3.7203248,3.6814005
3.0,3.1617243,2.9649055
3.0,3.225814,2.948241
3.75,3.6833217,3.7224765
3.0,3.300291,2.9901938
3.25,3.5871599,3.3055341
3.0,3.3319118,2.994233
3.75,3.6942158,3.7632315
2.45,2.9657931,2.5136971
4.75,4.5129075,4.6867404
3.5,3.6152127,3.472513
2.45,2.9647684,2.5130188
3.0,3.0701702,2.9754167
3.5,3.6238954,3.5584607
3.0,3.072763,2.9548914
2.5,3.0702486,2.5609028
4.0,3.6767178,3.9214392
4.0,3.6731477,3.9213
3.0,3.0584598,2.9754167
3.75,3.7604773,3.7264335
3.75,3.9179633,3.7632825
3.75,3.7784722,3.6820314
2.0,2.6906245,2.021214
2.5,2.9451585,2.5393355
3.0,3.069262,2.9522243
19.75,32.25427,19.87832
2.5,2.9650478,2.5343454
3.1,3.3256764,3.1020372
4.5,4.429245,4.4445705
3.25,3.5115001,3.2056584
2.5,2.9628267,2.5369198
3.1,3.4175568,3.1012104
3.0,3.1683226,2.9650517
2.5,2.9297922,2.5412583
4.0,3.572107,3.921816
3.0,3.155189,2.9655833
3.5,3.5754397,3.4871776
2.5,2.936884,2.5099986
2.5,2.963575,2.537452
4.25,4.1008124,4.1964564
4.5,4.3876715,4.444223
3.1,3.4603631,3.0999885
3.0,3.4102178,3.0621932
3.75,3.7336872,3.6819525
2.5,3.067374,2.5624998
14.75,17.318384,14.855058
3.1,3.0136135,3.0528817
2.5,2.9498067,2.5083966
2.2,2.822122,2.2299645
3.75,3.7180486,3.6820154
4.5,4.363319,4.4465513
3.5,3.954745,3.5607028
3.0,3.0799146,2.9524133
4.0,3.7195327,3.9278138
2.5,3.0763576,2.566077
3.75,3.7587676,3.726962
3.0,2.6273763,2.8408797
3.75,3.7074213,3.681663
2.5,2.946496,2.537617
3.0,3.2216597,2.948241
4.25,4.1164513,4.2010407
3.1,3.0136135,3.0535529
3.1,3.3294032,3.1015787
3.5,3.5819104,3.4834385
2.2,2.820144,2.2305055
3.5,3.5844862,3.472513
2.5,2.9487212,2.5083966
28.0,28.523483,27.94304
2.2,2.7880683,2.2305055
8.95,10.065083,9.038089
3.0,3.0930018,2.9560864
0.8,0.97148895,0.8035693
3.0,3.0753975,2.9625335
2.5,3.1704807,2.542692
4.75,4.5079093,4.6897535
2.5,2.9445236,2.5352952
3.0,2.5982077,2.5839403
3.25,3.5671232,3.3230681
3.75,3.7356231,3.6814005
3.25,3.583053,3.3131611
2.2,2.893118,2.231433
3.75,4.0456953,3.7627895
2.2,2.8172903,2.2305055
3.0,3.054719,2.9329448
2.5,2.9560244,2.5099986
3.1,3.0136135,3.0530553
3.0,3.3052797,2.994233
0.8,0.98299867,0.80368495
3.5,3.5711067,3.4822576
3.75,4.0370827,3.753883
3.25,3.5619214,3.2604337
3.0,3.0669475,2.9328873
7.6,8.235002,7.6043344
2.5,3.1361244,2.541455
2.5,3.0695674,2.5665677
2.2,3.0792198,2.2381716
2.5,3.0664883,2.5640874
2.5,2.9030328,2.5083966
3.5,3.6411617,3.5517046
3.0,3.1084518,2.9615495
3.1,3.4166708,3.1007442
0.8,0.99482167,0.80516833
3.75,3.7204225,3.7276373
4.25,4.1142216,4.1970277
3.5,3.606304,3.482892
3.25,3.5363004,3.206442
2.45,2.9255326,2.5138807
2.5,3.0806592,2.5674841
3.5,3.6059563,3.442486
4.5,4.438369,4.446462
3.5,3.7749662,3.5674865
4.5,4.2499,4.4715166
2.5,2.9742737,2.538275
3.25,3.5518677,3.239839
3.0,3.0809639,2.950102
2.5,3.1327848,2.542502
3.25,3.5737739,3.2626033
4.5,4.382003,4.445495
3.0,3.2024581,2.9618137
3.5,3.5236678,3.4715009
2.5,3.070094,2.558415
3.75,4.057581,3.7815173
0.8,0.98067844,0.80378854
2.5,2.9787388,2.5083568
3.0,3.1441188,2.9615955
2.5,3.0081918,2.5553093
3.1,3.0136135,3.052051
3.75,3.7057397,3.7632315
0.8,1.000295,0.8041432
2.2,3.0588012,2.240144
8.95,9.476373,8.952159
14.0,14.0208025,14.407079
2.2,3.0675611,2.241374
4.25,4.2191277,4.18737
3.0,3.220271,2.9491005
3.5,3.8181055,3.5655117
3.0,3.2692294,2.9907348
3.0,3.1769943,2.9703915
0.8,0.97119397,0.8044697
2.5,2.9556556,2.5359356
2.5,2.9352593,2.5364463
2.5,3.06151,2.5673032
3.75,4.103406,3.7804694
2.0,2.6710966,2.0271523
3.5,3.589566,3.47096
3.5,3.607325,3.491919
3.1,3.371314,3.1017992
4.0,3.7409108,3.9235556
3.5,3.886519,3.5655117
3.25,3.5782948,3.3287244
3.0,3.2700114,2.9893107
2.5,3.2190447,2.5308025
3.5,3.5580394,3.499226
3.1,3.0136135,3.052526
3.0,3.659269,3.0236044
3.0,3.1616676,2.9650517
2.55,3.0136135,2.6175215
3.75,3.7019508,3.7632315
2.0,2.6783574,2.0218124
3.0,3.2672863,2.9907348
2.5,2.945665,2.5419436
3.0,3.2605941,2.9907348
4.25,4.292676,4.1868925
3.0,3.4420042,3.0574403
2.5,3.0617814,2.5673585
3.5,3.9223495,3.5588155
2.5,3.0680444,2.5673032
3.0,3.6060126,3.0251803
4.0,3.6990948,3.9213
2.5,3.1605496,2.5429568
2.5,3.1769767,2.543806
3.5,3.9571078,3.5655117
2.5,3.0728655,2.5673585
3.25,3.5925186,3.3124413
3.0,3.0978744,2.9540684
2.5,3.160183,2.5429568
3.25,3.5791824,3.3067832
3.5,3.5975482,3.4979956
3.25,3.5700734,3.3354313
4.0,3.6914215,3.9226468
3.1,3.3783693,3.1017992
4.5,4.342099,4.4718986
3.0,3.06751,2.9741867
2.5,2.9889913,2.5417619
2.5,2.9832666,2.5432606
3.0,3.1742241,2.97099
0.8,0.9359452,0.8042159
4.25,4.0658245,4.195586
3.75,4.047244,3.7526588
2.45,2.9116526,2.514233
2.5,3.00274,2.5576417
2.5,2.9860623,2.5092754
0.8,0.9944778,0.7998478
2.5,2.9372663,2.5419436
3.0,3.268451,2.9901938
3.75,3.9988062,3.7732828
0.8,1.0064225,0.8037572
3.0,3.20188,2.9481857
2.45,2.9528272,2.514233
2.2,3.0760236,2.240144
3.5,3.8479323,3.5680907
3.0,3.674589,3.0251803
3.5,3.551864,3.4779067
3.0,2.6214314,2.8107977
2.5,2.959216,2.5083966
3.0,3.1166952,2.9601984
2.5,2.932942,2.53312
3.0,3.0730212,2.9532704
4.5,4.4443803,4.4457736
2.5,2.9411957,2.5419436
3.0,3.0709953,2.9754167
3.0,3.2138,2.947043
3.0,3.0639176,2.9329426
3.75,4.0424633,3.7643864
15.0,19.43212,15.093926
3.1,3.4458046,3.1008449
3.75,4.303688,3.8073578
3.0,3.2258062,2.9477835
3.0,3.1599681,2.97099
0.8,0.96769977,0.8042964
3.5,3.856443,3.5656016
4.0,3.6969995,3.9241486
2.5,3.1005735,2.5410001
2.55,3.0136135,2.6166909
3.5,3.6004834,3.473054
3.0,3.2466965,2.9893107
2.5,3.0765028,2.5593517
3.0,3.0823536,2.9741867
3.75,3.7546155,3.7449214
4.5,4.248547,4.4684315
2.2,3.068882,2.2381716
2.5,2.9637623,2.5092754
3.1,3.0136135,3.0556183
3.0,3.2693338,2.9901938
3.5,3.5288603,3.442486
3.0,3.1557844,2.97099
4.25,4.1175537,4.2010407
3.0,2.5553203,2.7466135
3.0,3.1785905,2.9596856
3.25,3.504992,3.2056584
3.75,4.3686237,3.8100224
2.55,3.0136135,2.6147342
3.0,3.074951,2.9754167
2.5,3.0701394,2.5622463
4.25,4.065674,4.195586
2.2,2.8451042,2.2305055
4.25,4.227865,4.18737
3.0,3.1950958,2.9491005
2.0,2.6991596,2.0217488
19.75,28.925287,19.6305
3.0,3.215932,2.9635885
3.0,3.09134,2.9560864
3.0,3.1800768,2.9635885
4.25,4.125149,4.200648
2.5,2.92499,2.5083966
3.25,3.556817,3.2649367
2.5,3.0760317,2.5673032
4.25,4.0626554,4.195979
2.65,2.9353912,2.7461045
2.65,3.2939007,2.7682192
2.55,3.0136135,2.6150498
2.55,3.0136135,2.6150498
3.5,3.5492241,3.4797933
3.0,3.2116265,2.948241
3.75,3.719103,3.7628388
3.0,3.3291059,2.9907348
3.0,3.0848963,2.9533408
2.5,3.065697,2.5673585
2.5,3.009688,2.560162
2.5,2.960372,2.5375197
3.5,3.8982067,3.5666142
3.25,3.5859008,3.3073716
3.0,3.2258282,2.9624906
3.5,3.6021483,3.473054
3.0,2.629383,2.6032557
3.0,3.2660463,2.9901938
3.0,3.1210845,2.9622858
3.5,3.6306036,3.4829278
2.5,2.9469562,2.5108445
3.5,3.6175687,3.549371
4.5,4.456329,4.446462
3.5,3.5504491,3.4802637
3.5,3.602247,3.47096
0.8,0.9725051,0.80378854
3.0,3.3133864,2.9893107
3.0,3.0972793,2.955444
2.5,3.0669532,2.5673032
2.5,3.0814207,2.5610268
3.5,3.6223674,3.5514216
2.55,3.0136135,2.6172562
4.5,4.418969,4.4481354
2.5,2.9427624,2.538275
3.0,3.4564629,3.0621932
4.5,4.2542973,4.468583
3.75,4.314404,3.80575
15.0,18.995564,15.084933
4.25,4.113345,4.2010407
3.0,3.1678092,2.964448
3.75,4.0347805,3.752576
3.75,3.748521,3.7436612
2.5,3.1537235,2.542502
3.75,3.743862,3.7370446
2.5,3.034617,2.55856
3.0,3.0874486,2.953676
3.75,3.7241018,3.6807423
3.0,3.2679315,2.9901938
2.5,2.9443746,2.5108445
3.75,4.0545425,3.780946
2.2,3.082504,2.2381716
3.5,3.6056402,3.4833267
3.0,3.0758157,2.9741867
2.5,3.170369,2.5409389
2.5,3.1176867,2.5437875
10.0,10.445748,10.005942
4.75,4.5110106,4.6870513
3.0,3.2218907,2.948241
4.25,4.1516,4.185127
3.75,3.7141821,3.726596
4.5,4.1958704,4.466186
3.0,3.2490308,2.9959803
3.75,3.7158396,3.680839
3.5,3.5384047,3.442486
4.25,4.2181063,4.1976256
2.5,2.985976,2.5390596
3.0,3.5749,3.021457
2.5,3.027404,2.5347319
3.5,3.56867,3.47096
4.25,4.25622,4.187941
3.1,3.374814,3.1016688
2.5,2.9471745,2.5417159
2.55,3.0136135,2.6150498
3.75,3.7160778,3.7253768
2.5,2.9367073,2.539287
2.0,2.6375153,2.0271523
2.5,2.9322371,2.5382504
2.5,2.957089,2.5373058
3.0,3.079976,2.9329426
3.0,2.568236,2.5489044
2.5,2.9448757,2.507822
2.5,2.9700341,2.53913
2.0,2.641178,2.0259223
2.5,2.946619,2.5373397
2.5,2.9548557,2.542401
3.75,3.7122009,3.7276757
3.0,3.08747,2.9754167
4.25,4.110468,4.2010407
3.75,3.997585,3.7732828
3.0,3.2539465,2.9959803
3.5,3.589382,3.55059
4.25,4.3088417,4.1864996
3.5,3.843358,3.5655117
3.0,3.0735178,2.9296012
4.75,4.5119143,4.689778
3.0,3.073368,2.950729
2.5,2.9527564,2.5083966
2.5,2.9508767,2.5372248
0.8,0.98845184,0.80516833
3.5,3.7708046,3.5658417
2.5,3.1629992,2.5477066
4.0,3.7409441,3.9226468
4.5,4.3665237,4.446462
3.0,3.0675838,2.9554152
14.0,13.848955,14.88023
2.0,2.6419873,2.0259223
4.25,4.3132105,4.1864996
0.8,0.9535656,0.803537
3.25,3.580664,3.3352535
2.5,2.9525895,2.5364463
3.5,3.6209614,3.4461205
2.5,2.9240763,2.5431743
2.5,3.0266368,2.55614
4.25,4.2188745,4.1972327
3.0,3.056806,2.9727805
3.5,3.5569804,3.4819293
3.75,4.3033834,3.8057485
3.75,4.359106,3.8096862
45.0,34.392063,44.904682
2.0,2.644852,2.0259223
2.5,3.017718,2.5576417
3.1,3.0136135,3.0535529
2.5,3.0623035,2.5672126
3.75,4.02021,3.7732828
3.0,3.219873,2.9966562
3.0,2.5705874,2.8087199
3.75,4.326364,3.8046918
3.75,3.7436554,3.729563
2.5,2.9623065,2.5071583
3.0,3.0611656,2.9556315
28.0,28.664053,27.970718
4.0,3.6573148,3.923318
3.5,3.5828671,3.4715009
3.0,3.130134,2.9635534
3.1,3.0136135,3.0504098
3.0,3.3648906,2.9907348
2.2,3.0819438,2.241374
3.5,3.5848367,3.4461205
3.0,3.3922164,3.0584881
0.8,0.98604876,0.80410784
2.0,2.6645508,2.0245647
3.75,3.6989615,3.7306943
3.0,2.6375542,2.6520517
3.75,3.7481854,3.6819525
3.0,3.25459,2.9893107
3.75,3.7528865,3.7221947
3.0,3.1618538,2.97099
3.75,4.048296,3.7507508
13.33,10.183634,13.265749
3.75,3.745446,3.7421176
4.5,4.2509127,4.469415
2.45,2.9225588,2.514312
3.25,3.5427606,3.2688982
3.25,3.575463,3.3045955
3.0,3.1039615,2.9548914
3.0,3.267889,2.9608853
3.0,3.0788355,2.9504397
3.0,3.199092,2.9966562
3.75,3.98307,3.7732828
2.55,2.9949503,2.6158729
0.8,0.98660994,0.79983544
3.1,3.0136135,3.0491529
3.75,3.763047,3.7234583
2.55,3.0136135,2.6163967
3.5,3.9267244,3.5563548
2.5,3.0826354,2.5610268
3.0,3.0661259,2.9328873
2.5,2.933377,2.5369945
3.0,3.436568,3.0621932
3.0,3.3723044,3.0579169
2.2,3.103598,2.236799
3.1,3.0136135,3.053999
3.0,2.6363907,2.8414185
3.5,3.594684,3.482945
2.45,2.930302,2.5133283
2.5,2.9797244,2.5108445
3.25,3.5555732,3.241826
2.2,3.0832167,2.241374
3.75,4.3377075,3.801274
3.1,3.0136135,3.051535
3.0,3.0857446,2.9544315
3.0,3.0658655,2.9544804
3.75,4.308573,3.8086352
3.0,3.311755,2.9959803
4.25,4.1092415,4.1964564
3.0,3.0649185,2.9754167
3.0,3.0951912,2.9561827
2.0,2.6985183,2.0218124
3.0,3.580456,3.0236044
2.5,2.9663131,2.5412583
2.2,3.0730207,2.2381716
3.0,2.6317697,2.5244176
2.5,2.9883316,2.5099986
2.55,3.0136135,2.6170678
2.0,2.6410112,2.0245647
3.5,3.5670693,3.4715009
0.8,0.9819908,0.7993727
3.75,3.7605917,3.7632315
3.75,3.912214,3.7632825
2.5,2.955686,2.5108445
3.5,3.8275893,3.5658417
3.5,3.643078,3.4461205
3.75,3.7231383,3.6807423
3.0,3.205192,2.9477282
2.55,3.0136135,2.616613
3.0,3.1542017,2.97099
4.38,3.5731313,3.498668
2.5,3.0062227,2.5092754
3.0,3.0839415,2.954064
3.75,4.0971174,3.7804694
3.0,2.5623388,2.766902
2.5,2.94302,2.5372694
4.25,4.113721,4.2010407
2.5,3.149458,2.5407095
2.5,3.0560496,2.5654614
3.75,3.762502,3.7401807
2.0,2.6536922,2.0271523
2.5,2.919414,2.5384846
2.5,3.0626135,2.5568123
3.5,3.5798638,3.472513
0.8,1.0041828,0.8049203
3.5,3.6153135,3.4448903
2.0,2.6613703,2.0271523
3.25,3.5523083,3.239839
3.0,3.081708,2.95154
3.75,3.972849,3.7638538
3.0,3.0698242,2.9329426
3.5,3.5373223,3.4851315
3.1,3.0136135,3.0517259
0.8,0.9877793,0.8008491
4.0,3.7372596,3.922258
3.5,3.549992,3.4835098
3.5,3.608761,3.473054
3.75,3.7321346,3.6819525
3.75,3.771085,3.6820943
2.45,2.927314,2.5141702
3.0,3.2343423,2.948241
3.75,3.588802,3.7208812
4.0,3.7311318,3.922863
3.0,3.0809312,2.956917
3.75,3.727933,3.681663
2.0,2.6204677,2.0259223
4.25,4.2124605,4.1976256
2.55,3.0136135,2.6191332
3.0,3.1449456,2.9628048
2.0,2.621556,2.0259223
2.0,2.628701,2.0271523
3.75,3.733547,3.7289708
2.5,2.944514,2.5359888
3.1,3.0136135,3.053475
2.5,2.9806178,2.5432606
3.75,3.7202623,3.725032
3.0,3.1946838,2.9635885
3.0,3.4500065,2.9928603
3.0,3.2439623,2.9966562
3.75,3.714596,3.738053
3.75,3.6766267,3.740255
3.0,3.0832715,2.932485
3.0,3.076364,2.9625335
0.8,0.9846294,0.80481225
4.5,4.3134775,4.469735
3.5,3.6300318,3.5538824
0.8,0.9908044,0.8047838
3.5,3.6214468,3.5548067
3.0,3.327703,2.994233
3.75,4.328063,3.8095963
2.5,2.9481146,2.537647
8.95,8.595252,8.944794
3.5,3.6060708,3.473054
4.0,3.6649306,3.923318
3.0,2.6070442,2.8538957
2.5,3.064561,2.567816
2.5,2.9511113,2.5364463
2.5,2.96636,2.538275
3.75,4.331462,3.8095963
4.5,4.4547496,4.446888
2.2,2.842145,2.231974
3.0,3.080121,2.9741867
2.45,2.9191024,2.5141702
3.0,3.1587808,2.9642944
3.0,3.2211893,2.948241
2.0,2.6368892,2.0259223
3.0,3.0969326,2.9495904
3.0,3.0778515,2.9754167
2.2,3.0499825,2.240144
4.5,4.366432,4.446792
2.5,2.9605694,2.5083966
2.5,2.996203,2.5435972
3.5,3.6022055,3.5527155
3.0,3.467909,3.0584881
3.75,3.6904733,3.6769564
19.75,32.28573,19.95138
2.55,3.0136135,2.6158729
2.5,2.9972076,2.5083966
3.75,3.7326581,3.6808012
18.0,20.823164,17.331776
2.5,2.9866774,2.5092754
2.0,2.6446412,2.0271523
2.55,3.0136135,2.6151423
4.25,4.2492127,4.187941
3.5,3.9071376,3.5655117
2.5,3.0869002,2.5610025
2.5,2.9500325,2.5365717
2.5,3.0035846,2.5564342
2.5,2.9995477,2.5083966
3.1,3.0136135,3.0535529
3.75,3.7261868,3.6812046
2.45,2.9493499,2.5134223
0.8,1.0024369,0.80397373
3.0,3.065319,2.9541185
3.0,3.420037,3.0574403
3.0,3.19946,2.9645941
2.5,2.9779701,2.5378113
3.0,2.589458,2.4857974
3.5,3.6047475,3.4931126
2.45,2.9304917,2.514233
4.5,4.3086452,4.4465513
3.25,3.5535934,3.2055871
2.5,3.0051525,2.556811
4.75,4.501667,4.690684
3.25,3.546027,3.270176
3.0,3.2418163,2.994233
2.5,3.0748987,2.567816
2.5,2.9461772,2.5338185
3.0,3.0774844,2.9541297
2.2,3.0596256,2.241374
3.75,4.018379,3.751478
2.2,3.0702443,2.2381716
3.5,3.5854661,3.4448903
3.0,3.0789886,2.9557683
3.0,3.279686,2.9611742
3.1,3.3733368,3.1016688
2.5,2.9759414,2.507822
2.5,3.1083598,2.5417619
3.0,3.0724154,2.9655664
2.5,2.9528162,2.5419436
3.75,4.0080814,3.7732828
3.75,3.9857411,3.7732828
0.8,0.98188,0.8039645
3.5,3.8174644,3.564545
4.25,3.8564308,4.1964564
3.75,3.9792597,3.7736754
3.5,3.9419153,3.564545
3.1,3.0136135,3.0528817
0.8,0.9851063,0.8035693
2.45,2.9473836,2.5132494
3.0,3.0711744,2.9741867
2.5,2.965195,2.537452
3.1,3.3817601,3.1012473
2.2,2.8611963,2.231433
3.75,3.760083,3.7367966
3.0,3.0754035,2.9504852
3.5,3.891792,3.5616639
3.0,3.156446,2.9617467
0.8,0.97519827,0.8003215
3.0,3.2371333,2.9626336
3.0,3.2697525,2.9901938
3.1,3.428074,3.1029446
3.75,3.733301,3.724842
2.0,2.6583278,2.0218124
3.0,3.1715965,2.963537
2.2,3.0696793,2.231974
3.0,3.2618766,2.9898517
4.25,4.212789,4.187941
3.1,3.0136135,3.051158
4.5,4.2040443,4.4924607
0.8,0.96839327,0.80496776
2.5,3.187282,2.541385
0.8,0.9729645,0.8037249
4.25,4.104927,4.1970277
3.0,3.0707257,2.9340055
3.0,3.2125478,2.9966562
3.0,3.2350934,2.9481857
0.8,0.96528816,0.80350566
2.5,2.9572074,2.537452
4.25,4.2360153,4.187941
4.75,4.497682,4.691741
2.5,2.931635,2.5083966
4.0,3.679124,3.9210706
2.5,2.9108179,2.5330713
3.75,3.8871596,3.7638538
2.2,3.101413,2.2381716
4.0,3.673336,3.924141
4.5,4.390472,4.444795
3.0,3.1940105,2.9966562
4.25,4.2914925,4.1868925
3.25,3.5131786,3.2638876
3.0,3.283984,2.9627466
3.0,3.2444243,2.9959803
3.0,3.1570692,2.963909
2.55,3.0136135,2.6150498
0.8,0.9635225,0.8046226
3.0,3.1628618,2.9709263
3.5,3.5926538,3.4715009
0.8,0.98123723,0.80357826
2.5,2.995789,2.507822
2.5,3.0563858,2.5673032
2.45,2.9585252,2.5133283
4.5,4.337317,4.4397135
3.1,3.3848023,3.100807
4.25,4.1321945,4.200648
3.0,3.0550041,2.972814
3.0,2.5613453,2.8080833
2.0,2.6750333,2.0218124
3.0,3.2091675,2.9966562
3.0,3.1320474,2.9709263
3.5,3.554846,3.5162535
2.5,3.0628347,2.5665731
2.5,2.9307578,2.5369945
4.25,4.286763,4.1864996
2.2,2.9615436,2.231974
2.0,2.6611574,2.0259223
0.8,0.9901934,0.7997841
2.5,2.954589,2.5365784
3.75,3.721713,3.6814005
2.0,2.6733682,2.0245647
2.5,3.0780587,2.5673585
2.45,2.9821634,2.5125945
2.5,3.0749016,2.5677607
3.25,3.5383933,3.270176
4.5,4.4133415,4.448711
4.25,4.231903,4.187941
2.0,2.7045853,2.0231922
2.5,3.0169559,2.5083568
3.0,3.153672,2.97099
2.0,2.677946,2.021214
2.5,3.0304656,2.5556161
3.0,3.0770593,2.9754167
2.2,3.0722816,2.241374
4.0,3.6678178,3.921816
3.5,3.982475,3.5643973
2.5,2.9570584,2.5423458
4.25,4.1125417,4.2010407
2.5,2.941189,2.535037
3.0,3.2555964,2.994233
15.0,18.998774,15.074282
3.75,3.9400709,3.7736754
3.5,3.5481102,3.4752085
0.8,0.98723537,0.7978013
3.0,3.0506918,2.9329426
2.5,2.9469543,2.5108445
3.75,4.0335894,3.746749
2.0,2.6799893,2.0245647
4.25,4.3269224,4.1868925
3.75,4.131234,3.7804694
3.0,3.0863552,2.9533653
3.0,4.1482725,3.0251803
3.0,2.6370614,2.7391846
2.0,2.6409168,2.0259223
2.2,2.8546305,2.231974
4.5,4.2801924,4.5171876
2.0,2.6724324,2.0245647
4.25,4.0657396,4.195586
3.75,3.7569218,3.7293487
3.75,3.7190137,3.6812046
2.2,3.0915966,2.241374
3.75,3.9110618,3.7638538
0.8,0.9754585,0.80378854
3.75,4.34066,3.8099263
3.0,3.353214,3.0574403
3.25,3.531893,3.2439954
3.0,3.2025986,2.948241
2.5,2.9315336,2.5318842
3.5,3.567661,3.4448903
3.0,3.2070065,2.96231
2.5,2.9926476,2.5108445
3.0,2.6118994,2.6545281
2.5,3.0674338,2.5624595
2.5,3.0756001,2.5612714
3.0,3.0847847,2.956917
3.0,3.535575,3.0618005
14.0,15.127813,15.34131
2.5,3.1364715,2.5409389
3.0,3.0646143,2.932485
2.5,3.0813878,2.5610268
3.75,4.395466,3.8072243
3.5,3.5660498,3.47096
2.45,2.9987621,2.5130188
3.5,3.5695374,3.442486
3.0,3.153899,2.9627523
3.0,3.161257,2.9709263
2.5,2.916718,2.507822
3.1,3.0136135,3.0535529
3.0,3.1995702,2.961768
3.5,3.6013272,3.4461205
3.25,3.5169826,3.206442
3.25,3.5533667,3.263387
2.0,2.7095695,2.0218124
3.25,3.5466652,3.2381577
2.2,2.7558997,2.2305055
2.0,2.6759796,2.0218124
3.75,3.7433846,3.7632315
4.75,4.5330706,4.691645
4.25,4.214262,4.1976256
3.75,4.368355,3.8088691
3.25,3.5529332,3.263387
3.75,3.748576,3.7364728
2.5,2.9509144,2.5347404
3.25,3.5809195,3.3050601
4.75,4.461054,4.6907735
2.0,2.7170584,2.0218124
3.5,3.6313407,3.473054
3.75,4.0447836,3.7504485
2.5,2.946701,2.541203
3.0,3.150478,2.9703915
2.5,2.9384904,2.5369945
2.5,3.0005064,2.5099986
3.5,3.6489449,3.473054
3.75,4.036,3.753883
2.5,3.0638018,2.5673032
2.0,2.6244557,2.0245647
2.2,2.8096552,2.2299645
3.0,3.0756066,2.9322574
2.0,2.6631753,2.0218124
3.1,3.0136135,3.053475
3.75,4.1014743,3.7804694
2.5,3.1404872,2.540562
3.0,3.165149,2.97099
3.0,3.293032,2.994233
3.0,3.1442885,2.9703915
3.1,3.3180628,3.1015787
2.5,3.0456245,2.5665731
2.5,2.9716392,2.5423458
4.25,4.065268,4.195586
3.75,3.7608042,3.72703
3.5,3.609807,3.4448903
2.5,3.0830936,2.5611846
3.0,3.2589939,2.9959803
3.1,3.3297486,3.1015787
3.5,3.5656207,3.480093
2.5,3.034111,2.5477898
3.5,3.7832825,3.5658417
3.1,3.4273658,3.1018622
3.1,3.346136,3.1020372
3.5,3.9956436,3.574729
3.75,3.7295964,3.6803768
2.2,3.17724,2.236799
2.5,3.0344355,2.553234
2.5,2.9370117,2.5108445
3.0,3.230188,2.9959803
2.5,3.019634,2.5547931
2.2,3.061327,2.240144
3.0,3.0772362,2.9536915
2.45,2.951611,2.514233
2.0,2.7009094,2.0217488
2.2,3.075432,2.241374
6.4,11.524814,6.475256
3.5,3.8629975,3.5681143
3.25,3.54704,3.2768538
3.5,3.604665,3.5651891
3.5,3.606023,3.4448903
3.0,3.5283577,3.0571156
3.0,3.0756822,2.9318
3.75,3.7166884,3.6820154
2.5,2.9301405,2.5083966
3.25,3.5527956,3.239839
3.75,3.7553303,3.7628388
13.33,11.343303,13.287939
3.0,3.1604517,2.9649055
21.0,18.982706,21.04679
3.0,3.1954997,2.9470983
2.5,3.1634831,2.5467718
3.5,3.6253273,3.4832132
2.5,2.9272218,2.5099986
2.5,2.9616804,2.507822
2.2,3.0751712,2.241374
4.5,4.3494835,4.4698195
3.0,3.0703564,2.9328873
2.2,2.8015218,2.2305055
12.0,13.541196,12.052323
2.5,2.9479322,2.537452
2.5,3.0968614,2.541901
3.0,3.342064,2.994233
2.5,3.0595617,2.5673032
3.25,3.5777094,3.3037398
2.45,2.9434152,2.5141702
3.0,3.2587492,2.9907348
4.5,4.3181105,4.464843
3.25,3.4977944,3.2022333
3.75,4.065358,3.7815173
2.5,2.9401073,2.5099986
3.25,3.5479534,3.2639415
4.25,4.252299,4.187941
3.75,4.0647364,3.7815173
3.5,4.0112,3.5522199
3.0,3.0700903,2.9324298
3.5,3.5720284,3.497733
4.5,4.3030596,4.4703736
4.5,4.40668,4.444225
3.0,3.138911,2.97099
2.55,3.0136135,2.6154761
10.95,10.461847,10.836167
3.25,3.5436733,3.206442
2.5,2.96834,2.5083966
4.25,4.064908,4.195979
3.0,3.4642284,3.0621932
21.0,18.990553,20.951914
3.0,3.3714879,2.9901938
3.25,3.5497432,3.263387
3.5,3.6312993,3.5456817
3.1,3.0136135,3.0543835
2.5,3.0283132,2.5092754
6.4,11.767975,6.4670606
3.75,3.7379978,3.7285604
3.5,3.6066632,3.5008314
3.75,4.0604343,3.7864137
3.0,2.6444712,2.6238213
3.75,3.1380482,3.680839
3.0,3.0733185,2.9741867
3.0,3.6802957,3.0251803
3.75,3.7339303,3.6812046
3.0,3.2263675,2.9621265
3.75,4.055601,3.7864137
3.0,3.451957,3.0570476
3.1,3.0136135,3.0523944
2.0,2.6700084,2.021214
3.0,3.17337,2.9703915
4.25,4.2503777,4.187941
3.5,3.5534203,3.4840908
3.0,3.0729282,2.9496284
0.8,0.9864316,0.8037572
3.0,3.1816616,2.9621673
3.1,3.0136135,3.053176
2.5,3.0882297,2.568218
3.0,3.2514045,2.9907348
2.55,3.0136135,2.615566
3.0,3.3015637,2.9901938
4.25,4.2076435,4.187941
3.5,3.5989263,3.5519931
4.5,4.4110575,4.446462
3.5,3.56482,3.4778206
3.25,3.5822003,3.3081508
3.0,3.0804963,2.9727805
0.8,0.98950714,0.79936194
4.5,4.3191457,4.487584
2.5,3.0375717,2.5092754
0.8,0.9773483,0.8040051
3.75,3.9013228,3.7632825
3.75,4.07355,3.7732828
3.75,4.288912,3.8075576
20.45,17.949575,20.358807
3.75,3.7254481,3.681663
3.75,3.7238507,3.7632315
0.8,0.9844748,0.8188597
4.25,4.10971,4.2010407
3.75,4.034647,3.767871
3.75,3.7227354,3.680839
2.5,3.050379,2.5636451
3.0,3.2202816,2.964046
2.0,2.6506445,2.021214
18.0,18.918547,17.977867
4.25,4.240488,4.18737
3.0,3.0977197,2.9560864
2.55,3.0136135,2.6184497
2.5,3.0037398,2.5467215
3.5,3.5778515,3.4448903
3.0,3.1658194,2.9519699
0.8,0.9775831,0.8041432
2.5,3.007115,2.5576417
2.45,2.99833,2.5130568
3.5,3.8864849,3.5655117
2.5,2.9358501,2.5363464
3.5,3.6038153,3.5686247
3.0,3.3223593,2.9901938
3.1,3.0136135,3.0535529
2.5,2.984169,2.5418882
3.0,3.2368937,2.9966562
2.5,3.0624373,2.5654614
3.0,3.146425,2.9703915
3.75,3.7790627,3.6820314
3.0,3.2100577,2.948241
3.0,3.2618375,2.9893107
3.0,3.0547707,2.9727805
3.5,3.6052966,3.472513
4.5,4.3533554,4.471687
2.2,2.7954416,2.2299645
2.45,3.0375795,2.5120497
3.75,4.044466,3.7707632
2.5,2.9548526,2.542401
4.0,3.6764615,3.922291
2.55,3.0136135,2.6170678
3.0,3.0709558,2.9547756
3.0,3.6194673,3.0251803
2.45,2.9460752,2.5134223
3.0,3.2278018,2.959829
4.25,4.175945,4.1972327
2.55,3.3059716,2.61538
0.8,0.97597075,0.7970841
3.0,3.0772939,2.932485
3.0,3.2485428,2.9898517
3.0,3.4134982,3.0570476
2.5,3.1911144,2.5427606
2.5,3.0652626,2.5677607
2.5,3.0079887,2.5548544
2.5,2.9128113,2.5374115
3.75,3.9660206,3.7736754
2.2,3.0759869,2.2381716
4.0,3.692163,3.9243395
2.5,3.031475,2.5561323
3.75,3.756848,3.72428
4.5,4.409875,4.446462
3.75,3.7516432,3.7244508
2.5,2.940236,2.5083568
2.2,2.8607738,2.231433
3.0,3.260824,2.9611032
2.5,2.9773152,2.5099986
4.0,3.6581511,3.9226468
3.75,4.0152044,3.7732828
2.2,3.0775213,2.241374
2.2,3.0869982,2.2381716
3.1,3.0136135,3.053176
2.5,3.000741,2.5108445
2.0,2.6528642,2.0245647
3.5,3.645035,3.5548673
2.5,3.1521997,2.5429568
4.5,4.427656,4.446792
2.5,2.9227357,2.534214
2.45,2.9754782,2.51296
2.5,2.9777632,2.53913
10.0,11.077339,9.999796
3.5,4.071497,3.5692787
3.5,3.6002944,3.473054
3.5,3.6386244,3.4461205
2.45,2.9427342,2.5138807
3.5,3.632606,3.4715009
3.5,3.5849457,3.473054
2.5,2.9927268,2.5411582
3.75,4.3530073,3.8068943
3.1,3.3151162,3.1015787
3.75,4.0577574,3.7864137
2.5,2.796651,2.5288293
2.5,2.944392,2.5350065
2.5,3.0890603,2.5679417
3.75,3.7568693,3.7301054
3.75,4.119397,3.7804694
3.5,3.5510385,3.4778981
3.0,3.4036684,3.0565443
3.0,3.2487783,2.948241
3.0,3.2852025,2.9907348
2.5,2.9970284,2.5411582
3.0,3.0615392,2.9741867
4.5,4.3246946,4.577154
3.5,3.5619228,3.4759786
4.5,4.396273,4.446792
2.5,2.8982856,2.5083966
3.5,3.862935,3.5655117
0.8,0.9910369,0.8037572
7.6,7.8291245,7.6043344
2.5,3.0634217,2.5677607
3.0,3.200644,2.964046
2.2,2.8135881,2.2299645
3.5,3.6070714,3.4448903
3.75,4.016239,3.75264
2.5,2.9848397,2.5400465
3.75,4.1112614,3.7800767
3.5,3.8930352,3.5632794
3.0,3.0761719,2.9754167
0.8,0.9865813,0.79940385
2.2,3.0792198,2.2381716
2.5,3.08387,2.560161
3.0,3.647723,3.0251803
3.0,3.271688,2.9959803
2.2,3.014863,2.2305055
3.75,4.041185,3.7535968
3.5,3.5703523,3.472513
3.75,4.3169537,3.8082995
3.1,3.0136135,3.051535
3.0,3.5539272,3.0236044
3.0,3.190672,2.964046
3.75,3.95801,3.7619283
3.0,3.2630072,2.9893107
4.25,4.117737,4.1964564
3.5,3.5749514,3.4872258
3.0,3.0751944,2.9754167
3.75,4.044757,3.771257
3.75,4.0638247,3.786021
3.0,3.237625,2.9477282
3.0,3.3311841,2.9907348
2.5,2.9913929,2.5083966
4.5,4.3708076,4.446558
0.8,0.99133444,0.80516833
2.5,2.9142098,2.5359888
2.2,2.813434,2.2299645
2.2,3.0846791,2.240144
3.75,4.044735,3.7674468
0.8,0.9874042,0.7974967
2.5,2.952784,2.5365784
3.75,3.9994352,3.7638538
3.1,3.0136135,3.053098
2.5,2.9942079,2.5290835
3.5,3.9652274,3.5656078
3.5,3.6128843,3.5522695
2.2,2.8504982,2.231433
3.1,3.0136135,3.0546136
4.75,4.5171375,4.683427
4.25,4.2269125,4.187941
2.5,3.0783553,2.5688236
3.0,3.0776124,2.9496233
4.0,3.6982894,3.920923
3.0,3.191954,2.964869
2.5,3.0827649,2.5632262
8.95,9.342601,8.941216
3.5,3.6130445,3.4865685
3.5,3.5421512,3.442486
0.8,0.98680985,0.8037572
2.5,2.9393725,2.5108445
3.0,3.2033482,2.948241
2.0,2.6523905,2.0271523
3.25,3.5213146,3.2071311
4.5,4.2765355,4.4679427
2.0,2.6629076,2.021214
12.0,13.021269,12.064677
2.0,2.709762,2.0218124
2.5,2.9333901,2.5083966
3.75,4.0985126,3.7732828
3.5,3.5803635,3.4461205
2.2,2.830617,2.2299645
3.75,4.3111625,3.8072243
0.8,0.9886439,0.80378854
2.5,3.149592,2.5390856
4.75,4.564514,4.6956534
3.75,3.6923044,3.681663
4.75,4.5246687,4.691645
2.5,2.9492068,2.5419436
0.8,0.97353363,0.8042964
2.45,2.979301,2.5138807
3.0,3.0771837,2.9329426
3.5,3.7775278,3.5656078
3.75,3.6940725,3.6812046
4.25,4.1233597,4.200648
3.0,2.6003814,2.855744
2.5,3.0679107,2.556392
3.0,3.2709527,2.9901938
3.75,4.060789,3.7864137
3.75,3.7249196,3.72434
3.0,3.1911407,2.9966562
3.1,3.375491,3.1017992
2.5,2.9071355,2.5361478
22.5,21.218851,22.861265
3.0,3.0798583,2.9338021
3.1,3.3194718,3.1015787
2.5,3.0916488,2.5768042
4.25,4.1358213,4.200648
3.5,3.5513377,3.442486
4.5,4.289171,4.469735
3.5,3.5994403,3.472513
2.1,2.5925865,2.6169457
4.25,4.2320757,4.1976256
2.5,3.1024575,2.541455
2.5,3.0187511,2.5576417
2.5,2.954473,2.5335705
3.0,3.0527184,2.9727805
0.8,1.0051303,0.80516833
3.0,3.6902409,3.0251803
3.5,3.8629305,3.5506275
2.2,2.8085675,2.2305055
2.0,2.7374806,2.0245647
2.0,2.6615853,2.0271523
21.0,19.978008,20.941797
2.2,2.7744734,2.2299645
2.5,2.917933,2.5083966
3.0,3.1144786,2.9594612
3.5,4.0152683,3.563473
2.2,3.064792,2.240144
3.5,3.322834,3.473054
0.8,0.9827331,0.800869
0.8,0.99905086,0.8037572
3.25,3.4659224,3.3101072
2.2,3.0796123,2.240144
3.5,3.589917,3.5544446
3.1,3.0136135,3.0561154
4.75,4.463431,4.692837
2.5,2.9594033,2.5359373
2.45,2.9302883,2.514249
4.5,4.225227,4.4674597
4.5,4.4150777,4.4426155
2.5,3.082025,2.56736
4.0,3.652491,3.9222698
3.5,3.8621633,3.5775461
2.5,3.003355,2.5576417
2.5,3.089194,2.5678174
2.2,2.8583431,2.231433
0.8,0.9703405,0.798431
0.8,0.9943278,0.80079776
3.0,3.5317445,3.0618005
3.0,3.0643382,2.9329448
3.0,3.0789824,2.9329426
2.5,3.0689337,2.5580077
2.5,3.066794,2.567816
3.75,3.9058907,3.7638538
2.2,2.7875664,2.2299645
4.25,4.313259,4.1864996
2.5,3.0929317,2.542502
2.5,2.9679613,2.5083568
2.5,3.1580038,2.5417619
2.2,3.0770261,2.241374
2.45,2.943875,2.514312
2.5,3.027924,2.5571792
2.5,2.9237723,2.5361798
0.8,0.95896655,0.80360067
2.2,2.8526003,2.231433
3.75,4.1134615,3.7800767
0.8,1.0022364,0.80516833
3.0,3.5955255,3.0236044
2.5,3.1529367,2.5409389
3.75,4.02892,3.7520611
21.0,19.820187,20.890575
3.5,3.839493,3.5655117
0.8,0.98992914,0.8037248
2.0,2.6359398,2.021214
3.75,4.0315657,3.7514238
18.0,20.56906,18.007383
3.0,3.3895454,3.0570476
3.0,3.0839148,2.9283528
0.8,0.98873746,0.8041432
2.2,3.0706713,2.241374
3.0,3.1625102,2.9703915
3.0,3.2119958,2.9610755
0.8,0.97821987,0.79680055
2.5,2.9651635,2.5099986
2.5,3.0674994,2.5615656
3.75,3.9819639,3.7638538
3.25,3.5442126,3.2610595
2.0,2.6627755,2.0218124
9.25,9.644677,9.222879
4.25,4.231084,4.1976256
3.5,3.6218238,3.5544758
3.0,3.0756412,2.9338021
2.5,2.99295,2.5416605
3.75,3.7119348,3.6820154
3.0,3.3921607,3.0570476
2.2,3.0727139,2.241374
2.2,2.8074684,2.2305055
2.55,3.0136135,2.6163967
3.25,3.548681,3.2435014
3.5,3.6508949,3.5512705
3.5,3.5551817,3.4765499
2.5,2.940615,2.5369945
3.25,3.5638032,3.2397678
2.0,2.6914015,2.021214
3.25,3.5386112,3.2688982
2.5,2.9506123,2.5083966
2.45,2.9325125,2.5134223
3.75,4.3104353,3.8043618
0.8,0.97182536,0.79945177
3.0,3.9815419,3.0579169
2.1,2.5560641,2.884094
4.25,4.0650034,4.195979
3.0,3.6206472,3.021052
2.5,2.9608088,2.53913
2.5,2.9216468,2.5370576
4.25,4.192008,4.1972327
2.1,2.6121433,2.5927567
2.0,2.648541,2.0271523
3.1,3.416432,3.1007442
3.0,3.248632,2.948241
3.1,3.0136135,3.052051
2.5,3.0260515,2.5099986
2.5,3.078551,2.5666733
3.1,3.0136135,3.053098
2.5,2.9399636,2.5365336
4.25,4.225437,4.1976256
2.5,2.945698,2.5083966
3.5,3.626735,3.548964
3.75,4.3293347,3.8117616
3.0,3.0891037,2.952097
2.5,3.0762773,2.5613108
3.0,3.2223766,2.9515123
3.5,3.5478165,3.4734807
2.5,2.9566498,2.5386724
3.1,3.0136135,3.054376
3.5,3.6232765,3.4889283
0.8,1.0032451,0.8037409
3.0,3.260691,2.9907348
2.5,2.985153,2.537452
3.75,3.6483617,3.7273889
2.5,3.0218854,2.5547931
2.5,2.9721694,2.5417159
3.0,3.1596675,2.9703915
2.5,2.9187531,2.5071583
3.0,3.3809733,3.0584881
3.5,3.5514023,3.4877405
3.1,3.0136135,3.05254
3.5,3.5806932,3.4448903
3.0,3.3125184,2.994233
3.75,4.3183823,3.8095963
3.0,3.194182,2.9448996
3.5,3.6049054,3.4770274
2.5,3.0743673,2.5673585
3.0,3.064202,2.9329426
2.5,2.923912,2.5099986
3.0,3.1529162,2.9650517
3.25,3.5591245,3.2419004
4.75,4.4746113,4.691735
2.45,2.936127,2.5134223
3.0,3.4704955,3.02466
3.25,3.5738845,3.3063893
3.75,4.058676,3.7736754
2.5,3.016519,2.5561323
3.0,3.0789692,2.9727805
4.5,4.241742,4.47036
2.5,2.9505453,2.5368867
2.5,2.9191585,2.5372694
2.2,2.8335035,2.231433
2.5,3.1432648,2.5429568
2.5,2.9722395,2.5419436
3.75,4.320323,3.8099263
3.0,2.642202,2.5980704
3.1,3.0136135,3.0535529
2.5,2.9666505,2.5108445
3.75,4.333997,3.8045092
14.75,17.444582,14.848328
4.5,4.318885,4.4343314
3.75,3.7366865,3.6814005
3.0,3.3990257,3.0621932
4.25,4.125333,4.1970277
3.1,3.0136135,3.0529106
4.0,3.6969593,3.9208813
3.75,3.7296607,3.6819525
3.75,3.735626,3.7246964
2.0,2.6718678,2.0218124
3.0,3.2004075,2.9966562
3.0,3.0623698,2.9741867
3.0,3.237648,2.994233
0.8,0.9900837,0.80516833
3.75,4.0422,3.7517087
3.5,4.0409584,3.54969
3.75,3.7205515,3.6795423
4.5,4.3458934,4.432539
3.0,3.349718,2.9901938
2.5,2.988075,2.5424032
3.1,3.0136135,3.0550761
3.25,3.5656583,3.2575927
0.8,0.9912851,0.7941555
2.2,2.7858312,2.2299645
3.0,3.0628588,2.932485
3.0,3.0694997,2.9329426
2.5,3.0798647,2.5626156
4.75,4.5168886,4.693894
2.2,3.0690608,2.240144
3.75,3.7218065,3.6814005
2.5,3.0315642,2.5083568
2.1,2.6267028,2.8182445
4.5,4.355646,4.468566
3.25,3.5586565,3.2419004
2.5,3.0818813,2.567816
3.1,3.3123174,3.102356
2.5,2.9537323,2.5083966
2.2,3.0871866,2.241374
2.5,3.2355027,2.5437799
2.5,2.9270205,2.5347404
2.5,2.9257557,2.5364463
3.0,3.0863562,2.9528995
3.25,3.570848,3.2638097
3.0,3.1645436,2.9645941
3.75,4.0424232,3.769033
4.25,4.062872,4.195979
0.8,0.9868938,0.80356574
3.75,4.3139887,3.80575
3.0,3.0647938,2.9741867
3.0,3.0539556,2.9741867
3.5,3.8663576,3.5645506
3.0,3.221631,2.9625392
3.75,4.040187,3.7489262
3.1,3.4201155,3.100807
3.0,3.1403172,2.97099
2.5,2.9441664,2.5108445
3.0,3.103846,2.9548914
3.0,3.6470184,3.0251803
2.5,2.9417992,2.5083966
2.5,2.9170668,2.507822
2.5,2.9368682,2.5108445
3.0,3.517788,3.0621932
4.75,4.533974,4.685487
3.5,3.6249921,3.5631597
3.5,3.5553253,3.4798028
10.95,9.851713,10.816228
3.5,3.6203072,3.5516255
3.25,3.564935,3.2646646
2.5,3.0501084,2.5556161
3.5,3.6178887,3.566772
2.5,2.965891,2.5373058
3.0,3.1597219,2.9649055
3.75,3.7516985,3.7270954
0.8,0.9672502,0.80350566
3.0,3.0829477,2.9483614
4.75,4.592743,4.691975
4.5,4.4452496,4.446462
3.1,3.3842542,3.099795
3.0,3.2029061,2.9651089
14.75,17.880745,14.962146
3.0,3.1424158,2.9643664
2.2,3.0833886,2.241374
2.5,2.9584801,2.5370262
2.5,3.010464,2.5571792
4.0,3.7112687,3.9234142
2.0,2.6855397,2.0259223
3.75,4.061743,3.7864137
3.0,3.272312,2.9907348
3.0,3.5534246,3.0236044
3.0,3.4626443,3.0618005
3.0,3.3000062,2.9594128
3.75,4.027828,3.7673771
2.5,2.9527144,2.536823
3.75,4.0567875,3.7540267
3.0,3.185216,2.9475005
2.5,2.990807,2.5567331
3.75,4.0204024,3.7464604
3.5,3.6171978,3.472513
2.5,2.9278567,2.5316978
3.0,3.1718721,2.9650517
3.0,3.3699253,3.0574403
2.5,3.0230021,2.5503497
3.0,3.2825844,2.9959803
3.5,3.6343427,3.473054
3.0,3.2129767,2.9475558
2.5,2.9904892,2.5083966
4.25,4.2743573,4.1864996
4.75,4.502968,4.6880198
4.0,3.7000916,3.923318
3.0,3.0760367,2.9563317
3.5,3.607979,3.4833267
3.75,3.719089,3.727181
0.8,0.99460256,0.80410784
0.8,0.9686823,0.7995154
3.0,3.3588138,3.0574403
2.5,3.0822089,2.5612786
2.5,3.1341236,2.5437799
3.0,3.2877831,2.9959803
2.2,3.0786998,2.241374
2.5,2.9151511,2.5108445
3.0,3.1524994,2.9703915
3.0,3.1094887,2.9528813
2.0,2.6641958,2.021214
4.5,4.312005,4.4693384
3.25,3.5775979,3.3055222
3.5,3.5850415,3.4461205
3.75,3.7190423,3.7261875
2.0,2.6370063,2.0271523
3.1,3.0136135,3.051535
3.0,3.0847125,2.9506238
3.5,3.5871994,3.4461205
2.5,2.8955803,2.5381289
4.5,4.466178,4.440905
3.25,3.5787382,3.3387246
3.0,3.074265,2.9754167
4.25,4.216624,4.1972327
3.5,3.7572885,3.563845
3.1,3.0136135,3.053098
3.1,3.3501258,3.1020372
4.25,4.274457,4.1864996
2.45,2.957867,2.5134223
4.5,4.185809,4.445027
4.75,4.516734,4.6853013
3.25,3.5380507,3.270176
3.25,3.7718794,3.2680433
3.75,3.6908371,3.7628388
3.75,4.120843,3.7800767
2.5,3.0638018,2.5673032
2.5,2.9368496,2.5380578
2.5,2.9549294,2.507822
2.5,2.9560785,2.5423458
3.75,4.1260233,3.7732828
4.5,4.439084,4.446792
3.25,3.5634353,3.24182
2.5,2.9218984,2.5083966
3.75,3.6651478,3.6812046
2.5,3.1874597,2.5422857
4.25,4.115476,4.2010407
0.8,0.9905451,0.7975756
4.75,4.49284,4.6949964
2.0,2.6719246,2.0218124
3.75,3.7167723,3.7268946
3.1,3.0136135,3.051535
2.5,2.9123716,2.5380569
3.75,4.134588,3.7800767
2.5,3.083531,2.5670269
3.75,4.0612364,3.7815173
3.75,3.7238095,3.7260642
2.5,3.1501434,2.5429568
2.45,2.942928,2.51526
2.2,2.8060427,2.2299645
2.5,2.9529836,2.5364463
2.2,2.8520098,2.231974
3.0,3.368859,2.9901938
3.5,3.854673,3.5658417
4.5,4.387268,4.445348
4.25,4.3032637,4.1864996
2.2,3.0800738,2.2381716
3.75,3.7200077,3.7253501
3.5,3.6298232,3.5540419
2.55,3.0136135,2.6147342
3.5,3.604575,3.472513
3.5,3.552148,3.442486
3.25,3.62526,3.303276
2.2,2.7766523,2.2305055
3.75,3.6831248,3.7277377
0.8,0.96856296,0.7988278
3.0,3.481746,3.0618005
2.5,2.9356432,2.5359888
3.25,3.5499272,3.2646646
0.8,0.9984255,0.8040803
2.5,2.9601796,2.536267
2.5,3.008206,2.5576417
2.5,2.9339502,2.5371745
3.5,3.5827136,3.4717555
6.4,9.096066,6.4184155
3.1,3.3286693,3.1018782
3.0,3.1872482,2.9645941
4.75,4.4998817,4.6879597
3.75,3.7380733,3.7238836
21.0,18.74775,20.941046
3.75,3.7366867,3.7628388
2.2,2.8022127,2.231974
4.25,4.250347,4.18737
3.0,3.0009322,2.9741867
2.55,3.0136135,2.613163
3.25,3.56738,3.3335676
3.0,3.0702412,2.950879
2.5,3.0662465,2.5560129
9.25,9.673207,9.224917
3.0,2.5923815,2.5908413
3.25,3.536804,3.206442
3.0,3.2430553,2.994233
3.0,3.0849855,2.9741867
3.75,3.7583857,3.726995
3.0,3.0805073,2.9727805
2.2,2.936896,2.231433
3.0,3.0781796,2.9536915
3.75,3.7434196,3.7275848
2.0,2.629615,2.0271523
2.5,2.9844143,2.555763
3.75,4.05324,3.780946
3.0,3.5774484,3.0236044
28.0,27.86798,27.966772
4.5,4.342613,4.4723525
2.5,3.0095654,2.5576417
3.75,3.7293792,3.7299254
2.5,2.938898,2.5359888
3.0,3.1678505,2.9591408
2.5,3.0837505,2.5581295
3.5,3.6153588,3.4448903
3.75,3.7284715,3.7401655
2.2,2.856793,2.231974
3.75,3.7723515,3.6820314
3.0,3.1993434,2.96231
4.5,4.391926,4.447654
2.55,3.0136135,2.6174297
3.25,3.5473397,3.2626033
3.75,4.1363993,3.7638538
4.25,4.2051353,4.187941
3.75,4.395216,3.802481
4.5,4.3221674,4.4759703
3.0,3.16536,2.9635885
3.0,3.4221292,3.0570476
12.0,13.73258,12.431569
2.5,3.125043,2.5422857
4.0,3.6861455,3.923318
2.2,2.8611152,2.231974
3.75,4.057206,3.7864137
2.55,3.0136135,2.6123736
3.5,3.856541,3.5553682
3.5,3.6238732,3.473054
2.5,3.0755117,2.5591803
2.5,3.0203016,2.5576417
3.0,3.2214239,2.9966562
3.5,3.5472682,3.4765413
0.8,0.9928076,0.8037572
4.25,4.118044,4.1970277
3.0,4.121397,3.0209367
2.55,3.0136135,2.611482
2.5,2.950532,2.5310063
0.8,0.9875,0.8009824
3.0,3.356594,3.0574403
3.0,2.5709274,2.8060994
3.5,3.5472972,3.442486
2.1,2.5830452,2.603597
2.55,3.0136135,2.6154618
2.0,2.6879566,2.0218124
0.8,0.9695892,0.80360067
3.75,4.3381233,3.812175
3.25,3.5474627,3.260434
3.0,3.1982813,2.9635885
0.8,0.97621393,0.7960621
3.75,3.7597086,3.7278378
3.0,3.0750566,2.9528818
3.25,3.4627016,3.2022333
3.75,3.7587676,3.726962
3.0,3.7243798,3.0251803
3.0,3.2066486,2.9481857
3.0,3.1765573,2.9966562
4.25,4.1091843,4.1962533
3.0,3.067896,2.9328873
2.5,2.915834,2.5108445
3.0,3.075891,2.9557095
2.5,3.3843393,2.5092754
4.5,4.273574,4.53662
3.0,3.0708895,2.9520447
3.0,3.235337,2.948643
3.5,3.1200352,3.4995341
4.25,4.208232,4.1972327
3.5,3.902207,3.5666142
3.75,3.735452,3.7357306
3.0,2.5903256,2.7346
3.1,3.329415,3.1015787
14.0,13.7907505,13.940674
3.25,3.5603867,3.2382243
4.75,4.4843473,4.691741
2.5,2.9852166,2.507822
2.0,2.6691382,2.0218124
3.1,3.0136135,3.051535
2.5,2.920284,2.507822
2.0,2.627187,2.0271523
2.0,2.6689782,2.021214
4.5,4.3727217,4.44376
3.0,3.0707338,2.9329426
3.0,3.184725,2.9470983
2.2,3.048215,2.241374
2.5,2.9640791,2.5368195
3.75,3.7182188,3.6803768
3.25,3.5432632,3.2439954
3.25,3.5611753,3.2638097
3.0,3.0763261,2.9545846
3.0,3.0836153,2.9528768
3.5,3.623899,3.5520813
2.5,3.1506333,2.5417619
4.5,4.4474983,4.446462
3.0,3.306367,2.994233
3.75,3.744959,3.7310033
4.5,4.2455645,4.468303
3.1,3.0136135,3.051535
2.5,3.1194286,2.5429754
4.5,4.3488226,4.4388337
2.2,2.8589597,2.231974
3.75,3.7830958,3.6820314
3.5,3.5882483,3.473054
4.5,4.430967,4.446462
3.75,3.9958534,3.7736754
4.75,4.526207,4.691645
3.0,3.3212996,2.9901938
2.5,2.9899886,2.5575562
4.75,4.572554,4.691645
22.5,20.802536,22.504993
2.0,2.64497,2.0245647
3.1,3.0136135,3.052874
3.75,4.019676,3.7732828
3.75,3.724267,3.6812046
3.0,3.1693935,2.97099
3.0,3.0844588,2.9754167
3.5,3.5515578,3.4765413
2.45,2.898465,2.514249
2.2,3.0862305,2.241374
4.75,4.520032,4.691645
3.0,3.0704255,2.932485
3.5,3.5731492,3.4461205
4.0,3.6605613,3.922941
3.75,3.6903536,3.6812046
3.0,3.1557746,2.97099
2.2,2.8832242,2.231974
3.5,3.606259,3.5554705
3.0,3.0654087,2.9526389
2.0,2.6444924,2.0245647
3.0,3.0806737,2.9535909
3.75,4.3347683,3.8099263
3.25,3.5554266,3.2381637
3.75,3.7600346,3.6820943
14.75,17.91321,14.892801
3.0,3.234914,2.9481857
4.75,4.535329,4.691975
2.2,3.1017804,2.2381716
2.5,2.9467149,2.53631
3.1,3.420446,3.1012104
0.8,0.98840433,0.8037572
2.0,2.6825595,2.0218124
3.0,3.1967013,2.9635885
3.0,3.1520596,2.9709263
3.0,2.5452552,2.778892
0.8,0.9929538,0.8044074
3.25,3.561414,3.2406228
2.2,2.821691,2.231433
3.1,3.0136135,3.0543835
3.0,3.166901,2.9650517
3.1,3.0136135,3.054376
3.25,3.5437295,3.2432723
4.25,4.3040667,4.1864996
3.75,4.095932,3.7800767
3.5,3.5947735,3.4461205
3.0,3.7004745,3.0251803
2.5,3.064007,2.5674841
2.5,2.9856825,2.5390596
4.5,4.410404,4.44376
3.0,3.334914,2.9954002
2.2,3.0891922,2.2381716
2.1,2.5802126,2.6656988
3.0,3.0670953,2.9519205
3.75,4.1166296,3.7804694
2.5,3.0704937,2.567816
3.5,3.5126646,3.442486
20.45,17.83146,20.419138
2.5,2.9339314,2.5108445
3.0,3.2400815,2.994233
2.45,2.9644232,2.5141702
3.1,3.3716419,3.1017992
4.25,4.1238656,4.1970277
2.5,2.9467232,2.535761
4.5,4.357239,4.4723525
3.0,3.6050115,3.0236044
2.5,2.9851863,2.5425754
0.8,0.99461746,0.80410784
3.0,3.5102532,3.0621932
3.5,3.494586,3.4461205
3.75,4.05324,3.780946
3.0,3.2853467,2.9901938
4.0,3.7277987,3.9204264
3.0,3.2385895,2.9475558
2.2,3.3341522,2.240144
2.5,3.0374665,2.555714
3.25,3.571749,3.3049302
2.5,3.0180268,2.5576417
3.0,3.0982018,2.9754167
3.5,3.5772095,3.472513
3.0,3.4890563,3.0584881
3.0,3.0773892,2.9741867
3.5,3.6313174,3.473054
3.1,3.3844326,3.1007442
2.5,2.944485,2.537215
0.8,0.9868294,0.80318356
3.0,3.1756506,2.948241
2.0,2.6649985,2.021214
2.55,3.0136135,2.6150498
2.0,2.6967912,2.0218124
4.5,4.425065,4.448711
4.5,4.3927956,4.443716
4.0,3.7220335,3.921712
4.0,3.7221706,3.923318
3.5,3.6322663,3.47096
2.5,3.1731055,2.5429568
3.75,3.7298408,3.7632315
3.0,3.0701125,2.9324298
3.75,4.3215,3.8095963
3.0,3.1181588,2.954135
4.5,4.364352,4.4465513
2.2,3.0825353,2.241374
2.45,2.9501548,2.5133283
3.25,3.5277681,3.3089225
2.2,2.8017766,2.2299645
3.0,3.1019835,2.9490986
4.5,4.3945293,4.4709873
3.5,3.6274705,3.5529687
2.5,2.9404874,2.533812
2.55,3.0136135,2.6154542
3.5,3.587995,3.472513
3.0,3.135093,2.9568267
4.0,3.7218728,3.9213612
3.75,3.723348,3.7628388
45.0,34.659702,44.913227
2.5,2.9311063,2.5108445
2.55,3.0136135,2.6170678
2.5,3.2303586,2.5482645
2.5,2.9738965,2.5083568
3.1,3.4200957,3.1012473
2.5,3.0826526,2.5628138
2.5,3.005651,2.5092754
4.75,4.5051365,4.679521
2.0,2.6465225,2.021214
3.0,3.1516886,2.97099
4.25,4.200218,4.1972327
2.5,2.9665785,2.5108445
3.25,3.5599,3.2646646
3.0,3.2587423,2.9477835
2.5,2.950767,2.542401
4.5,4.225331,4.508017
2.45,2.9587145,2.5130568
4.25,4.3175364,4.1868925
3.75,4.2978334,3.8095963
2.0,2.6215682,2.0271523
3.0,3.304818,2.9621813
3.0,3.2875986,2.9907348
2.2,2.811373,2.231433
3.0,3.2605448,2.9898517
2.5,2.9229963,2.537054
3.1,3.0136135,3.0509336
4.25,4.064274,4.195979
2.5,3.0144622,2.550021
0.8,0.9944093,0.79235476
4.25,4.3015385,4.1868925
2.65,3.1932516,2.7627475
2.5,3.0721166,2.5661101
3.5,3.6314514,3.47096
4.0,3.718366,3.9213
3.5,3.6269505,3.4461205
3.5,3.5855465,3.472513
2.5,2.9481184,2.5083966
3.1,3.0136135,3.0535529
4.5,4.4037423,4.4506855
3.5,3.6033802,3.4832685
3.5,3.628939,3.5514128
3.0,3.7172778,3.0251803
3.0,3.2491822,2.9907348
3.0,3.0566397,2.9727805
3.0,3.0849428,2.952719
2.2,2.866127,2.231433
2.0,2.647106,2.021214
3.75,4.024209,3.7868805
2.5,2.9540339,2.5343132
2.2,2.8248553,2.231974
3.75,3.7539115,3.737631
2.1,2.6213825,2.5696592
3.0,3.4240713,3.0584881
2.5,2.9653559,2.5108445
3.0,3.3896937,3.0574403
4.25,4.0672646,4.195979
3.5,3.6506655,3.47096
2.45,2.9746242,2.5138807
3.5,3.5812974,3.47096
0.8,0.978111,0.79901475
2.5,3.0626364,2.5609543
4.5,4.3559866,4.445501
2.5,3.0620615,2.5677607
2.5,3.0606945,2.5617964
4.5,4.3483243,4.4695396
3.5,3.6267064,3.4461205
2.5,3.0112398,2.5108445
3.5,3.5521872,3.480786
3.0,3.0792713,2.9329426
3.5,3.7794728,3.5655117
3.0,3.0793586,2.9508724
4.5,4.4235935,4.446462
2.5,2.9186478,2.534886
3.0,3.078345,2.9727805
3.0,3.071567,2.932485
4.0,3.7005394,3.9213
3.5,3.5822592,3.4448903
3.0,3.0762248,2.9329426
2.5,2.994213,2.5390596
2.55,3.0136135,2.6173055
3.5,3.5539744,3.475502
3.0,3.0784714,2.9538815
2.5,2.9636037,2.5108445
3.25,3.5764005,3.2326531
2.5,2.9503775,2.5359888
0.8,1.003999,0.80516833
3.0,3.5642831,3.0236044
3.75,3.756768,3.7323198
2.5,3.0725596,2.567816
4.25,4.223018,4.1976256
2.5,2.9733813,2.5083568
2.65,3.2797465,2.7660718
3.5,3.6101944,3.5681534
2.5,2.970807,2.5099986
3.75,3.7169921,3.7355008
4.5,4.386499,4.4432616
3.25,3.750977,3.3371854
3.0,3.0822673,2.9569094
4.5,4.3389864,4.494048
3.5,3.5584524,3.5022712
4.75,4.5578833,4.692071
2.0,2.6251755,2.0271523
2.0,2.6251001,2.0259223
4.5,4.3908587,4.444223
3.75,3.7549837,3.7272618
3.5,3.5646453,3.442486
3.75,4.140534,3.7804694
2.0,2.6265101,2.0245647
2.55,3.0136135,2.6166909
3.75,3.684654,3.7628388
2.5,2.9276705,2.5361156
2.2,2.790681,2.2305055
3.5,3.5783596,3.4448903
2.5,3.0399857,2.55856
3.0,3.1987371,2.9635885
3.5,3.5573869,3.4788475
2.5,3.1252418,2.542502
3.75,4.132781,3.7732828
4.5,4.294867,4.467542
3.1,3.0136135,3.0535529
3.0,3.0750108,2.9541297
3.0,3.2170548,2.9966562
0.8,0.9723283,0.80360067
2.5,3.0779738,2.5619783
3.0,3.1875138,2.9658747
2.0,2.6248546,2.0271523
2.0,2.6241794,2.0271523
3.25,3.5057366,3.2688982
3.75,3.8709462,3.7638538
3.1,3.3102763,3.1018782
2.0,2.6917207,2.021214
3.0,3.155333,2.963764
3.75,3.6973937,3.7311308
2.5,2.938993,2.543464
4.75,4.5067673,4.6854167
2.5,2.9604478,2.5381289
3.0,3.2500226,2.9477835
3.5,3.9522512,3.563845
3.75,4.3397417,3.812905
4.5,4.2584915,4.4434485
3.0,3.2913055,2.9901938
4.5,4.4169273,4.448711
3.5,3.5638118,3.47096
9.25,9.5371,9.22314
2.5,2.942021,2.507822
3.5,3.6535752,3.47096
3.0,3.065928,2.935209
4.25,4.1211023,4.200648
3.0,3.3877912,3.0574403
3.75,4.307068,3.8086352
3.0,3.1689196,2.9617326
2.5,3.1203094,2.5437875
2.45,2.9177303,2.5150893
3.75,4.3969374,3.8099263
2.0,2.6673286,2.0218124
2.0,2.6107602,2.0245647
3.5,3.5758727,3.55378
2.5,3.0648823,2.5673585
3.0,2.5754251,2.6548357
3.0,3.0698614,2.9324298
3.75,4.060124,3.780946
4.5,4.4688706,4.4420767
3.75,3.7515013,3.7268615
2.5,3.083551,2.559524
3.5,3.6145103,3.4715009
3.25,3.5903597,3.3094153
3.5,3.5469134,3.4812624
3.0,3.1892662,2.9649265
3.1,3.0136135,3.052051
3.0,3.3050425,2.931887
4.0,3.7083874,3.91853
3.75,3.7554328,3.7270896
3.0,3.2320945,2.994233
3.0,3.137855,2.9709263
2.1,2.596068,2.5691192
3.5,3.5482066,3.4749336
3.0,3.201749,2.9482985
4.5,4.2391148,4.4679093
2.55,3.0136135,2.616613
2.5,2.9500287,2.5099986
2.5,2.9444976,2.5108445
4.0,3.7395403,3.9241486
3.1,3.0136135,3.054376
4.25,4.218211,4.18737
3.75,4.299549,3.8084664
2.5,2.9388194,2.5419436
3.0,3.0973058,2.9560864
2.5,2.9660115,2.5108445
2.5,3.1836402,2.5361667
3.75,3.748417,3.7294178
2.5,3.0762637,2.5673032
3.75,4.0578356,3.780946
3.0,3.1569128,2.9703915
3.0,3.0703404,2.929214
3.0,3.0977702,2.9540684
3.0,2.57717,2.6354346
2.0,2.6666746,2.0217488
3.5,3.8233023,3.5655117
3.75,4.0656395,3.786021
2.5,2.9979496,2.5585506
0.8,0.988256,0.7987838
0.8,1.0088569,0.80410784
3.0,3.1966293,2.9458864
3.0,2.6349447,2.4851406
4.75,4.486409,4.690678
2.5,3.025906,2.557634
2.2,2.803883,2.231974
3.5,3.6196272,3.4854932
3.5,3.5609543,3.4915562
4.5,4.408761,4.4445705
4.75,4.518916,4.691645
3.1,3.4135294,3.1019058
3.25,3.549119,3.263387
2.5,3.0668614,2.5673585
2.5,3.136345,2.5429568
3.25,3.5599,3.2646646
2.2,3.0730891,2.240144
3.0,3.0889177,2.9545846
4.5,3.651436,4.4734697
3.0,3.3818865,2.9901938
4.25,4.1129723,4.2010407
2.5,2.906935,2.5361478
3.0,3.191083,2.964046
2.5,2.9271255,2.5083966
3.0,3.0636346,2.932485
3.0,3.2070065,2.96231
2.5,2.995,2.5092754
2.55,3.0136135,2.615496
3.0,3.2571628,2.9898517
3.75,4.0270166,3.7517726
3.5,3.5470011,3.4778981
3.1,3.0136135,3.0543835
3.0,3.2069626,2.9481857
3.1,3.0136135,3.0537412
2.55,3.0136135,2.616613
4.25,3.9962442,4.1964564
3.75,4.030759,3.7663486
0.8,0.9769738,0.79622114
3.25,3.5842314,3.3036761
3.75,3.7233884,3.728649
3.0,3.066454,2.9727805
2.2,3.0566025,2.2381716
3.1,3.0136135,3.048765
3.0,3.6484005,3.024313
3.75,4.0482125,3.7525043
3.75,4.1011314,3.7732828
3.75,3.7032793,3.7266672
2.5,2.9255621,2.5382855
3.0,3.2316704,2.9642956
4.75,4.4845753,4.703349
3.0,3.0808125,2.9754167
3.0,3.0918577,2.9565184
3.75,4.025985,3.7535007
3.5,3.570607,3.5007482
2.5,2.935701,2.5364463
2.2,3.0722382,2.240144
3.0,3.0641966,2.9329426
2.5,2.9635754,2.534991
0.8,0.97793746,0.79816353
2.5,3.0709465,2.5568216
3.0,3.0806158,2.952081
2.55,3.0136135,2.6146312
4.75,4.5019646,4.687797
3.0,3.0666,2.9534886
3.5,3.5785222,3.442486
2.5,3.0737123,2.567816
2.0,2.650594,2.0245647
3.0,3.0719452,2.9754167
2.55,3.0136135,2.6163063
3.0,3.656283,3.0251803
2.5,2.9623504,2.5108445
3.0,3.073691,2.9527814
3.75,4.088526,3.7804694
3.5,3.549228,3.4735212
3.75,4.045764,3.7504485
3.5,3.5797076,3.473054
0.8,0.9912482,0.8035693
2.5,2.9893332,2.5092754
4.5,4.408556,4.448711
3.75,4.0560493,3.7864137
3.0,3.1746962,2.9635885
3.5,3.819545,3.5655117
3.0,3.2640367,2.9615784
14.0,14.117934,15.082862
3.0,3.2928452,2.994233
3.0,3.068382,2.932485
3.0,3.594772,3.021457
3.0,3.0924745,2.949834
4.75,4.487035,4.690678
3.0,3.5912955,3.0618005
2.5,2.9459534,2.5083966
3.75,4.3892393,3.8077047
2.5,3.0047078,2.5563562
3.75,4.0321856,3.7527053
3.75,4.097092,3.7800767
3.0,3.3908772,2.9901938
2.5,3.0192223,2.5567331
3.1,3.0136135,3.0535529
3.0,3.2753644,2.9893107
0.8,1.0054852,0.80516833
3.25,3.5793371,3.3041687
2.55,3.0136135,2.6170678
0.8,0.9505332,0.80364054
3.75,3.953501,3.7632825
2.0,2.6489894,2.0271523
0.8,0.9724573,0.7985301
0.8,0.9775065,0.79928887
3.0,3.0912077,2.9540684
0.8,0.9723685,0.7990377
3.75,3.7326539,3.681663
2.45,2.9356618,2.514249
4.25,4.200181,4.1972327
3.0,3.4155455,3.0621932
2.55,3.0064225,2.6178908
3.75,3.7324116,3.7325916
7.6,7.8978605,7.604999
0.8,1.0013366,0.80410784
3.25,3.5506299,3.263881
2.5,2.913223,2.53673
3.75,4.005101,3.7638538
0.8,0.9850084,0.7966574
3.5,3.8899374,3.559995
2.5,2.9640284,2.5373058
3.1,3.0136135,3.0529106
3.1,3.0136135,3.0535529
3.0,3.0844774,2.9540684
3.0,3.295371,2.9898517
2.5,3.0107808,2.5092754
3.0,3.485449,3.0618005
3.0,3.2932625,2.9959803
2.55,3.0136135,2.615111
21.0,19.082014,21.055208
4.0,3.666473,3.923318
4.25,4.1089277,4.1970277
2.5,2.9809024,2.55614
3.0,3.4596767,3.0621932
3.75,4.0547953,3.7815173
3.25,3.552657,3.239839
3.75,3.7387218,3.7291663
0.8,0.97410834,0.7990377
3.0,3.0643802,2.9741867
4.5,4.305835,4.4703736
2.5,2.9336627,2.5099986
2.5,3.080083,2.5610006
4.75,4.575286,4.692071
4.5,4.2453375,4.4703617
3.0,3.077264,2.9328873
3.25,3.5558019,3.263387
3.5,3.8845873,3.5645506
2.5,2.999269,2.5553093
4.75,4.5230885,4.6804824
28.0,28.25767,27.956371
2.2,2.8023634,2.2305055
3.0,3.3819888,3.0579169
3.75,3.7510927,3.729534
3.0,3.1127338,2.9635563
3.0,3.0819376,2.9545052
3.5,3.581712,3.4841106
3.0,3.1820302,2.9966562
3.0,3.2531528,2.9477835
4.5,4.400847,4.440711
4.5,4.2451916,4.4733605
2.5,2.9095004,2.5083966
2.0,2.6251183,2.0245647
3.75,4.0400696,3.7553334
3.1,3.3887694,3.1012473
3.1,3.4091215,3.1017992
2.5,3.0665913,2.567816
3.0,3.2563977,2.9893107
3.0,3.069736,2.9329426
21.0,18.934923,20.958555
4.75,4.5022492,4.6864104
3.0,3.0678592,2.9727805
4.75,4.494407,4.687797
2.45,2.9577377,2.51296
3.0,3.0621133,2.953588
3.0,3.0666769,2.9486003
2.5,3.022818,2.5577075
3.75,3.751516,3.728581
3.25,3.5223694,3.270176
3.25,3.5702133,3.2419004
4.25,4.2331305,4.187941
3.25,3.5539849,3.2411168
3.5,3.6082628,3.4715009
2.5,3.0174923,2.5563562
3.0,3.1588056,2.9629033
3.5,3.9714508,3.554958
2.5,3.0364666,2.5547931
3.75,3.6939273,3.6812046
3.75,3.7205179,3.6830423
3.5,3.831313,3.5655117
3.0,3.1535723,2.9703915
2.0,2.6589508,2.021214
2.2,3.075452,2.2381716
0.8,0.9553345,0.80352074
3.5,3.6531394,3.472513
2.2,2.8114526,2.231433
2.2,2.9226365,2.231433
3.75,3.7292554,3.7278855
2.2,3.0908294,2.2381716
3.75,4.0999327,3.7732828
3.0,3.6203575,3.0251803
2.2,3.0768006,2.2381716
0.8,0.9810115,0.8033182
3.25,3.5562882,3.2646646
4.5,4.3372283,4.4486322
2.0,2.6716952,2.0217488
3.75,3.716471,3.724291
3.25,3.5489056,3.2631578
3.0,3.2659335,2.9901938
2.5,2.9328752,2.5083966
3.75,3.708298,3.7271929
2.5,3.0677187,2.5566995
2.2,3.0699527,2.2381716
3.0,3.2302988,2.994233
3.5,3.9450455,3.561669
4.25,4.1177425,4.200648
4.75,4.554371,4.691735
7.6,7.9691143,7.6043344
3.75,3.7274115,3.681663
3.5,3.5390236,3.442486
3.5,3.8489826,3.566704
3.75,3.910539,3.7632825
2.45,2.9567378,2.5136182
2.5,2.9338675,2.5108445
4.5,4.4004993,4.446792
3.75,3.7554762,3.7241116
3.0,3.0685852,2.948839
4.25,4.065506,4.195586
3.5,3.6449897,3.472513
4.0,3.6168277,3.921816
3.0,3.0806527,2.9754167
3.0,2.629049,2.8375952
3.1,3.416361,3.1012473
3.0,3.672526,3.0251803
3.0,3.093646,2.9560864
2.55,3.0136135,2.616041
2.55,3.0136135,2.615566
3.75,4.1247807,3.7804694
3.0,3.210527,2.9966562
3.0,3.1730256,2.9636436
2.5,3.0558858,2.560902
4.5,4.4109936,4.4475646
0.8,0.98691463,0.80357826
3.5,3.6119967,3.5571644
3.0,3.6798184,3.02466
2.5,2.9530497,2.5108445
3.1,3.3514788,3.1020372
3.25,3.5270302,3.2659452
3.25,3.5040073,3.2605333
0.8,0.98872745,0.80369353
3.0,3.4759824,3.0570476
3.75,3.7543814,3.7271905
2.5,3.0821784,2.567816
3.0,3.2157304,2.9470983
9.5,10.111881,9.481219
2.5,3.0033886,2.5551975
2.45,3.0418763,2.512498
3.1,3.3238454,3.1015787
19.75,33.177765,20.34371
3.0,3.3293357,2.9893107
2.45,2.9514923,2.5134223
3.0,3.0778837,2.9328873
3.0,3.4684584,3.0570476
18.0,18.584726,17.974072
2.5,3.0667377,2.5610178
3.5,3.6183426,3.4827752
4.5,4.3660316,4.445501
3.1,3.0136135,3.0543835
2.5,3.0699008,2.5612595
3.0,3.0817096,2.9533408
3.5,3.5989,3.4461205
3.0,3.163947,2.9612703
2.5,2.955976,2.5108445
2.5,3.1177037,2.5400653
2.5,2.9493306,2.5406399
2.2,2.854066,2.231974
3.25,3.558625,3.2617116
3.5,3.5695274,3.48129
2.5,2.948203,2.5386877
8.95,9.356018,8.946684
2.5,2.9546735,2.537452
2.0,2.6814065,2.0217488
21.0,18.6021,20.90715
3.1,3.0136135,3.0535529
2.5,3.065476,2.5673585
3.5,3.9577756,3.5655117
2.5,2.9608154,2.5092754
2.55,3.0136135,2.6200929
3.5,3.5737603,3.489062
2.1,2.6163058,2.5933557
3.0,3.645088,3.0251803
3.5,3.556543,3.4802027
2.5,2.9501832,2.5092754
2.5,3.064447,2.5654614
2.45,2.969612,2.5125945
2.5,3.09039,2.5610201
3.5,3.6050699,3.5546784
4.0,3.662223,3.923318
2.1,2.6167169,2.9141634
3.1,3.0136135,3.054376
3.75,3.736252,3.7515213
3.0,3.1995106,2.9635885
2.5,2.9898577,2.5425267
2.2,2.8024716,2.231974
3.0,3.0666766,2.9328873
3.0,3.062274,2.932485
3.25,3.5872438,3.3042023
2.5,3.0962856,2.541455
2.5,3.025346,2.5092754
3.0,3.4355521,3.0621932
3.75,4.3102355,3.8082995
2.5,2.9645457,2.536764
3.75,3.7581723,3.7293487
2.5,2.9379473,2.5364463
3.5,4.022132,3.5586278
3.25,3.5379047,3.203017
3.0,3.2220876,2.9477282
2.5,3.025366,2.5407736
0.8,0.9584502,0.803537
2.0,2.6554568,2.0259223
0.8,0.9751127,0.8031199
2.2,2.8125658,2.2299645
2.5,3.0715048,2.567816
2.55,3.0136135,2.615111
3.0,3.2427745,2.9966562
3.0,3.0874748,2.9541297
2.1,2.5823994,2.9310627
2.45,2.969711,2.5137527
2.0,2.6983385,2.021214
2.5,2.941574,2.5419436
4.25,4.112403,4.1970277
2.55,3.0136135,2.6178985
3.0,3.0718112,2.9329426
2.5,2.9509845,2.5338387
3.5,3.619717,3.6176324
2.0,2.6818004,2.0218124
4.75,4.54539,4.6840167
2.0,2.6575115,2.0217488
2.5,3.086338,2.5612679
2.5,2.9459543,2.538743
4.5,4.2971525,4.4689236
3.1,3.0136135,3.0519469
4.75,4.5033283,4.6834846
2.2,3.094514,2.240144
0.8,0.9849038,0.8044074
2.55,3.0136135,2.6182113
4.25,4.0633783,4.195586
3.5,3.7939744,3.5655117
3.0,3.0575085,2.95273
28.0,28.317848,27.906761
3.0,3.5823827,3.021052
4.75,4.5422025,4.6907797
3.0,3.0941443,2.9594374
3.75,3.7780488,3.7208307
3.75,4.375416,3.8095963
2.5,2.9617133,2.5337496
2.65,3.542412,3.206442
3.75,4.3082333,3.8106987
3.0,3.083005,2.9526868
4.25,4.215205,4.1972327
3.75,3.966126,3.7632825
4.0,3.7161705,3.9221594
3.25,3.5667212,3.2638097
21.0,18.690256,21.057014
3.75,3.7656667,3.7372463
4.5,4.415602,4.446462
19.75,35.332718,19.963234
4.0,3.697935,3.9216287
3.1,3.0136135,3.0515962
3.75,3.7521923,3.7289493
2.0,2.7024539,2.0218124
3.0,3.4578712,3.0574403
3.1,3.3302624,3.1015787
2.45,2.9208164,2.5141702
3.25,3.4754946,3.2022333
3.75,4.3367157,3.8068376
3.25,3.5438366,3.2439954
3.75,4.016651,3.7508194
3.0,3.077147,2.9625335
3.0,3.0842152,2.9727805
3.25,3.5504088,3.244779
0.8,0.98738647,0.8003788
3.75,3.7390873,3.6810317
2.5,3.0753055,2.5610986
3.0,3.0860543,2.952967
8.95,9.466352,8.946719
2.5,2.9404445,2.5083966
4.75,4.5899305,4.691645
2.2,2.8041234,2.231433
2.1,2.6257606,2.85103
18.0,18.784418,17.976082
3.0,3.1891165,2.964869
3.75,3.9831555,3.7732828
4.5,4.416935,4.446462
2.5,3.0743449,2.5583026
0.8,0.9735716,0.80378854
2.5,3.001071,2.5099986
9.5,9.680105,9.48397
2.0,2.673663,2.0245647
15.0,18.793432,15.061458
3.1,3.0136135,3.0528817
3.0,3.0677683,2.9328873
4.0,3.6649406,3.923318
2.5,2.9911702,2.5083966
2.0,2.644209,2.0245647
3.0,3.1475525,2.9703915
2.55,3.0136135,2.6105719
3.0,3.0760663,2.950879
2.5,3.041576,2.553668
2.5,3.0295727,2.5554612
3.0,3.2422829,2.948241
4.5,4.4036074,4.4426136
3.25,3.555913,3.240918
3.5,3.605621,3.4772053
3.0,3.2025774,2.9635885
2.5,2.9752584,2.5338025
3.0,3.1411283,2.965109
3.5,3.577599,3.442486
4.25,4.110423,4.2010407
2.5,3.0925848,2.579422
3.0,3.1863058,2.9966562
2.0,2.7255285,2.0218124
3.0,3.0854528,2.9741867
3.5,3.8844607,3.5655117
2.5,3.1260362,2.5406232
2.5,3.0291526,2.5547931
2.5,2.9299817,2.5364463
0.8,0.9811225,0.7975782
3.0,3.2320154,2.962907
3.0,3.3168614,2.9898517
3.0,3.4152367,3.0621932
2.5,3.0823498,2.5613391
3.0,3.2055993,2.9481857
3.5,3.8478665,3.5556445
2.55,3.0136135,2.6188073
4.75,4.5123997,4.691645
2.5,2.9415946,2.542401
4.75,4.5750113,4.690684
2.5,3.0631187,2.5677607
2.2,2.7662392,2.2299645
4.5,4.3550215,4.4723525
3.0,3.3316612,2.994233
4.25,4.1194024,4.1964564
3.0,3.0691206,2.9328873
3.5,3.630627,3.47096
3.0,3.5138516,3.0621932
2.5,2.9677572,2.5350425
3.0,4.019268,3.02466
3.25,3.5450327,3.263881
2.5,3.0842378,2.5601568
3.75,4.314391,3.8073592
2.5,2.9481843,2.507822
3.1,3.3688157,3.1012104
4.25,4.1110725,4.2010407
2.0,2.6511655,2.0245647
3.0,3.2600634,2.9893107
2.5,2.9317944,2.5359888
2.5,3.0707483,2.5628853
3.25,3.5515788,3.263387
3.5,3.6010962,3.472513
3.5,3.997412,3.5656016
2.5,2.9714737,2.5417159
3.75,3.6875257,3.6812046
3.75,3.9040372,3.7638538
2.5,3.0684614,2.559309
2.2,3.0738897,2.240144
4.25,4.1102924,4.2010407
2.45,2.92001,2.5137906
3.0,3.0801609,2.9299695
3.0,3.213131,2.9959803
2.2,2.813098,2.2299645
3.1,3.318052,3.1011126
3.75,4.1530485,3.7732828
3.75,3.6384645,3.7628388
3.75,3.753713,3.7311108
0.8,0.9780799,0.8041432
4.25,4.063073,4.195979
3.75,4.021208,3.7529285
4.5,4.333956,4.4726605
3.75,4.3249316,3.8096924
3.0,3.1641974,2.9592144
3.0,2.5621073,2.804898
2.2,3.0693376,2.2381716
2.5,3.0633874,2.5641026
3.5,3.6446457,3.472513
3.75,4.068795,3.786021
2.5,2.9299672,2.5108445
3.5,3.6216955,3.4461205
3.5,3.8930035,3.560918
3.0,3.0689971,2.9754167
4.25,4.237158,4.187941
28.0,28.340567,27.950815
3.75,4.3160334,3.801644
3.1,3.0136135,3.0535529
2.2,2.8084476,2.2299645
3.0,3.3298426,2.9893107
2.5,3.148223,2.5389907
3.5,3.6373103,3.5529447
3.75,3.6828313,3.680839
3.0,3.0647688,2.9521585
3.0,3.1649163,2.97099
4.5,4.3804307,4.443006
2.2,3.0431657,2.240144
3.1,3.0136135,3.0531483
2.5,3.0786686,2.5543594
3.25,3.621063,3.3069959
2.5,2.9725933,2.5350583
0.8,0.9857008,0.80428886
3.25,3.5334952,3.3272524
0.8,0.96913964,0.8038284
2.5,3.1582303,2.542502
0.8,0.9888642,0.7961497
2.0,2.693939,2.021214
3.0,3.060711,2.9292846
2.2,3.087163,2.2381716
3.5,3.5714972,3.4865832
2.5,2.9285083,2.5359888
3.75,4.0171223,3.751478
3.0,3.3021152,2.9901938
2.5,2.9265058,2.5108445
3.5,3.5514238,3.442486
3.0,3.0932565,2.9741867
3.1,3.0136135,3.052051
3.25,3.5514364,3.237575
3.75,4.013275,3.7736754
2.5,2.921482,2.5393162
4.75,4.559225,4.691645
2.5,2.9757328,2.5083966
4.25,4.330598,4.1864996
2.5,3.020533,2.5544775
2.5,2.9800742,2.5099986
2.45,2.952123,2.5138807
4.5,4.314448,4.4483876
3.5,3.6150436,3.4448903
2.5,2.9292789,2.5380688
4.5,4.3974657,4.4485326
3.0,3.6411011,3.0251803
3.0,3.150009,2.9703915
2.5,2.9521732,2.5365784
3.75,3.736053,3.729582
3.75,3.716839,3.6807423
3.1,3.4073448,3.1012313
3.75,3.7061234,3.72788
3.75,4.056283,3.780946
2.2,3.0942147,2.2381716
0.8,0.98006785,0.80496776
3.0,3.5704973,3.0230842
2.5,3.069928,2.5592482
2.5,3.0790396,2.5624034
2.5,3.0034592,2.5092754
2.5,3.0869029,2.5613313
3.75,3.7127748,3.6812046
3.5,3.5582983,3.475931
3.0,3.0905864,2.9727805
0.8,0.9815945,0.8039869
3.0,3.255768,2.9959803
2.5,2.9454906,2.5419436
2.0,2.6362891,2.0271523
3.75,4.108802,3.7804694
0.8,0.9707438,0.7970841
3.5,3.9230237,3.5616639
3.0,3.385579,3.0584881
3.5,3.7951748,3.5614967
3.25,3.5753953,3.3073282
3.75,3.7539918,3.730221
2.2,2.859916,2.231974
3.75,4.063848,3.7800767
2.5,3.0757208,2.5615005
3.75,3.9878228,3.7732828
3.75,3.6812127,3.6812046
4.75,4.5601454,4.690678
2.0,2.684556,2.0217488
0.8,0.9715915,0.7992491
3.0,3.3065786,2.9893107
3.25,3.5614998,3.2625663
3.5,3.8428397,3.5655117
3.0,3.163179,2.97099
2.5,2.9587388,2.5092754
3.0,3.3442013,2.9901938
3.75,4.3107085,3.8129475
4.5,4.440653,4.446792
2.5,3.0664883,2.5640874
4.0,3.7337673,3.9226468
3.0,3.0723238,2.9509404
3.0,3.2428384,2.9966562
3.1,3.3161483,3.1015787
0.8,0.97939056,0.80350566
3.0,3.0889719,2.9560864
3.25,3.5523648,3.2646646
3.5,3.5754454,3.442486
4.25,4.185503,4.1972327
2.5,2.924059,2.5083966
3.75,4.318034,3.8099263
2.55,3.0136135,2.616613
2.5,2.929186,2.5376308
3.75,3.7294648,3.6819525
2.5,3.0684783,2.5677607
3.0,3.0866742,2.9754167
2.0,2.6853561,2.0218124
3.25,3.565567,3.2406228
3.1,3.379249,3.1017992
3.75,4.316557,3.801644
2.5,2.9531407,2.5419436
8.95,9.452926,8.946857
2.5,3.0231204,2.5600529
3.75,4.3619223,3.8096862
3.75,4.0472555,3.771257
3.5,3.6167567,3.4461205
3.5,3.5667856,3.473054
2.5,2.9592593,2.538275
3.5,3.5525053,3.4775534
2.5,2.9633698,2.542401
3.0,3.2568293,2.948241
3.75,4.0322156,3.748483
3.75,4.040682,3.783057
3.1,3.0136135,3.051535
3.75,4.331032,3.8095963
3.5,3.572746,3.472513
2.0,2.627844,2.0245647
3.0,3.1469264,2.97099
2.55,3.0136135,2.6152148
3.1,3.0136135,3.0535529
3.0,3.0790021,2.962301
2.2,3.0750837,2.240144
2.5,3.081992,2.5671308
4.25,4.2168503,4.1972327
2.2,3.0673013,2.241374
2.2,3.0718584,2.240144
3.25,3.5256116,3.2071311
3.25,3.5560277,3.2397647
15.0,19.693048,15.112676
3.0,3.064239,2.9328873
3.75,3.729919,3.681663
2.5,3.0670695,2.5607808
3.75,4.0575233,3.786021
2.0,2.6600523,2.0271523
3.5,3.652933,3.4461205
2.2,3.0709486,2.2381716
3.0,3.0737805,2.9498794
3.0,3.6179223,3.0251803
2.5,2.9724917,2.542401
4.0,3.6814249,3.9213
4.25,3.8167586,4.1868925
4.75,4.3047733,4.696924
2.5,2.9300413,2.5083966
2.2,2.812146,2.231433
2.5,2.9847927,2.5108445
3.0,3.3443894,3.0570476
0.8,0.9776859,0.8041432
2.55,3.0136135,2.613434
3.75,4.002977,3.7732828
2.5,3.071866,2.5677607
3.0,3.0596118,2.9345791
2.2,2.9099808,2.2305055
3.5,3.592305,3.4448903
4.75,4.5209026,4.691645
0.8,0.9592358,0.80360067
3.25,3.5645096,3.2662144
0.8,0.97810173,0.8035693
3.75,3.7198899,3.6814005
3.0,3.1973817,2.9650517
0.8,0.99832845,0.80395555
3.1,3.377722,3.1017992
4.25,4.299884,4.1864996
3.5,3.9796371,3.5645506
3.5,4.3470793,3.5719268
3.0,2.545618,2.6760325
2.5,3.1636813,2.5429568
0.8,0.992538,0.7976514
2.5,2.9333646,2.5108445
0.8,0.98115736,0.80516833
3.0,3.07163,2.934463
2.5,3.0369852,2.55856
3.1,3.3115418,3.1018782
4.0,3.7234964,3.9201128
3.0,3.0923004,2.953014
2.5,2.9618301,2.5356233
4.0,3.6704342,3.924141
3.75,3.6983688,3.7415836
3.25,3.4719121,3.203706
0.8,0.9895433,0.80516833
4.0,3.5920575,3.921816
3.0,3.220271,2.9491005
3.1,3.0136135,3.0535529
4.5,4.440683,4.446462
4.5,4.3159065,4.4681973
3.0,3.2152417,2.9966562
2.5,3.1274877,2.5424116
2.5,3.0619464,2.5651262
2.5,2.939921,2.535746
2.0,2.7318153,2.0231922
2.0,3.239481,2.0271523
3.0,3.4423034,3.0584881
3.5,3.9090831,3.5622165
2.1,2.5663872,2.7302468
3.5,3.599175,3.472513
3.75,3.9457347,3.7632825
22.5,21.099127,22.357918
2.5,3.1652918,2.5422857
2.5,2.9679732,2.5419436
3.5,3.549651,3.4768581
2.2,2.8524094,2.231433
2.5,3.0795956,2.560047
2.5,2.9412851,2.5364463
3.1,3.4172783,3.1003826
2.5,3.11878,2.546524
2.5,2.9442577,2.5334756
3.0,3.2574441,2.9898517
3.25,3.5513566,3.2454681
3.0,3.0742126,2.9741867
3.0,3.2839446,2.9959803
3.75,4.0397177,3.7553334
3.1,3.0136135,3.0558853
0.8,1.0071958,0.80516833
3.0,3.153006,2.97099
2.5,2.946573,2.5083966
3.1,3.314681,3.1027184
3.5,3.632182,3.6240706
2.5,3.0258641,2.5092754
2.5,2.9444337,2.534401
3.5,3.8538487,3.557559
3.0,3.216148,2.9966562
3.5,3.5748308,3.442486
0.8,0.9763303,0.80516833
4.25,3.884443,4.1964564
2.5,2.9173708,2.5364463
3.75,3.7311647,3.7427037
9.25,8.797113,9.221562
2.5,3.0862882,2.5630124
3.0,3.0827873,2.9554293
3.0,2.6127238,2.6741946
2.0,2.6524544,2.0259223
3.0,3.237822,2.9893107
3.75,4.3257046,3.8095963
2.5,3.01504,2.556811
3.1,3.0136135,3.055964
3.75,4.068054,3.7815173
3.0,3.150426,2.97099
0.8,0.97983694,0.8033722
2.5,3.038113,2.56074
3.75,4.017296,3.751615
3.0,3.244551,2.9634726
3.0,2.6388714,2.5803866
3.0,3.1454194,2.97099
2.5,2.9486096,2.5083568
4.75,4.4921284,4.693894
3.25,3.6222253,3.2384908
4.75,4.52357,4.701982
3.0,3.0594003,2.9329426
2.2,3.085826,2.241374
3.0,3.2014275,2.9615493
3.5,3.9959173,3.5645506
3.1,3.3216584,3.1018782
3.25,3.5671806,3.2654307
2.5,2.9489925,2.536759
2.0,2.7028391,2.0218124
2.0,2.6957097,2.0218124
3.5,3.7894366,3.5655117
3.0,3.2327054,2.9898517
3.0,3.3326507,2.9901938
3.5,3.8518765,3.5680907
3.0,3.2784414,2.9959803
3.25,3.574438,3.31171
3.75,3.7645013,3.7278378
0.8,0.9856918,0.8000162
3.5,3.658861,3.473054
3.5,3.6264565,3.4448903
3.0,3.2553768,2.9959803
2.2,2.8038547,2.2299645
3.75,4.066957,3.780946
4.5,4.248329,4.468583
3.5,3.5833588,3.473054
3.75,4.32854,3.8100224
10.95,10.159306,10.836385
4.25,4.278759,4.1864996
3.1,3.0136135,3.051535
3.25,3.5582716,3.2596502
2.5,3.1513453,2.5410001
3.5,3.5640473,3.478191
45.0,30.13363,45.039097
4.25,4.0653276,4.195586
3.25,3.5497353,3.2646646
3.75,4.4021482,3.809977
3.0,3.0821443,2.953204
4.75,4.4846935,4.691735
3.1,3.3864422,3.1008449
2.0,2.6416812,2.020355
4.25,4.2406883,4.18737
3.1,3.0136135,3.054376
13.33,8.717187,13.273743
2.5,3.0143833,2.556811
2.5,3.0637236,2.5677607
3.75,4.0561066,3.7815173
2.5,2.9443083,2.5108445
3.75,3.7597072,3.7292788
3.25,3.6055763,3.3070776
4.75,4.495629,4.688886
2.0,2.6704254,2.0218124
3.0,3.339172,2.9901938
2.2,2.8352687,2.231433
3.0,3.2228506,2.9635885
3.75,3.9498296,3.7736754
3.5,3.8505678,3.5655117
4.75,4.509263,4.6881332
3.5,3.9591844,3.5697346
2.5,3.0927591,2.562124
2.0,2.6680899,2.0245497
3.1,3.2982087,3.101941
2.65,3.524917,3.205719
3.75,3.7467327,3.727808
3.75,3.7507114,3.7333074
8.95,9.163812,8.953273
2.5,2.9414933,2.5364463
3.0,3.2499573,2.9477835
3.25,3.549635,3.2435014
3.0,3.0929487,2.956324
3.5,3.5637825,3.482772
4.25,4.0652027,4.195979
2.5,2.9632301,2.5368195
2.55,3.0136135,2.6105719
4.75,4.488739,4.699453
3.0,3.269282,2.9901938
12.0,13.261797,12.02729
2.5,3.1200619,2.5443807
3.0,3.1647182,2.9966562
2.0,2.642861,2.0218124
2.5,3.071401,2.5642087
3.75,3.7642796,3.7348158
18.0,20.608644,18.023811
2.5,2.94245,2.5338185
4.0,3.7248628,3.9213612
3.75,4.302953,3.8057485
4.5,4.361034,4.4723525
3.1,3.0136135,3.0535529
4.0,3.7048807,3.9213
2.5,2.9443102,2.5368018
3.75,3.9535313,3.7736754
2.0,2.653175,2.021214
2.5,3.1633606,2.5422857
3.0,3.0669546,2.9328873
3.75,3.73894,3.7628388
3.0,3.2583115,2.9901938
2.2,3.096186,2.2381716
2.0,2.6384282,2.0271523
3.25,3.537569,3.270176
2.2,3.0958989,2.241374
2.5,3.0775297,2.5618587
3.75,4.118661,3.7864137
3.75,3.7460995,3.7632315
3.0,3.1576357,2.97099
4.0,3.6595514,3.9226391
3.0,3.1448948,2.97099
4.75,4.5927563,4.691975
2.5,3.0199378,2.556811
3.0,3.4680812,3.0570476
3.0,3.2435095,2.9966562
0.8,0.96830386,0.7995688
3.0,3.2096214,2.9445276
2.5,2.9645424,2.5356233
3.75,4.04762,3.7674468
3.5,3.9744792,3.55766
2.2,3.0756745,2.2381716
10.95,10.015965,10.8363085
3.75,3.5681436,3.680839
3.1,3.0136135,3.0543835
3.75,4.0660734,3.786021
2.2,3.0741615,2.240144
3.75,3.7275522,3.680839
3.0,3.0878544,2.9560864
3.5,3.8393633,3.5666142
2.5,3.1470513,2.5429568
2.5,2.948376,2.537452
3.25,3.5729349,3.3074641
2.5,2.9185748,2.5375483
3.0,3.4863183,3.0618005
3.0,3.1887512,2.964869
2.5,2.9891405,2.5092754
2.5,2.9236443,2.5347404
3.0,3.0898056,2.956917
3.0,3.2925277,2.9621801
3.0,3.1588101,2.9482424
3.0,3.5637085,3.0236044
2.5,2.9756343,2.5092754
2.5,2.9082801,2.534214
3.0,3.0918505,2.9598649
3.75,3.756683,3.7301052
3.0,3.2473907,2.994233
8.95,9.412441,8.940676
2.5,3.0674899,2.5623114
3.75,4.393716,3.8051343
3.0,3.0904853,2.9536915
3.5,3.6516635,3.4461205
2.5,2.9655352,2.5354607
3.0,3.1021419,2.954928
3.0,3.0680718,2.9324298
3.5,3.6515706,3.472513
0.8,0.987669,0.80410784
2.5,2.994927,2.5567331
3.0,3.3158088,2.9609406
2.5,2.9508615,2.5108445
3.25,3.5176218,3.2439954
2.5,3.0814407,2.567816
2.2,3.0442762,2.2381716
3.5,3.6178267,3.5583494
2.55,3.0136135,2.6146312
3.75,4.3236337,3.8060846
4.5,4.220295,4.5076056
3.5,3.5848095,3.472513
3.0,3.2141948,2.9477282
3.1,3.0136135,3.0523653
3.5,3.5586216,3.442486
2.1,2.6382504,2.551786
2.5,2.9394453,2.5108445
4.75,4.5002365,4.6898494
4.5,4.2360954,4.4703293
4.75,4.5831747,4.691975
2.2,3.094604,2.2381716
3.5,3.8630927,3.5645506
3.0,3.209775,2.9959803
3.5,3.5507085,3.4802532
4.25,4.2222757,4.187941
3.75,4.347321,3.8058095
3.0,3.1584668,2.9709263
0.8,0.97384834,0.7970328
2.2,3.0841532,2.240144
3.5,3.5455637,3.442486
3.0,3.4415658,3.0584881
3.0,3.0977473,2.9727805
3.75,3.981079,3.7736754
3.25,3.5509684,3.2662144
3.5,3.9699247,3.5646405
3.0,3.735842,3.0251803
2.45,2.9487116,2.51296
2.5,2.9855444,2.539428
2.5,2.9581842,2.5099986
2.5,2.9401443,2.5071583
3.25,3.5424073,3.203017
2.5,2.9600403,2.5379083
3.0,3.0909216,2.9754167
3.75,3.73922,3.681663
3.0,3.0649295,2.9328873
2.5,3.0183053,2.550021
2.2,3.0814965,2.2381716
2.0,2.6262054,2.0271523
3.75,3.741741,3.7209232
3.25,3.54679,3.2626033
14.0,13.817826,14.0185795
0.8,0.9763645,0.80350566
2.5,2.9596279,2.542401
3.5,3.6163886,3.5563047
4.0,3.7203095,3.9193518
3.75,4.063076,3.786021
2.5,2.9497008,2.5359888
3.0,3.5980961,3.021457
3.5,3.559094,3.4802847
4.0,3.711595,3.9213612
2.5,2.8930657,2.5083966
3.5,3.6347263,3.5537074
3.0,3.0540512,2.9727805
3.25,3.5062416,3.2216902
2.0,2.674089,2.0245647
3.5,3.597666,3.5513623
3.1,3.0136135,3.0523944
4.0,3.662742,3.9275007
3.75,4.0309687,3.7515433
3.75,4.3279476,3.8095963
3.0,3.7075827,3.02466
3.5,3.570586,3.4448903
2.0,2.6906097,2.0217488
3.0,3.1599462,2.959504
2.55,3.0136135,2.615111
4.5,4.415244,4.4465513
3.0,3.1681333,2.9703915
0.8,0.9722944,0.8036092
3.0,3.1594105,2.9703915
2.5,2.984864,2.5092754
3.0,3.0832834,2.9533653
3.75,3.7362554,3.7284112
3.75,4.423196,3.8115218
3.5,3.6254213,3.5696425
3.75,3.74554,3.7302246
3.0,3.3165426,2.994233
3.0,3.1720107,2.964046
2.5,2.9774716,2.5083966
2.5,3.0845902,2.5595288
2.55,3.0136135,2.6170678
3.0,3.23285,2.994233
3.0,3.092173,2.9514008
3.75,3.731173,3.6794388
2.5,2.951036,2.538275
3.75,3.6951494,3.6812046
3.0,3.1768782,2.964046
0.8,0.98562,0.8003538
2.5,2.9131575,2.5401273
3.75,3.9435356,3.7632825
3.0,3.1841707,2.9592824
4.0,3.6656392,3.921816
3.1,3.0136135,3.0491529
4.25,4.112709,4.2010407
4.0,3.694078,3.9213
3.0,3.232379,2.9477282
3.0,3.055749,2.9754167
4.5,4.416559,4.446462
3.0,3.0715792,2.9530425
4.25,4.233712,4.1976256
3.75,3.7345312,3.7412908
3.0,3.0711026,2.9329426
3.5,3.6710756,3.472513
3.0,3.6694598,3.060428
3.0,3.0836153,2.9528768
3.0,3.1971302,2.9645941
2.0,2.678791,2.0218124
3.75,4.3010244,3.8008935
3.1,3.0136135,3.0528817
2.5,2.9748015,2.537452
3.75,3.9698982,3.7632825
3.1,3.3284168,3.102356
4.0,3.7084126,3.916822
3.75,3.7584946,3.725917
2.5,2.955144,2.5369945
3.0,3.0686336,2.9324298
3.75,3.728808,3.6814005
2.0,2.635641,2.0259223
3.0,3.5614548,3.0251803
3.5,3.5590174,3.4916546
3.75,4.316885,3.805911
4.25,4.270775,4.1864996
4.25,4.2515035,4.18737
4.5,4.4239826,4.446792
3.75,3.758517,3.7281704
3.25,3.5466902,3.2617826
3.75,3.757395,3.7546704
3.1,3.0136135,3.0528817
3.5,3.558348,3.4782465
2.5,2.9960759,2.507822
3.5,3.8644707,3.5583856
2.5,3.139039,2.5422857
2.0,2.640315,2.0245647
2.2,2.8283951,2.231433
4.75,4.5278788,4.691975
3.0,3.061988,2.932485
3.25,3.584399,3.302291
3.25,3.5497925,3.263881
2.55,3.0136135,2.618591
0.8,0.99449754,0.80079776
3.5,3.5707538,3.5007482
3.0,3.1081839,2.9629564
2.45,2.9360657,2.5137527
3.0,3.3279407,2.994233
2.55,3.0136135,2.6163967
3.0,3.078075,2.9523673
3.5,3.5789645,3.483093
3.0,3.231586,2.9604702
9.5,10.128614,9.485513
2.5,3.090046,2.5763466
2.45,2.9581082,2.5134223
3.0,3.3319635,2.994233
4.25,4.111292,4.2010407
3.1,3.414434,3.100748
3.25,3.557568,3.244779
3.0,3.075818,2.932485
3.25,3.557011,3.2419004
3.0,3.1568847,2.9709263
3.75,3.7614882,3.7300336
2.5,3.076718,2.5671308
3.1,3.0136135,3.0524557
3.0,3.2800412,2.9608793
2.5,2.962698,2.5419436
2.5,2.9716198,2.5367668
2.0,2.6235707,2.0271523
2.5,3.0865796,2.5629697
2.5,2.9726057,2.5432606
3.0,3.0856202,2.9540489
3.75,3.7281566,3.6820154
2.2,2.9005704,2.231974
3.5,3.5894167,3.4448903
3.5,3.554608,3.4953928
3.0,3.2164545,2.9605026
2.5,3.0031152,2.5576417
2.0,2.650886,2.0217488
2.2,3.0896459,2.2381716
4.75,4.4962873,4.696924
3.1,3.3800015,3.1016688
15.0,19.130877,15.0964775
3.1,3.0136135,3.052051
4.25,4.116022,4.1964564
2.5,3.0211308,2.5547931
3.25,3.5430605,3.2055871
2.5,2.9851708,2.5370545
3.5,3.5357032,3.4448903
3.5,3.8392324,3.566704
3.5,3.5541146,3.494353
3.75,3.707819,3.7274828
4.5,4.1693664,4.4770117
3.25,3.5110238,3.264764
3.75,3.7536595,3.7267268
2.5,2.9519143,2.5336964
2.45,2.9412327,2.5141702
0.8,0.9829838,0.80516833
2.5,2.969639,2.542803
3.25,3.576115,3.3084717
3.0,3.5783675,3.0251803
2.45,2.9037244,2.5134223
3.0,3.1472816,2.97099
2.5,2.9724607,2.5099986
3.75,3.7131107,3.6829264
2.5,2.965227,2.507822
3.75,4.331439,3.8028834
3.0,3.2359252,2.948241
4.25,4.2249365,4.187941
3.0,3.1445928,2.960775
2.5,2.9767637,2.5390596
2.5,3.085555,2.5578706
3.75,3.759909,3.7300723
2.5,3.065643,2.5604904
4.5,4.410962,4.449786
3.1,3.0136135,3.0535529
3.25,3.5910757,3.310695
3.5,3.4902475,3.442486
3.1,3.4199486,3.100807
2.1,2.6426635,2.6228666
3.75,4.074809,3.786021
3.25,3.5466902,3.2617826
0.8,0.9759207,0.80332196
3.75,4.326684,3.8095963
4.5,4.4272833,4.446462
3.75,3.9534109,3.7632825
0.8,0.95982635,0.80360067
3.0,3.1580334,2.9703915
3.0,3.2514272,2.944583
3.75,4.0337133,3.7515433
3.0,3.0907254,2.9545846
2.5,2.9894438,2.5539196
0.8,0.9743887,0.797548
0.8,0.97914916,0.80428886
2.5,3.0721135,2.5677607
2.5,2.9251637,2.540436
4.5,4.1834908,4.473804
2.5,3.0855012,2.5677607
2.0,2.6626012,2.0217488
3.25,3.5051506,3.2673864
2.0,2.6584375,2.0217488
3.0,3.2689004,2.9893107
3.0,3.0922136,2.953014
2.5,2.9250715,2.5344944
3.5,3.6376162,3.4828696
3.75,3.6914642,3.7632315
2.55,3.0136135,2.616236
3.0,3.3359132,2.9901938
2.5,2.9659207,2.5370328
3.0,3.1406798,2.9703915
3.0,3.3863132,3.0584881
3.75,4.3728,3.8106987
3.5,3.5813441,3.4833486
4.75,4.5899305,4.691645
3.0,3.5734544,3.0621932
2.0,2.6480193,2.0245647
3.5,3.5854115,3.442486
3.1,3.0136135,3.055151
2.55,3.0136135,2.6170678
2.5,2.9524145,2.5418882
3.0,3.1400743,2.97099
3.25,3.5798934,3.319156
2.5,2.933705,2.5338075
4.75,4.582326,4.691645
3.75,4.115768,3.7804694
3.25,3.5578387,3.2411168
3.0,3.0762982,2.95296
2.5,2.9433434,2.542401
4.0,3.7194664,3.9278138
2.45,2.996912,2.5135152
3.0,3.188654,2.9650517
0.8,0.9699749,0.8041381
4.25,4.1221886,4.1964564
4.25,4.1147985,4.1970277
2.5,2.9974027,2.5543745
2.5,2.954331,2.5369945
3.0,3.0730057,2.9540699
3.75,4.0221453,3.7675107
4.5,4.288884,4.469735
3.1,3.0136135,3.053475
3.5,3.6475105,3.473054
3.1,3.3813756,3.1012104
3.0,3.0700903,2.9727805
0.8,0.97932625,0.80456334
2.5,2.9971437,2.5553093
0.8,0.9748366,0.80441636
2.0,2.7089293,2.0245647
3.5,3.6105182,3.5541992
4.25,4.066348,4.195586
3.0,3.0925057,2.9727805
3.75,3.666906,3.7628388
3.0,3.200326,2.9611526
2.5,2.9320335,2.5419436
3.0,3.1708038,2.964046
2.5,3.0796857,2.559898
3.25,3.555257,3.263387
2.1,2.6345859,2.4537256
2.5,3.0179753,2.5370545
2.5,3.0671024,2.5686755
2.45,2.9073782,2.514249
2.45,2.9581413,2.5130188
3.5,3.598808,3.4820817
3.5,3.6187484,3.551581
3.0,3.236933,2.994233
0.8,0.9791897,0.8041432
3.25,3.587654,3.3151321
3.75,3.7396598,3.681663
2.2,3.0599194,2.240144
2.5,2.99683,2.5083568
4.5,4.4306173,4.446792
3.0,3.1579003,2.97099
3.75,4.3584824,3.8095963
4.25,4.1178875,4.1964564
3.0,3.268248,2.9901938
3.25,3.5481703,3.2435014
2.5,2.9279547,2.5083966
4.0,3.6672237,3.923318
3.0,3.2018094,2.9635885
3.5,3.5806386,3.4448903
3.75,3.7030785,3.7632315
4.25,4.232052,4.187941
3.75,3.730532,3.7258618
2.5,3.1575928,2.5437799
2.5,2.960203,2.5346236
3.0,3.078924,2.9541297
3.5,3.622034,3.550057
3.75,4.0669107,3.786021
3.0,3.0760407,2.9559922
3.0,3.2066486,2.9481857
3.25,3.569006,3.2583764
3.0,3.196966,2.9650517
4.5,4.35608,4.4483504
3.0,3.4530697,3.0618005
4.5,4.431918,4.446462
4.25,4.21527,4.1976256
4.25,4.119138,4.1970277
3.75,4.380704,3.8074677
2.5,3.075459,2.5661101
4.25,4.1107664,4.1970277
3.0,3.0717497,2.953315
3.0,3.0583267,2.9329426
2.5,3.140507,2.5437875
2.45,2.951635,2.5130188
3.0,3.2179728,2.9477835
2.5,2.9609537,2.5108445
4.5,4.4268484,4.4424467
0.8,0.9892044,0.8037572
2.5,3.0188386,2.5548544
4.5,4.323221,4.470302
2.5,2.9332724,2.507822
2.5,2.9676855,2.5108445
4.5,4.4481397,4.446462
2.5,3.088218,2.5610201
4.69,3.7434566,3.738671
3.0,3.152093,2.9703915
3.1,3.0136135,3.0552769
3.0,3.203063,2.9474518
3.0,3.0711226,2.9556148
3.0,3.3279407,2.994233
2.5,3.0612824,2.5673032
3.5,3.6012456,3.5520086
2.55,3.0136135,2.6163967
2.65,3.300437,2.7682192
2.2,2.8718326,2.231974
3.0,3.051928,2.9600117
3.75,4.0553303,3.7864137
3.25,3.5027523,3.1955426
2.5,2.952697,2.5092754
3.1,3.0136135,3.0528817
3.0,3.1160898,2.9647813
3.0,3.0742884,2.9526687
2.0,2.711296,2.0245647
3.0,3.2263703,2.9613302
3.0,3.2138538,2.9448996
2.5,2.9269419,2.5376844
4.5,4.305332,4.5057144
3.0,3.1866136,2.964046
2.5,3.1730847,2.5418596
7.6,7.7632895,7.604999
2.0,2.6513033,2.0245647
2.5,2.9454622,2.5364463
3.0,3.2590275,2.9901938
3.75,4.3035593,3.8068943
2.2,3.0709667,2.2381716
3.5,3.550304,3.4760358
3.75,3.7322652,3.681663
2.5,3.083269,2.563027
2.0,2.6745157,2.0217488
2.5,2.9392805,2.5419436
3.0,3.4149408,3.0570476
3.25,3.5478203,3.270176
2.5,2.9292238,2.53652
3.75,4.360038,3.8082995
3.75,3.743945,3.728885
3.75,4.3247194,3.8046918
3.0,3.0724573,2.9537528
2.5,3.126635,2.541944
3.0,3.0807033,2.9754167
0.8,0.97545373,0.797528
2.5,2.9846122,2.5092754
3.0,3.3582277,2.9901938
0.8,0.98517054,0.79454744
3.1,3.0136135,3.0535529
2.5,3.0213118,2.556811
3.5,3.5582983,3.475931
2.5,2.9703193,2.542401
0.8,0.9544016,0.80463463
3.75,3.7240531,3.6820154
2.5,2.9554133,2.5376
2.2,3.0735817,2.2381716
3.0,3.1028023,2.9560864
3.1,3.0136135,3.0531352
3.5,3.5333765,3.442486
3.0,3.0707984,2.955824
3.5,3.58637,3.4461205
2.5,3.086002,2.5610025
2.5,2.9789126,2.5092754
2.5,3.1388829,2.5410001
4.5,4.3213205,4.4684315
3.0,3.2687104,2.9959803
0.8,0.95830107,0.80360067
3.5,3.6298196,3.4448903
3.25,3.6020198,3.3096085
2.45,3.3282294,2.5129611
0.8,0.9784267,0.8003852
4.0,3.6982768,3.9241486
2.5,2.9520166,2.5357473
3.5,3.6093624,3.472513
3.5,3.5973094,3.4448903
2.2,3.0670156,2.240144
2.0,2.6559868,2.0271523
2.55,3.0136135,2.6200929
2.55,3.0136135,2.6218274
2.5,3.0784888,2.5673032
2.5,2.9301722,2.5358639
3.0,3.1348653,2.962064
4.5,4.4351645,4.4445705
3.5,3.6357965,3.473054
2.5,3.1189651,2.5409389
3.0,3.2231302,2.9966562
4.75,4.511405,4.688133
3.5,3.7305596,3.553261
3.5,3.6191967,3.472513
4.25,4.114631,4.1970277
3.75,3.9329789,3.7632825
3.5,3.5758727,3.55378
2.45,3.056878,2.5116842
3.5,3.6509547,3.472513
4.0,3.6880867,3.922863
4.5,4.402588,4.4442296
3.5,3.628332,3.551445
3.0,3.0660932,2.9324298
3.0,3.481056,3.0579169
3.5,3.5474563,3.442486
3.75,3.993407,3.7732828
2.5,3.0705323,2.560295
2.2,3.0723662,2.241374
0.8,0.9731809,0.8039869
3.5,4.0363684,3.56882
3.0,3.0769286,2.9727805
3.75,4.0331383,3.7520823
2.5,2.9647431,2.5108445
2.5,2.9353616,2.5368786
0.8,0.95984876,0.80357826
3.0,3.254927,2.9898517
2.5,2.9468875,2.507822
2.5,2.9749393,2.5092754
3.0,3.0598817,2.9529035
0.8,0.98229426,0.8035693
4.25,4.1044445,4.1964564
2.45,2.9359844,2.5141702
2.5,2.941611,2.5419436
4.5,4.3090477,4.5034204
2.2,3.1210313,2.240144
3.0,3.1773136,2.948241
2.0,2.6621332,2.0245647
2.5,3.0725555,2.561081
2.5,3.0572011,2.5637004
3.5,3.9838445,3.5682483
3.0,3.221746,2.9481857
2.5,2.9473317,2.5373397
3.0,3.079516,2.9727805
3.75,3.7541597,3.7296212
18.0,20.699198,17.974573
0.8,0.9830855,0.8041432
3.75,3.7349179,3.681663
4.25,4.296957,4.1868925
3.5,3.5980427,3.4908278
0.8,0.9838507,0.80516833
3.0,3.0434313,2.9329426
3.0,3.100722,2.9591377
4.25,4.065372,4.1958604
3.25,3.5810354,3.3075929
3.0,3.2675204,2.9907348
4.25,4.230482,4.1976256
3.75,4.0149355,3.7508194
3.1,3.0136135,3.0549767
2.2,3.076327,2.240144
3.75,3.6549113,3.7260308
14.0,13.481735,13.971361
3.0,3.0801167,2.9329426
2.5,3.0505836,2.5666733
22.5,20.570173,22.487755
2.0,2.692699,2.021214
3.25,3.5594866,3.2389474
3.25,3.5350792,3.206442
3.75,4.05568,3.7864137
4.25,4.2857347,4.1864996
3.75,3.7465737,3.7439067
2.45,2.9424963,2.514233
3.25,3.586692,3.3057647
2.45,2.970273,2.5138807
3.75,4.0566673,3.7864137
4.5,4.4351873,4.446792
3.25,3.5675423,3.310188
2.5,2.9355552,2.5364463
4.25,4.297255,4.1868925
3.0,3.0826015,2.9329426
4.5,4.421709,4.446462
2.5,3.061489,2.5677607
2.5,3.0215197,2.5561688
3.0,3.105608,2.9576845
3.75,4.0599637,3.7815173
2.5,2.922337,2.5347404
3.0,2.571619,2.8026497
2.5,3.074536,2.5615017
2.5,3.012436,2.55614
3.75,3.7327738,3.7413619
2.5,3.0326362,2.5092754
2.5,2.9811835,2.5367217
3.0,3.3281434,2.994233
3.75,4.033387,3.7650306
3.0,3.1869283,2.9614384
2.5,2.9721498,2.5099986
4.5,4.437169,4.445165
3.0,3.4448607,3.0584881
3.5,3.640906,3.5536075
2.0,2.647981,2.021214
3.1,3.3212306,3.1011126
4.0,3.6543963,3.9222622
3.0,3.251248,2.9637036
2.5,2.952022,2.535761
3.0,3.2650259,2.9959803
3.5,3.6314013,3.4461205
3.0,3.165536,2.9617326
3.75,3.717684,3.7273045
3.5,3.5475228,3.473866
3.5,3.5868688,3.472513
2.45,2.9526527,2.514249
7.6,7.6703215,7.604999
3.0,3.224989,2.9475558
3.25,3.543338,3.2439954
2.2,2.8085406,2.2299645
2.5,3.0846825,2.561205
3.5,3.5554967,3.4799047
0.8,0.99112225,0.8010036
3.75,4.3331127,3.8095963
3.0,3.0800526,2.9500415
2.5,2.9312723,2.5108445
2.5,3.1282005,2.541455
4.5,4.3359103,4.469171
4.5,4.4101014,4.446462
0.8,0.99668014,0.804098
3.0,3.2103674,2.964869
3.75,4.310567,3.805911
3.0,2.8467515,2.9518635
4.5,4.410164,4.446792
2.2,3.079391,2.2381716
2.2,3.079982,2.241374
3.0,3.2232094,2.9477835
2.5,2.9349961,2.5382855
3.5,3.616564,3.4448903
2.5,2.9125497,2.5368693
3.75,3.7548206,3.7315848
2.2,3.063992,2.2381716
0.8,0.9794748,0.80415297
2.2,3.1131616,2.2381716
3.0,3.3659096,3.0574403
3.75,4.318739,3.8095963
2.5,2.951967,2.5099986
2.2,2.8017416,2.2299645
14.75,18.044044,14.843804
4.0,3.7111614,3.924141
3.1,3.0136135,3.0504568
3.0,3.059566,2.9754167
3.0,3.0897686,2.9727805
0.8,1.0051973,0.80516833
3.5,3.610909,3.5660923
3.0,3.5051427,3.0618005
4.5,4.244017,4.4687395
3.75,4.056361,3.780946
2.5,2.9642653,2.5092754
3.0,3.1576376,2.9709263
3.0,3.200066,2.9966562
2.0,2.6966221,2.021214
3.0,2.623559,2.882257
3.0,3.279844,2.9898517
3.75,3.731071,3.6814005
14.75,17.823248,14.902351
3.1,3.0136135,3.052051
0.8,0.9939604,0.80516833
2.2,2.8651476,2.231433
3.0,3.0878677,2.9545846
3.25,3.5064223,3.2063475
3.75,3.9774585,3.7736754
4.5,4.3249407,4.4695396
3.0,3.0804996,2.9754167
0.8,0.97456604,0.80461836
3.75,4.017049,3.7521462
2.5,2.9213037,2.5359886
3.0,3.1371531,2.9610593
4.25,4.0667267,4.195586
3.1,3.0136135,3.052051
0.8,0.98989284,0.80516833
3.0,3.4514065,3.0618005
3.25,3.5705054,3.3171935
3.75,3.7128594,3.7266293
2.5,2.9308102,2.5377219
3.75,3.7289078,3.6794388
0.8,0.9561291,0.7962774
3.1,3.4275036,3.1018622
2.5,2.940141,2.5369945
4.25,4.2163343,4.1972327
3.0,3.254243,2.965851
3.0,3.1002898,2.956917
3.75,4.0419583,3.7736754
3.0,3.0746706,2.9754167
21.0,19.6929,20.985565
2.5,2.952623,2.5367668
2.5,3.1235795,2.5409389
4.25,4.0632906,4.195979
3.0,3.0841289,2.9535766
3.75,3.7783375,3.6820314
2.5,2.9213955,2.5099986
2.0,2.6239498,2.0259223
3.0,3.0863228,2.9562747
3.5,3.5436788,3.442486
3.75,3.7284114,3.7291973
2.5,3.0843034,2.562124
2.5,3.0421872,2.551658
3.75,4.0599637,3.7815173
3.0,3.3172133,2.9907348
3.5,3.5893884,3.442486
2.5,2.9475787,2.5083966
2.5,2.9929233,2.5092754
2.55,3.0136135,2.6166909
3.75,4.394516,3.8095963
3.1,3.0136135,3.053176
3.5,3.5837786,3.47096
2.5,2.9433115,2.537452
0.8,0.9676997,0.80360067
4.5,4.323732,4.4760065
3.75,4.0674314,3.786021
2.5,3.0785332,2.5686755
2.2,3.0592835,2.240144
3.25,3.5752091,3.3106568
2.5,3.117334,2.542278
15.0,18.882149,15.072627
3.75,3.708258,3.728635
3.0,3.0746257,2.9495134
3.0,3.1197462,2.9617252
3.0,3.1620786,2.97099
3.1,3.3844595,3.1013033
3.1,3.0136135,3.0543835
3.0,3.1943047,2.9611285
2.2,3.0846467,2.241374
4.25,4.1141024,4.2010407
3.0,3.0869274,2.9545846
4.5,4.343202,4.4723525
0.8,0.980662,0.8043037
3.1,3.3721223,3.100807
2.5,2.9189072,2.5083966
3.75,3.6814506,3.7632315
3.75,4.327131,3.801274
3.0,3.0843105,2.9541728
3.0,3.234126,2.9959803
2.5,3.162831,2.5409389
3.5,3.5530288,3.4777622
3.75,4.3434277,3.8096862
4.5,4.4110565,4.4401183
3.75,3.8817914,3.7638538
3.0,3.3598652,3.0574403
2.0,2.6977434,2.0271523
2.5,2.9726574,2.542401
3.75,4.0388174,3.753883
0.8,1.0002182,0.80410784
2.5,3.0640426,2.5673032
3.5,3.6379209,3.4461205
3.75,4.0294476,3.7674468
3.25,3.5752842,3.3075333
4.75,4.550473,4.6953235
3.5,3.8482468,3.5658417
2.2,2.8079543,2.231433
3.5,3.5664341,3.4916596
3.0,3.0655262,2.9530737
3.25,3.5495765,3.2626033
3.5,3.624836,3.472513
3.75,4.1138,3.7800767
2.55,3.0136135,2.615111
2.5,3.0659485,2.555641
3.1,3.0136135,3.0543835
4.75,4.4829884,4.691741
4.25,4.0702515,4.195586
3.0,3.0875823,2.9531734
2.5,3.0377445,2.5490668
2.5,3.0286245,2.5547931
3.5,3.5591848,3.4828825
2.55,3.0136135,2.6146312
3.75,4.309791,3.8095963
3.75,4.305975,3.8057485
2.5,3.1322434,2.54258
3.0,3.4647167,3.0621932
3.5,3.6180606,3.47096
3.75,3.7229266,3.680839
3.0,3.099448,2.9540684
3.0,3.1590652,2.97099
3.1,3.315408,3.1011126
4.25,4.113943,4.1964564
2.5,3.076804,2.5688236
2.5,2.9509134,2.5367668
2.1,2.5823994,2.9310627
2.5,3.0075035,2.5092754
2.55,3.0136135,2.6150498
14.0,13.187628,13.989223
3.75,4.03143,3.7540267
3.0,3.207889,2.948241
3.0,3.3564765,2.994233
3.0,3.0665278,2.9329426
3.75,4.0206914,3.7736754
2.5,2.9466224,2.5092754
3.0,3.2384796,2.9505627
3.75,3.7293217,3.6776152
2.5,2.9916933,2.507822
2.5,3.0314023,2.5092754
2.5,2.9545727,2.5368483
3.0,3.326003,2.9907348
3.0,3.0822277,2.9540155
2.2,2.8035126,2.2305055
3.5,3.5632842,3.4461205
2.0,2.6463685,2.0271523
2.2,2.8803222,2.231433
2.55,3.0136135,2.616613
2.5,2.9271088,2.5359888
2.55,3.0136135,2.6163967
3.75,3.7740486,3.7632315
3.0,3.0857677,2.956267
2.0,2.6942954,2.0218124
3.25,3.5585601,3.263387
3.25,3.5027523,3.1955426
3.75,3.7634146,3.6820314
0.8,0.99457824,0.8008491
2.5,2.8976357,2.5337565
2.0,2.6691911,2.021214
4.75,4.600621,4.6871142
2.5,2.9519632,2.5364463
2.5,2.9701874,2.5348082
0.8,0.9760021,0.8037723
0.8,0.9866464,0.7976205
4.0,3.7447066,3.9270034
4.75,4.492155,4.6888995
3.25,3.5495903,3.263881
3.0,3.1682827,2.964046
2.55,3.0136135,2.6170678
2.55,3.0136135,2.6163967
3.0,3.0798042,2.948634
0.8,0.9888277,0.8040712
3.0,3.1730523,2.9703915
2.5,3.0562658,2.5666733
2.5,3.1825447,2.5409098
4.25,4.295805,4.1868925
3.75,3.7367408,3.71887
8.95,9.781141,9.037719
3.75,3.9566114,3.7736754
3.0,3.3277647,2.9907348
2.5,2.9223137,2.507822
2.5,3.0041728,2.5561323
2.5,3.0912228,2.559505
2.5,3.0234017,2.5547931
2.0,2.6504421,2.0271523
3.1,3.0136135,3.051535
2.5,2.966757,2.5406399
3.75,4.05749,3.7864137
3.0,3.079783,2.9512725
3.0,3.1599479,2.9643664
2.5,2.9529774,2.5423458
3.75,4.372353,3.8078008
28.0,28.192099,26.583735
0.8,0.97262573,0.8037249
3.0,2.6308901,2.8422236
3.1,3.3868184,3.1016688
3.75,4.100831,3.7804694
2.5,3.087054,2.5686755
3.5,3.5737815,3.442486
3.75,3.762378,3.6814795
2.5,3.0617883,2.5671308
3.0,3.1516888,2.97099
3.0,3.168293,2.9635885
3.0,2.925931,2.9901938
0.8,0.98080534,0.80103594
3.5,3.502073,3.4948995
3.0,3.1936035,2.9470983
14.0,13.877253,14.384992
4.75,4.4984074,4.692071
3.75,4.4040203,3.8099263
3.75,3.9456937,3.7638538
2.5,2.917992,2.5083966
3.1,3.0136135,3.052051
2.5,3.093253,2.5417619
3.0,3.1049953,2.9727805
2.5,2.9278831,2.53365
4.25,4.2144623,4.18737
3.1,3.0136135,3.053176
2.5,3.1284215,2.5418596
0.8,0.98670006,0.79865056
4.25,4.0642557,4.195586
3.75,3.7617784,3.7278292
3.0,3.1539493,2.9650517
3.1,3.0136135,3.0535529
3.5,3.6249754,3.5562394
2.5,2.9283142,2.533493
0.8,0.97876763,0.8118198
3.75,4.0313454,3.752576
3.75,4.053833,3.7864137
3.75,3.7529438,3.7240384
2.5,2.9454906,2.5419436
3.75,3.7498071,3.730023
3.0,3.0650196,2.9317446
3.0,3.0627093,2.9754167
2.5,3.064159,2.5673585
3.0,2.5613453,2.8080833
2.5,3.0793285,2.5686755
3.75,3.7366846,3.681663
3.75,4.154208,3.7719102
4.5,4.266,4.468063
3.0,3.5845044,3.0251803
4.25,4.236696,4.187941
3.25,3.5466204,3.244779
3.0,3.0833862,2.952327
3.0,3.191083,2.964046
3.0,3.0710075,2.9543467
4.0,3.6601498,3.9226391
4.25,4.0592213,4.1970277
4.0,3.6711903,3.920923
4.25,4.1126432,4.2010407
3.0,3.1488924,2.9703915
3.0,3.0742738,2.9754167
2.55,3.0136135,2.614673
2.55,3.0136135,2.615566
0.8,0.9905293,0.79983544
2.0,2.6891496,2.0218124
2.5,2.9366648,2.543464
3.0,3.1558342,2.9709263
3.1,3.0136135,3.053098
2.2,2.817143,2.231433
3.25,3.5648353,3.325228
2.0,2.6152065,2.0271523
3.0,3.168285,2.97099
3.0,3.0733151,2.9328873
3.5,3.565903,3.4798088
2.5,3.0688324,2.5602844
3.0,3.1343088,2.958301
2.0,2.6261213,2.0259223
3.0,3.2551837,2.9959803
3.75,4.0686803,3.786021
4.25,4.3096266,4.1864996
3.75,3.7366173,3.7246127
4.5,4.433922,4.435073
2.5,2.9144635,2.5083966
2.2,3.0788157,2.241374
3.0,3.1435702,2.9703915
2.5,2.9283562,2.5083966
3.0,2.6364381,2.5695503
3.75,4.096551,3.7804694
4.75,4.552317,4.6876297
2.5,3.0099852,2.5092754
2.5,2.9448485,2.542592
3.5,3.8926914,3.5632794
3.25,3.5611184,3.3070805
4.5,4.2284145,4.4801025
2.0,2.6630716,2.0218124
3.75,4.356845,3.8096924
4.25,3.8552394,4.2010407
2.55,3.0136135,2.6218274
3.75,4.3045063,3.8073578
3.75,4.3379107,3.80795
3.1,3.3080997,3.1018782
4.5,4.2199717,4.4694266
3.75,3.707863,3.7294273
4.5,4.4383326,4.448711
3.0,3.0625436,2.932485
2.5,3.1037567,2.5409389
2.55,3.0136135,2.6118574
2.0,2.9866376,2.0245647
4.0,3.7059333,3.9241486
3.0,3.1766024,2.97099
3.25,3.547252,3.2427177
3.75,3.8994606,3.7638538
3.5,3.9676192,3.5634792
2.5,3.0058465,2.5563562
2.2,3.0614994,2.240144
3.75,3.7417982,3.7323027
0.8,1.0057164,0.8036603
2.65,3.5199754,3.200064
3.75,3.9510005,3.7736754
12.0,13.105732,12.002988
2.5,3.092558,2.5768042
3.75,4.3364887,3.8050027
3.75,3.7198937,3.6807423
4.0,3.6663098,3.9213612
2.5,2.9499993,2.537452
4.25,4.1224375,4.1970277
2.2,2.816007,2.231433
2.55,3.0136135,2.615496
2.0,2.6771073,2.0217488
3.0,3.1600077,2.9703915
3.0,3.0592923,2.9529035
0.8,0.99395216,0.80516833
3.1,3.3316522,3.1018782
3.75,4.067169,3.786021
3.25,3.5545952,3.2662144
3.0,3.5637329,3.021457
2.5,3.0864487,2.5620484
2.5,2.9478176,2.534092
2.55,3.0136135,2.6170678
3.5,3.5887058,3.4461205
3.0,3.080542,2.9329426
2.5,3.131185,2.5422857
3.0,3.1113148,2.9727805
3.5,3.553993,3.4909146
4.25,4.0237064,4.1972327
3.0,3.3877287,3.0574403
2.2,2.8226495,2.231974
3.75,3.7522986,3.7290423
3.5,4.0235577,3.5656016
3.5,3.9097855,3.5677607
4.25,4.0488834,4.1992755
4.25,4.2963734,4.1868925
3.1,3.0136135,3.0528817
2.5,3.0776682,2.5618055
2.0,2.6215434,2.0245497
4.25,4.2357626,4.18737
15.0,19.60578,15.110472
3.0,3.628727,3.0251803
3.5,3.5958402,3.4448903
2.45,2.968248,2.514233
3.0,3.2203114,2.9635885
2.5,3.0979846,2.535053
2.2,3.078969,2.240144
3.1,3.3450556,3.1020372
3.0,3.0677133,2.9741867
3.25,3.5803945,3.3061826
2.5,2.995803,2.5352108
2.5,3.073567,2.5644746
3.0,3.2819493,2.9959803
2.45,2.9442406,2.5138807
3.0,3.7099652,3.0251803
3.75,3.7569907,3.7278404
3.0,3.3184888,2.9893107
3.0,3.5589972,3.0236044
2.5,3.0900114,2.5678174
0.8,0.9958731,0.80418056
3.25,3.550328,3.2646646
3.0,3.4418287,3.0584881
3.75,3.9865227,3.7732828
3.0,3.2628677,2.9901938
3.0,3.1002486,2.9617865
2.0,2.624951,2.0271523
0.8,0.9708282,0.80360067
3.0,3.191493,2.964046
3.5,3.5758803,3.4817033
2.0,2.6419408,2.0245647
3.5,3.551535,3.4881415
3.0,3.068551,2.9553323
4.75,4.4913263,4.690684
3.0,2.574772,2.7645726
2.5,2.9486275,2.5317326
2.45,2.9150593,2.514249
3.0,3.151372,2.962468
3.75,4.110586,3.7804694
3.5,3.5726016,3.442486
4.5,4.358288,4.446558
3.75,3.771486,3.6814795
3.25,3.5553367,3.2406228
3.75,3.7823892,3.6818879
3.0,3.1759188,2.9645941
3.75,3.7223632,3.7269397
3.1,3.3286874,3.1011126
0.8,0.9840505,0.80516833
2.5,3.0752478,2.5673585
3.5,3.9052026,3.5655117
3.1,3.0136135,3.054376
2.2,3.0843158,2.241374
4.75,4.495813,4.696924
2.5,2.9731035,2.5099986
2.45,3.3367362,2.5145679
3.75,4.3673587,3.8086352
2.55,3.0136135,2.6156325
3.5,3.559171,3.47096
2.5,3.064449,2.567816
3.0,3.1651714,2.9470997
3.75,3.726199,3.7293043
2.55,3.0136135,2.615566
2.65,3.2850943,2.7660718
3.25,3.5544035,3.2406228
3.25,3.5528686,3.263387
2.45,2.9276907,2.5134223
4.25,4.0666513,4.195586
3.25,3.5522368,3.244779
2.5,2.978515,2.5354302
3.75,3.7188957,3.721436
3.5,3.5739803,3.473054
3.0,3.0890794,2.9560864
2.0,2.679805,2.0217488
3.0,3.1355283,2.95714
3.75,4.2909966,3.808725
4.25,4.256508,4.18737
3.5,3.57812,3.473054
3.5,3.6050005,3.472513
3.5,3.5726569,3.4448903
3.0,3.4635265,3.0618005
4.5,4.4186935,4.446462
2.5,3.0696468,2.5673032
3.0,3.2700462,2.966057
3.0,3.6440914,3.0251803
3.0,3.1580133,2.9709263
3.0,3.2462072,2.994233
3.0,3.5691898,3.0251803
4.5,4.393096,4.444223
2.45,2.9475565,2.5137527
2.0,2.64551,2.0245647
3.0,2.6951725,2.97099
3.75,4.30385,3.8073578
3.5,3.8592036,3.5655117
2.2,2.7765143,2.2305055
0.8,0.97323346,0.80516833
3.1,3.0136135,3.0542932
3.75,3.762191,3.7632315
3.0,3.0703366,2.9499948
2.5,2.918839,2.5083966
2.5,2.9981606,2.5561323
2.5,2.998879,2.5092754
4.5,4.444768,4.446462
3.25,3.5549529,3.2419004
2.0,2.6912026,2.0217488
3.1,3.0136135,3.0528817
2.0,2.696499,2.021214
2.2,3.0842853,2.240144
2.2,3.0826244,2.2381716
3.5,3.626271,3.569538
3.75,4.11213,3.7804694
3.1,3.0136135,3.0583124
2.5,3.0766675,2.567816
0.8,0.9870384,0.8037572
3.75,4.344287,3.8096862
3.0,3.3647652,3.0570476
3.75,3.7350235,3.6797073
4.5,4.374029,4.448711
3.0,3.0964785,2.9754167
3.0,3.2889638,2.9907348
3.0,3.0596628,2.9329426
3.0,3.0759552,2.951377
2.2,2.8568385,2.231974
4.25,4.2013073,4.1972327
2.5,3.001766,2.5553093
3.75,3.6870737,3.6812046
2.5,3.0731308,2.5605786
4.25,4.264159,4.1864996
3.75,4.001602,3.7736754
2.0,2.667371,2.0218124
2.0,2.9158418,2.0245497
3.0,3.2742677,2.9901938
2.0,2.665241,2.0218124
3.5,3.6011252,3.5645828
3.0,3.0680883,2.9754167
2.5,2.956427,2.5406399
3.5,3.5550888,3.442486
3.5,3.5987477,3.4461205
3.5,3.8516614,3.564215
2.65,3.2946498,2.7682192
2.5,3.1207337,2.5419087
2.5,3.076105,2.5610287
3.5,3.596118,3.4448903
4.75,4.499132,4.691741
3.75,3.719824,3.7305093
2.5,2.9331422,2.5083966
14.0,13.691463,13.909451
2.2,2.8464913,2.231974
3.0,3.2575548,2.9898517
2.5,2.9440074,2.5083966
0.8,0.9961161,0.80410784
3.75,3.7243264,3.680839
2.0,2.6768985,2.0218124
2.5,2.96793,2.5365405
2.5,2.9463353,2.5373347
3.0,3.3109438,2.9907348
4.75,4.5123634,4.6927476
2.0,2.6455023,2.0245647
3.0,3.0616748,2.9329426
0.8,0.99453163,0.80364406
3.0,3.0910926,2.9560084
3.75,4.019002,3.7614682
0.8,0.9857912,0.80495113
3.0,3.249929,2.948241
2.5,2.9384565,2.5367362
2.5,3.0850134,2.5615118
2.5,3.07323,2.569177
9.5,10.089688,9.484263
2.2,2.7891061,2.2305055
2.5,3.1960497,2.5425391
3.0,3.2817578,2.9907348
2.65,3.2828526,2.7660718
4.25,4.071043,4.195586
0.8,0.97828436,0.80516833
2.5,2.9658322,2.5373058
3.75,3.731842,3.6819525
2.65,3.161742,2.7660718
3.0,3.6836205,3.0267634
2.5,2.9306693,2.5083966
4.25,4.2335,4.1976256
3.0,3.0713208,2.951404
2.5,3.0920832,2.5598946
4.5,4.4139624,4.446462
3.25,3.548428,3.263387
2.55,3.0136135,2.6163967
4.75,4.503126,4.688943
2.0,2.6523495,2.0218124
2.5,3.0122864,2.5092754
4.25,4.2977886,4.1868925
3.5,3.599604,3.4461205
3.5,3.9230254,3.5655117
4.25,4.1162376,4.2010407
4.75,4.5717154,4.691741
4.25,4.1990414,4.1972327
2.5,3.0784483,2.568218
4.25,4.2179556,4.18737
3.1,3.337045,3.1015787
2.5,2.9077284,2.5335288
3.0,3.3148963,2.9893107
3.0,3.6408067,3.0251803
3.5,3.5563087,3.4922314
3.75,4.0474577,3.780946
2.5,2.964265,2.5083966
3.25,3.7471197,3.298789
2.5,3.0285244,2.5529063
2.45,2.924381,2.5136182
3.0,2.5951576,2.5417514
3.75,4.3192635,3.806301
3.1,3.0136135,3.0535529
4.5,4.3458023,4.471487
3.5,3.8534455,3.560708
2.0,2.6731586,2.021214
3.0,3.0705345,2.9754167
3.0,3.2621922,2.9901938
2.2,2.8305318,2.2299645
3.5,3.6005235,3.473054
4.25,4.1249495,4.200648
4.25,4.1246953,4.200648
3.5,3.5572746,3.509768
3.0,3.0634284,2.9727805
2.5,2.878719,2.5370834
3.0,3.252414,2.9959803
0.8,0.97023326,0.8035693
2.5,3.0725622,2.567816
3.75,3.7366173,3.7246127
3.0,3.0818224,2.9754167
3.0,3.0708184,2.9741867
3.0,3.060164,2.9727805
3.0,3.164977,2.9611785
2.5,2.995466,2.5548544
3.75,4.0410786,3.7540267
4.25,4.0634823,4.195979
2.5,2.9856346,2.5423458
4.5,4.4322095,4.4424467
2.2,2.827736,2.231974
3.25,3.5451381,3.2688982
2.5,2.9837844,2.5099986
2.5,2.964666,2.5363092
2.5,2.974894,2.5099986
2.5,3.008918,2.5398138
2.5,3.0893993,2.5678174
4.0,3.6852212,3.923318
3.0,3.235307,2.948241
3.5,3.6219888,3.4937851
3.0,3.6054027,3.021457
3.25,3.5813942,3.3061724
3.0,3.20297,2.9606526
2.45,2.9764268,2.514312
3.0,3.2067919,2.9635885
3.25,3.5817719,3.321196
2.2,2.8118582,2.2299645
4.0,3.6999717,3.9213
3.5,3.861611,3.5645506
3.75,3.7600129,3.7364788
3.1,3.0136135,3.051535
2.1,2.6203294,2.5539107
4.75,4.5096583,4.690684
3.0,3.1533809,2.97099
3.0,3.0598528,2.971408
4.25,4.110612,4.1964564
3.0,3.079433,2.9630835
3.0,3.336258,2.9907348
2.5,3.030911,2.557254
2.5,3.0649068,2.5612135
3.75,4.1308746,3.7804694
3.0,3.0819058,2.9556425
3.0,2.6320395,2.819316
3.75,4.321953,3.805581
9.25,9.496287,9.219445
3.75,4.015583,3.751478
3.0,3.3772626,3.0579169
0.8,0.98840797,0.785279
3.5,3.5463855,3.442486
3.25,3.5859952,3.2355175
3.5,3.5673208,3.4448903
2.45,2.9676118,2.5141702
2.5,2.9213865,2.5108445
3.0,3.0489588,2.9292846
3.5,3.8570397,3.5658417
3.25,3.7025115,3.2583764
2.5,3.1539545,2.5422857
4.0,3.7277508,3.922863
3.0,3.0824978,2.9560864
2.5,3.140219,2.5409389
3.75,4.028266,3.752576
3.75,3.6862166,3.7261283
2.0,2.6819463,2.021214
2.0,2.6716104,2.0217488
2.5,3.0030198,2.556057
3.0,3.4502869,3.0618005
2.5,3.1917958,2.5410001
3.25,3.5576653,3.260434
3.75,3.7595186,3.7275825
3.75,4.066663,3.7864137
2.2,3.072435,2.240144
3.5,3.863197,3.5572891
2.5,3.0085516,2.55614
3.5,3.620479,3.472513
3.0,3.4101667,3.0570476
3.5,3.6222491,3.5517225
3.25,3.5472333,3.203706
3.75,4.105885,3.7732828
3.75,4.0777044,3.7732828
3.5,3.6339447,3.5570493
0.8,0.9781347,0.8019824
9.5,10.076289,9.480421
2.5,2.9665117,2.5381289
4.5,4.385552,4.4446664
2.2,2.825596,2.2305055
3.0,3.1843958,2.9636507
3.25,3.5520697,3.263387
3.75,4.073496,3.786021
3.75,3.7229888,3.7249084
2.5,2.9973462,2.557858
3.0,3.0560026,2.9329426
3.1,3.3834298,3.1012104
2.2,3.0669904,2.241374
3.0,3.7267277,3.0251803
2.5,3.0375159,2.556461
3.0,3.0834782,2.9543018
2.0,2.6927087,2.0217488
3.5,3.6470163,3.472513
0.8,0.9795764,0.8040051
3.0,3.0936263,2.9629467
3.25,3.5352876,3.203017
3.0,3.2629564,2.9966562
3.75,3.7023199,3.7238615
3.0,3.0639372,2.9324298
0.8,0.9817338,0.79783267
4.0,3.6592422,3.921816
2.55,3.0136135,2.6154618
3.5,3.6297042,3.483689
3.0,3.2334523,2.9966562
2.0,2.6539292,2.0271523
3.25,3.668117,3.3094842
4.25,4.3098707,4.1864996
2.5,3.0085683,2.555763
4.5,4.4345493,4.44137
2.5,2.966487,2.5423458
3.1,3.0136135,3.0515962
2.5,2.9234414,2.507822
2.5,3.0789394,2.5627148
0.8,0.9943516,0.80516833
2.5,2.9788976,2.5417159
4.75,4.6066427,4.6909566
2.5,3.093051,2.5698621
2.0,2.6596208,2.0245647
3.75,3.7478526,3.7440898
3.0,3.3452454,2.9901938
3.75,4.055126,3.7864137
2.5,2.9766908,2.5432606
3.5,3.9137347,3.5567658
2.5,2.966845,2.5419436
8.95,9.469251,8.948832
2.5,2.9790127,2.507822
3.5,3.6506681,3.472513
4.25,4.062872,4.195979
3.0,3.239825,2.9588838
2.5,2.9725118,2.538275
3.0,3.1656158,2.9703915
3.75,4.358061,3.805581
3.5,3.5979187,3.4822872
3.75,4.3307014,3.8095963
3.0,3.4583323,3.0621932
2.5,2.9487534,2.5083568
3.75,3.7551584,3.7283318
2.5,2.944717,2.5083966
4.5,4.3117085,4.470385
2.5,3.000859,2.5423458
0.8,0.9888572,0.80410784
2.0,2.858759,2.0218124
3.75,3.7648332,3.736192
3.75,4.119981,3.7800767
2.2,2.813449,2.231433
2.5,3.074736,2.5677607
4.0,3.633305,3.923764
3.75,3.9420795,3.7632825
0.8,0.97683644,0.8035693
2.5,3.1913712,2.5441475
2.5,2.938325,2.5419436
2.5,3.1059685,2.5715063
3.1,3.3956742,3.1007442
3.0,3.075014,2.9529424
3.25,3.5591118,3.2611287
2.0,2.6598346,2.021214
3.25,3.5422015,3.2688982
3.5,3.6156824,3.47096
3.0,3.0563087,2.9522839
3.75,4.0690002,3.780946
2.5,3.0826178,2.5593069
3.0,3.2653573,2.9901938
2.5,2.9789062,2.542401
3.5,3.5488129,3.4792871
9.25,9.580818,9.223338
8.95,9.795479,9.033064
3.0,3.2619364,2.9901938
3.75,3.7300348,3.6819525
2.5,3.0179856,2.5092754
2.0,2.6709528,2.021214
3.5,3.5899215,3.4833682
3.5,3.5963495,3.4461205
3.75,3.7584088,3.724328
2.5,2.943363,2.5108445
4.75,4.5315924,4.691645
4.5,4.4240274,4.446462
2.0,2.630911,2.0271523
0.8,0.99782205,0.8037572
3.0,3.2606478,2.9625232
4.5,4.411227,4.446558
3.75,3.7183945,3.7304454
2.1,2.6350403,2.6439555
3.5,3.5917547,3.472513
4.5,4.450403,4.445495
3.0,3.246096,2.9959803
3.0,3.3269386,2.9907348
3.0,3.0642915,2.932202
4.5,4.2076592,4.418839
3.0,3.1651464,2.9643664
4.75,4.5536866,4.6907797
3.25,3.5779045,3.3032336
3.75,4.0685034,3.786021
2.2,3.058713,2.2381716
10.95,9.793037,10.839857
4.0,3.7494032,3.9270034
3.0,3.1011755,2.9541297
3.0,3.325963,2.994233
3.75,4.3248186,3.8095963
3.5,3.5624733,3.4448903
3.0,3.2713947,2.9898517
2.55,3.0136135,2.6181147
3.75,4.019393,3.7676477
2.5,3.0637305,2.567816
3.1,3.0136135,3.053978
3.0,3.3422384,2.9901938
2.55,3.0136135,2.620258
3.1,3.4271867,3.099795
2.2,2.885466,2.231433
3.0,3.1599512,2.97099
2.45,2.9253926,2.5137906
3.75,3.7867045,3.681535
3.1,3.0136135,3.055297
3.75,4.3951845,3.8072243
3.5,3.5741792,3.4844294
2.5,2.9518802,2.5083966
2.45,2.9348192,2.5136182
4.25,4.2325587,4.1976256
3.0,3.1823392,2.964869
2.55,3.0136135,2.6163967
2.2,3.091601,2.241374
3.0,3.68513,3.0251803
2.0,2.6090848,2.0259223
2.5,3.119526,2.542502
3.1,3.3749316,3.1029446
3.0,3.0700612,2.9324298
4.0,3.6629102,3.923318
3.75,4.048957,3.7525043
0.8,0.9987526,0.8041432
3.75,3.7296355,3.6807423
3.1,3.0136135,3.0535529
3.0,3.2686865,2.9901938
2.5,3.0002067,2.5108445
3.25,3.590598,3.2612
3.0,3.224471,2.96234
3.0,3.2123158,2.9481857
3.5,3.627046,3.47096
3.0,3.0674186,2.9328873
3.5,3.59119,3.4448903
2.5,3.126133,2.5460525
2.5,2.9422207,2.5372694
2.55,3.0136135,2.615566
3.5,3.6045892,3.482892
3.0,3.2770712,2.9959803
3.75,3.7209363,3.6807423
7.6,7.7172956,7.604954
2.5,3.0757728,2.5599546
3.5,3.5576646,3.4795525
3.0,3.2469046,2.9966562
4.25,4.204134,4.187941
3.75,4.020525,3.7663486
2.5,3.0024393,2.5092754
2.2,2.779108,2.2305055
3.0,3.3879642,3.0570476
3.0,3.2329996,2.9966562
2.45,2.9589975,2.5130568
3.0,3.1006067,2.9584975
3.25,3.5504935,3.244779
3.0,3.0728881,2.9605749
3.75,4.387821,3.7997289
3.0,3.4534693,3.0618005
3.0,3.1930335,2.964046
3.5,3.5709627,3.4448903
4.0,3.7046192,3.922123
3.25,3.5026915,3.2216902
3.75,3.7510908,3.7294884
2.55,3.0136135,2.6163967
4.0,3.7223403,3.922863
2.55,3.0136135,2.610659
3.0,4.0333858,3.0251803
2.5,2.9534519,2.5083966
3.5,3.5547142,3.494353
3.1,3.3688202,3.1012104
3.1,3.318419,3.1015787
2.5,3.0786495,2.5612595
3.0,3.2494354,2.9959803
3.75,3.7066832,3.6812046
3.0,3.0787787,2.9534013
2.5,3.0233793,2.5092754
2.1,2.5701663,2.6863859
2.5,2.945664,2.5108445
3.0,3.3303466,2.9893107
4.5,4.2299156,4.468581
2.5,2.9401336,2.5099986
3.5,3.5621257,3.4773164
4.25,4.1236744,4.200648
2.5,2.9907713,2.5092754
2.5,3.072724,2.567816
3.0,3.2224398,2.9959803
3.5,3.5813124,3.4858615
3.0,3.070581,2.9741867
3.0,3.0651252,2.950872
4.25,4.252929,4.18737
2.0,2.6988988,2.0257797
2.5,2.962798,2.5092754
4.5,4.4201794,4.445165
2.5,2.9061568,2.5083966
3.5,4.048005,3.563845
3.0,3.1669676,2.97099
2.2,2.8426747,2.2299645
3.75,4.33551,3.8095963
4.0,3.6744277,3.923318
3.5,3.5540683,3.4799323
3.0,3.256171,2.9620752
2.0,2.6781254,2.021214
8.95,9.398291,8.949075
3.0,3.0717287,2.9754167
3.25,3.6074288,3.3262408
3.25,3.5565875,3.244779
2.0,2.629006,2.0245647
3.0,3.3102598,2.9898517
2.5,3.0753777,2.567816
2.2,3.0734162,2.240144
3.0,3.250302,2.994233
3.0,2.620161,2.9282215
3.0,3.06853,2.9329426
3.25,3.5590389,3.3297875
0.8,1.0052676,0.8036603
3.5,3.6400244,3.5539417
4.5,4.3568344,4.446558
3.25,3.5645432,3.3131034
3.75,4.019989,3.75264
3.25,3.513199,3.2688982
2.45,2.9697995,2.5138807
14.75,17.45146,14.856104
3.25,3.547493,3.2418058
2.2,2.8393128,2.231974
3.25,3.5429702,3.263881
2.5,3.107593,2.5410001
4.5,4.3238173,4.4686346
2.5,3.0670211,2.5677607
21.0,17.256996,20.937405
3.0,3.2070694,2.964046
4.75,4.561674,4.6927476
2.5,3.034652,2.5092754
2.5,3.0779712,2.5576992
3.5,3.7829216,3.5658417
3.0,3.1590962,2.9470556
2.5,3.1289592,2.5429568
3.5,3.5774615,3.4461205
3.75,3.7006238,3.7632315
4.25,4.0623903,4.195979
2.5,3.1504967,2.5344145
4.75,4.2146626,4.6923227
3.75,3.7935483,3.7628388
2.5,2.9292176,2.534147
3.25,3.5392284,3.203017
4.25,4.2128887,4.18737
4.5,4.40864,4.4465513
3.75,4.06074,3.7815173
3.25,3.554499,3.269321
3.25,3.463394,3.2216902
0.8,0.98693657,0.80410784
3.0,3.1636777,2.965316
3.5,3.610151,3.5625353
4.5,4.413561,4.4465513
3.0,3.1821678,2.97099
2.5,3.1585407,2.5385568
2.2,2.7964737,2.2299645
3.1,3.3271358,3.1013818
2.0,2.923198,2.0271523
3.0,3.048295,2.9329426
3.0,3.1029444,2.9516864
2.5,3.0128994,2.5570488
0.8,0.9849938,0.80516833
3.0,3.060008,2.9523683
3.75,3.750446,3.7257974
3.0,3.1607785,2.97099
3.75,3.755913,3.7274866
2.45,2.9306474,2.5134223
2.45,2.9752872,2.5134223
4.25,4.2489157,4.18737
4.25,4.2669945,4.1864996
2.5,3.0709548,2.567816
2.55,3.0136135,2.6169899
2.0,2.691123,2.0245497
4.5,4.3908787,4.444223
3.5,3.968317,3.5656016
3.1,3.386041,3.1012104
3.0,3.1129096,2.971632
3.75,3.6944315,3.7274318
3.75,4.0865026,3.7804694
2.5,3.0719347,2.5610986
3.0,2.569836,2.800459
3.75,3.8947275,3.7638538
3.0,3.1548524,2.97099
8.95,9.391303,8.946178
3.0,2.8519356,2.931887
2.5,2.9418828,2.5365784
3.25,3.5612264,3.2411773
22.5,20.48657,22.307062
2.5,2.9806664,2.5510647
2.5,2.9879622,2.5099986
2.1,2.5849128,2.712777
3.75,4.3172064,3.8096924
0.8,0.97928715,0.7968114
18.0,20.579348,17.99591
2.55,3.00564,2.6190815
3.25,3.5454924,3.263387
3.75,4.0247536,3.7529285
2.5,2.9844942,2.5423458
0.8,0.97846556,0.8037248
3.75,4.3285446,3.8013778
2.0,2.7216527,2.0218124
3.0,3.3322294,2.994233
2.2,2.8341131,2.231433
3.5,3.611506,3.4461205
2.2,2.8276455,2.2299645
3.0,3.0612924,2.9754167
3.0,3.2772758,2.9608793
3.75,3.9356887,3.7632825
2.5,2.9585426,2.5373058
2.2,2.8580203,2.231433
3.0,3.0793884,2.9528768
3.0,3.0846243,2.9754167
3.5,3.6222491,3.5517225
3.5,3.6087415,3.5583925
3.25,3.5543356,3.2646646
2.45,2.9589746,2.5130188
4.0,3.6922927,3.927795
2.5,2.945657,2.5108445
4.25,4.277035,4.1864996
3.75,4.3955336,3.8078008
4.0,3.614306,3.9226391
3.5,3.5777833,3.442486
3.5,3.5392616,3.442486
3.0,3.2262414,2.9646788
2.5,2.9494882,2.5108445
2.5,2.9409575,2.5071583
2.5,3.1234398,2.5410001
2.5,2.9408596,2.5083966
3.75,3.7250605,3.6820154
3.25,3.5434017,3.2432723
3.0,3.0904365,2.9554152
3.5,3.9980807,3.563383
4.0,3.7068515,3.9213
3.75,3.714784,3.7266026
3.0,3.4919107,3.0621932
3.75,3.765158,3.7332587
2.5,2.9519327,2.5364463
3.5,3.5517929,3.442486
4.5,4.418968,4.44262
3.75,3.7126021,3.7293673
2.0,2.6659265,2.021214
4.25,4.198059,4.1972327
2.5,2.945395,2.5108445
3.5,3.8779144,3.5615165
4.5,4.1932507,4.4698796
3.0,3.080333,2.9542077
4.5,4.3190994,4.4701796
3.5,3.9100711,3.5618865
2.45,2.9853392,2.5134223
3.75,4.3204165,3.8095963
15.0,18.790163,15.074658
3.25,3.5759358,3.3169527
3.25,3.455992,3.1980064
4.5,4.38398,4.4490643
3.75,3.9605527,3.7632825
3.1,3.0136135,3.0511162
3.0,3.181389,2.9632256
8.95,9.48532,8.94926
28.0,27.673426,27.920883
3.1,3.0136135,3.0483425
19.75,32.941475,19.91799
3.0,3.085451,2.9541376
3.75,3.7248197,3.6812046
3.0,3.251384,2.9622598
4.5,4.346366,4.468566
3.75,3.753146,3.7302809
3.0,3.1911263,2.9650517
18.0,18.738306,17.986507
3.1,3.4290755,3.1016688
2.55,3.0136135,2.6160197
3.5,3.5504565,3.4784646
2.5,3.0676262,2.5599933
0.8,0.97206384,0.80360067
4.25,4.3092937,4.1868925
3.25,3.5553856,3.2383587
3.5,3.6433408,3.472513
3.25,3.5286467,3.203017
3.5,3.5726702,3.488497
0.8,0.97630775,0.8036213
3.0,3.2510204,2.948241
2.5,3.0743437,2.5607808
4.5,4.4123535,4.446462
4.75,4.5013986,4.6896043
3.1,3.0136135,3.0543835
2.2,3.0844364,2.241374
3.75,4.0467367,3.7422566
3.75,3.7699993,3.734045
3.1,3.0136135,3.051158
0.8,0.97192866,0.80378854
15.0,19.01752,15.06191
3.0,3.590935,3.0251803
0.8,0.98420894,0.7970014
2.5,2.9277747,2.5108445
3.5,3.6303847,3.549852
3.75,3.7189648,3.737735
9.25,9.760178,9.219445
3.0,3.3304534,2.9898517
3.0,3.0888622,2.952628
2.5,2.9813008,2.537452
2.5,3.062303,2.5670755
2.5,2.9530866,2.537452
2.0,2.6595817,2.021214
2.5,3.0075834,2.5092754
3.0,3.0942152,2.9512992
3.75,3.7347643,3.731152
3.1,3.0136135,3.0535529
3.75,3.747744,3.7334006
2.5,3.0075974,2.5553093
3.25,3.5527956,3.239839
3.1,3.0136135,3.054376
2.5,2.9407272,2.5083966
3.0,3.161197,2.9650517
4.5,4.404271,4.445501
2.2,3.085935,2.241374
3.0,3.0768354,2.9440913
2.5,2.9459038,2.5419436
3.1,3.3905687,3.1012473
4.5,4.4020357,4.4426136
3.0,3.1527474,2.97099
3.0,3.0855885,2.9523826
0.8,0.9920325,0.80369353
0.8,0.9960369,0.8035693
3.5,3.6215408,3.473054
4.25,4.270005,4.1864996
3.0,3.2087846,2.964869
3.25,3.540814,3.2659452
3.0,3.2354395,2.9477835
2.0,2.680726,2.0218124
3.75,4.055237,3.7864137
3.75,3.7156565,3.7245266
3.1,3.0136135,3.0535529
3.0,2.9144096,2.9636257
2.5,2.95213,2.542401
0.8,0.99692917,0.8037572
2.0,2.6738849,2.0218124
3.1,3.3149643,3.1015787
3.75,3.7256625,3.7293856
3.0,3.0705757,2.9576097
3.5,3.6270318,3.47096
3.0,3.0700846,2.9500945
3.75,4.0184546,3.766728
3.0,3.1618028,2.9650517
3.0,3.2324767,2.9460087
3.0,3.0884252,2.9563713
2.5,2.926189,2.507822
2.0,2.6501017,2.0259223
3.5,3.9666116,3.5623233
3.5,3.6192327,3.4448903
4.25,4.110237,4.1970277
3.5,3.9867535,3.5656016
3.0,3.05528,2.9328873
4.5,4.3689737,4.4465513
2.5,2.961265,2.5099986
2.5,2.9669793,2.5092754
3.0,3.2347224,2.964327
2.5,3.1241066,2.5398138
2.5,2.9196827,2.5359888
3.0,3.0887928,2.9576068
3.25,3.5547073,3.3091762
2.5,3.0230236,2.5092754
4.25,3.9918168,4.195084
2.5,3.0784416,2.5686755
3.0,3.0984464,2.9754167
2.5,2.9325366,2.5369945
3.75,4.0709743,3.786021
3.0,3.092281,2.9754167
4.0,3.6592875,3.921816
2.5,2.9459922,2.5099986
2.5,2.9731379,2.5354757
2.5,2.9441552,2.537452
3.1,3.0136135,3.053098
3.75,4.0387096,3.7638686
3.0,3.4970744,3.0570476
2.5,2.9992251,2.55614
3.5,3.9935453,3.5554447
2.5,3.0706117,2.5686755
2.0,2.6420302,2.021214
3.5,3.612607,3.5566957
3.75,3.747976,3.7632315
3.0,3.2214823,2.9959803
2.5,2.9148164,2.5108445
3.0,3.0835638,2.9727805
3.0,3.2384784,2.994233
3.0,3.1548352,2.9703915
2.45,2.9630215,2.5130568
3.0,3.0727086,2.9529057
2.5,3.079587,2.5612283
3.0,3.2462568,2.9898517
3.5,3.637166,3.4461205
2.5,3.0791268,2.5617151
4.0,3.6563947,3.921816
2.5,2.930962,2.5092754
3.25,3.51873,3.2583764
4.5,4.3650513,4.468874
3.0,3.3103375,2.9898517
2.5,3.074284,2.5665731
3.0,3.219042,2.9635885
3.0,2.6148293,2.7491176
3.25,3.5638206,3.2419004
3.0,2.6156657,2.6226795
0.8,0.9897056,0.8009525
3.0,3.2124262,2.9966562
3.1,3.4196644,3.1003826
3.75,4.032796,3.752576
3.1,3.0136135,3.0523944
3.75,3.7222617,3.680839
3.0,3.0709136,2.9529057
2.5,3.0731502,2.5589151
3.75,3.7462091,3.681573
3.5,3.6539042,3.47096
3.1,3.0136135,3.054376
3.5,3.548927,3.4448903
3.75,4.0895796,3.7732828
2.5,2.973346,2.5353532
3.0,3.065018,2.9328873
3.0,3.0899322,2.9581923
3.5,3.750879,3.5473552
0.8,0.9723044,0.80357826
0.8,0.9896183,0.80340624
2.5,3.081222,2.5610268
3.75,3.9392483,3.7638538
7.6,7.587695,7.604954
3.0,3.059844,2.9311008
3.5,3.5713806,3.472513
0.8,0.98464715,0.80275476
2.2,3.0744154,2.2381716
3.0,3.1006868,2.9512672
3.5,3.9434676,3.5655117
3.5,3.8092027,3.564215
2.0,2.679829,2.0218124
3.5,3.628978,3.5504842
3.75,4.0624104,3.7732828
3.0,3.161019,2.9709263
3.1,3.0136135,3.0484908
3.0,3.2400885,2.948241
3.0,3.2742972,2.9901938
3.1,3.3739166,3.1017992
0.8,0.98439217,0.79631615
3.1,3.4161446,3.1012104
4.5,4.3929405,4.446501
2.0,2.6452665,2.0245647
2.5,2.6008015,2.5288494
3.0,3.0882006,2.9727805
4.75,4.5642166,4.691741
3.5,3.61606,3.4448903
2.5,2.9263954,2.5083966
0.8,1.0002043,0.80410784
2.5,3.0706427,2.5686755
0.8,0.9816278,0.8042964
3.0,3.1639385,2.9650517
4.25,4.1102076,4.2010407
2.2,2.8148274,2.231433
3.75,3.288147,3.6793687
3.0,3.0496743,2.932485
0.8,1.0076479,0.80516833
0.8,0.95652384,0.80360067
0.8,0.98129463,0.80395615
3.5,3.5737972,3.442486
2.5,2.943901,2.53773
4.25,4.1185856,4.1964564
3.0,3.151527,2.97099
3.5,3.8599565,3.5658417
2.1,2.5963225,2.587207
4.75,4.497613,4.6894126
3.5,3.619159,3.5531256
4.0,3.7011638,3.9241486
0.8,0.9828776,0.8011466
2.0,2.6808636,2.0245647
3.5,3.5926192,3.4461205
4.0,3.6854649,3.9213612
4.5,4.436926,4.446792
3.75,3.766446,3.7280416
2.5,3.0741818,2.5670755
2.5,2.944051,2.5344126
2.45,2.9526148,2.514312
3.0,3.259458,2.9959803
3.5,3.6008625,3.4825487
3.0,3.2534246,2.9959803
2.5,3.072599,2.5665123
2.5,2.986336,2.5557983
4.5,4.3968887,4.446462
3.75,3.7290215,3.7628388
3.0,3.0620565,2.9540095
2.5,2.9507802,2.5417159
2.2,3.0729253,2.240144
3.5,3.6087646,3.5531518
2.0,2.670684,2.0218124
3.75,4.315214,3.8095963
3.0,3.0798488,2.9528506
4.5,4.2869205,4.470591
4.25,4.1172476,4.200648
3.5,3.6286435,3.552142
3.75,3.711228,3.7266603
3.0,3.258528,2.9959803
2.45,2.967823,2.5138807
3.75,3.7161858,3.6823502
3.75,4.1134615,3.7800767
2.5,3.1212478,2.541455
2.45,2.9643435,2.514233
3.75,3.7379575,3.6814005
3.0,3.068102,2.9324298
2.5,2.9870946,2.5365367
3.0,3.312623,2.994233
3.75,3.7398996,3.681663
3.0,3.2504783,2.994233
3.0,3.622455,3.0275993
4.25,4.1321106,4.200648
2.2,3.0947433,2.2381716
3.5,3.6146657,3.5500617
3.5,3.5668497,3.47096
3.0,3.2601748,2.994233
3.75,3.940653,3.7632825
3.5,3.5570443,3.4448903
2.5,3.0104742,2.5099986
3.0,3.0876586,2.9560864
3.5,3.8387856,3.5783186
2.0,2.6753848,2.0245647
4.25,4.0647664,4.195979
3.0,3.2137377,2.960722
3.0,3.3039064,2.9901938
0.8,0.9796071,0.7963487
3.0,3.0636797,2.9540942
3.0,3.2619257,2.960812
3.5,3.582367,3.442486
3.0,3.4559877,3.0621932
4.25,4.1278124,4.200648
2.5,3.0794644,2.563172
2.1,2.5870092,2.6823971
2.0,2.7059827,2.0218124
3.0,3.0704312,2.9727805
21.0,18.424257,20.997223
3.75,4.0675144,3.780946
2.2,2.7981277,2.2305055
3.75,4.062296,3.780946
2.5,3.0678496,2.5609765
3.0,3.2878985,2.994233
3.0,3.2156036,2.948241
3.0,3.1687474,2.9703915
3.75,3.7028744,3.7632315
2.55,3.0136135,2.6147342
2.2,3.089814,2.241374
3.5,3.61635,3.5504332
2.2,2.8072515,2.2299645
3.75,3.9421167,3.7638538
3.0,3.4633722,3.0574403
4.25,4.1061535,4.1970277
3.0,2.6097515,2.6026707
0.8,0.9821651,0.80378854
28.0,26.39615,27.823874
2.0,2.6864898,2.0218124
2.5,3.066234,2.5670755
3.0,3.0728488,2.9493914
2.2,2.7881184,2.2305055
2.5,2.9686577,2.5417159
2.5,2.9738007,2.5099986
3.5,3.5640461,3.4787724
2.2,3.084248,2.241374
2.5,3.0640404,2.5677607
2.5,2.9096522,2.5083966
0.8,1.0006101,0.80516833
2.5,2.9605699,2.542401
3.75,3.7160728,3.7266483
0.8,0.9823569,0.7998155
2.2,2.7892094,2.2305055
3.1,3.0136135,3.051158
0.8,0.9800208,0.80206656
3.75,3.6759567,3.6812046
3.0,3.059542,2.9741867
3.75,4.0379834,3.7514062
3.0,3.0829322,2.9545846
3.0,3.2019706,2.948241
2.0,2.633423,2.0245647
4.5,4.353634,4.44559
2.5,2.94341,2.537452
2.5,3.0070965,2.5544775
0.8,0.98549277,0.8035693
3.25,3.5555277,3.2405484
3.75,4.385125,3.8095963
3.0,3.604983,3.02466
2.2,2.8167033,2.2299645
0.8,0.9957926,0.80467576
3.0,3.1497188,2.9703915
4.25,4.0672817,4.195586
3.0,3.1382813,2.9649055
3.75,3.7866445,3.7632315
2.5,3.0255263,2.55614
3.75,4.3085365,3.7984266
2.5,2.938509,2.5367668
4.25,4.112403,4.2010407
3.0,3.0642967,2.9522562
2.5,2.8584714,2.5667603
3.75,4.0583267,3.7864137
7.6,7.7515087,7.604954
0.8,0.9758774,0.7963467
2.0,2.974631,2.0218124
2.5,2.9477718,2.542401
3.5,3.5473115,3.4779832
2.5,3.0963614,2.542125
3.25,3.5494843,3.263387
3.0,3.0665889,2.9329426
2.45,2.9355888,2.514233
2.2,2.830656,2.231974
0.8,0.95472807,0.80386686
4.5,4.312005,4.4693384
3.25,3.5817723,3.3101575
3.1,3.0136135,3.0543835
2.5,2.9711382,2.5440547
0.8,0.9895165,0.8044074
2.55,3.0136135,2.615111
3.75,3.7173026,3.7261875
2.2,3.055225,2.2381716
3.25,3.569795,3.31268
2.5,2.9543064,2.5419436
3.1,3.386468,3.1012104
3.5,3.6390874,3.473054
3.5,3.5494874,3.4799433
4.5,4.244618,4.4665546
3.5,3.8681648,3.5655117
2.45,3.1611338,2.5097945
3.1,3.0136135,3.053098
2.5,3.0207314,2.5547931
3.75,3.6922705,3.7194393
3.5,3.5671957,3.472513
3.25,3.5399032,3.2680433
3.1,3.338785,3.1008449
2.5,3.1190264,2.5434105
2.2,3.093107,2.240144
4.25,4.25131,4.18737
4.25,4.064376,4.195586
2.2,3.0848002,2.241374
0.8,0.99246645,0.8034785
3.0,3.087794,2.9560864
2.5,3.0088372,2.5092754
3.0,3.566086,3.0618005
2.5,2.9464474,2.5438662
4.5,4.344474,4.4695396
3.75,3.723512,3.6810317
10.0,10.849071,9.999554
3.75,4.110803,3.7804694
2.2,3.167592,2.236799
2.5,2.9137769,2.5359888
3.0,3.07016,2.9324298
2.5,2.9432034,2.5367668
3.1,3.0136135,3.0495868
2.2,2.7857394,2.2299645
3.0,2.6139808,2.6074264
2.55,3.0136135,2.6131966
2.5,2.9461772,2.5338185
3.0,3.2373242,2.994233
4.0,3.691254,3.9213
2.2,2.8082676,2.231433
3.75,3.7039897,3.7268867
2.5,3.1331112,2.5410373
2.5,3.0636282,2.5677607
3.0,3.1162536,2.959427
3.75,3.7151916,3.7267492
3.0,3.123528,2.9966562
3.5,3.5518048,3.442486
3.75,4.0551577,3.75623
3.0,2.6320262,2.8440113
2.5,3.0796282,2.557367
3.0,2.543899,2.7870462
0.8,0.9660865,0.7999328
2.45,2.9665394,2.5134223
0.8,0.9721006,0.8049162
3.25,3.5813735,3.3011458
4.5,4.422046,4.446462
0.8,0.9987304,0.8041432
3.75,3.9573982,3.7638538
0.8,0.97763765,0.8041544
2.2,3.0947902,2.240144
3.75,3.7246172,3.7398603
3.0,3.0726142,2.9504988
3.5,3.608581,3.6240735
2.5,2.9573386,2.5423458
4.75,4.5210238,4.6897535
3.0,3.0790415,2.9741867
3.0,2.633751,2.8472576
3.0,3.2080376,2.948241
2.5,3.083024,2.5661101
4.5,4.4307413,4.4427767
2.2,2.8053894,2.231974
3.0,3.1573577,2.97099
3.75,3.7513509,3.730488
3.0,3.620101,3.0251803
3.5,3.6070802,3.5519774
3.0,3.4300957,2.9741867
3.0,3.3528461,2.9907348
2.45,2.9505389,2.5145679
2.0,2.6179125,2.0259223
8.95,9.41984,8.9437065
3.0,3.6211329,3.0237927
3.5,3.8845284,3.5636094
2.5,2.9720979,2.5108445
3.1,3.3460078,3.1020372
2.5,3.0859761,2.541385
4.0,3.7361238,3.925669
2.5,3.076896,2.567816
3.75,4.386109,3.805211
3.0,3.1383998,2.9614735
2.2,3.0522318,2.240144
3.0,3.2298675,2.9635885
4.25,4.116276,4.1964564
3.0,3.1557002,2.9643664
0.8,0.9677422,0.80450743
3.0,3.0669425,2.9741867
3.75,3.9381135,3.7638538
3.0,3.061395,2.9328873
3.25,3.5728939,3.323286
3.5,4.0852256,3.565482
3.0,3.2490056,2.9648845
2.5,2.9496045,2.5373058
2.2,3.0868003,2.2381716
3.0,3.0826693,2.9741867
2.5,3.009584,2.5576417
2.5,3.075119,2.566618
4.0,3.6959054,3.9221594
2.5,2.9628077,2.5099986
4.75,4.510912,4.6860404
3.0,4.127611,3.02466
3.0,3.082477,2.9626648
3.0,3.152264,2.9703915
3.25,3.5551045,3.308078
3.75,3.9181821,3.7638538
3.5,3.5722427,3.4796865
3.0,3.1491673,2.9635885
3.25,3.5281162,3.2659452
3.25,3.5482082,3.2650902
3.75,3.7170913,3.7337031
3.0,3.1651137,2.9614384
2.5,2.95269,2.5368624
3.5,3.5494409,3.4804335
2.5,2.9534519,2.5083966
2.5,3.000641,2.5328665
2.5,3.0199814,2.5513065
3.0,3.0635295,2.9328873
3.0,3.2562685,2.9959803
3.0,2.571758,2.7911074
4.75,4.5217943,4.691975
2.0,2.65091,2.0218124
2.5,3.0734303,2.5613503
2.5,2.8114662,2.5312788
4.5,4.4178467,4.4476604
3.0,3.4439251,3.0579169
4.5,4.2738113,4.468889
2.5,3.0767236,2.5605698
4.0,3.7029994,3.9221184
3.75,4.32829,3.8095963
3.0,3.1710534,2.9966562
2.0,2.6649847,2.0245647
3.75,3.7173462,3.7378242
3.0,3.126988,2.9627645
4.06,3.568105,3.3550715
2.5,3.0819387,2.5615547
19.75,34.394176,20.185326
0.8,0.9822365,0.7960565
8.95,10.268149,9.037425
2.5,2.957862,2.5099986
3.75,3.7126179,3.719411
3.0,3.152069,2.964046
3.0,3.2219636,2.948241
3.5,3.5683577,3.4841084
4.0,3.6814485,3.9236736
2.45,2.9461465,2.514233
2.5,2.971517,2.534133
2.2,2.9043262,2.231433
3.0,3.3995318,3.0579169
3.0,3.0534306,2.930025
2.5,3.0658672,2.5666733
3.0,3.0556035,2.9727805
3.25,3.5487213,3.2646646
2.5,2.9884305,2.5099986
4.69,4.041542,3.769033
3.75,3.7402685,3.6819525
4.75,4.565958,4.6876297
3.0,3.8152795,3.02466
3.0,3.2692194,2.9893107
2.5,2.969402,2.537615
2.5,3.075254,2.5686755
3.0,3.0557942,2.9727805
3.75,4.066944,3.786021
3.75,3.7313604,3.7632315
4.0,3.7092726,3.920923
3.0,3.073799,2.9328873
2.5,3.086796,2.54258
3.5,3.5759158,3.442486
2.5,3.0612607,2.564158
3.5,3.5728934,3.4843228
3.1,3.4612255,3.1014023
3.1,3.373849,3.101665
4.25,4.21527,4.1976256
3.0,3.0782182,2.9510512
3.75,4.017517,3.7655659
3.5,3.9367304,3.5655117
2.5,2.942474,2.5363889
3.0,3.2158616,2.9645941
0.8,0.99866855,0.8037572
3.0,3.4633443,3.0621932
3.0,3.1654794,2.963267
4.5,4.2642393,4.470385
0.8,1.0008619,0.80516833
3.0,3.1463423,2.9709263
3.1,3.0136135,3.0543122
3.75,3.7562304,3.737631
3.0,3.3376155,2.9959803
3.75,4.0495377,3.7539482
3.1,3.0136135,3.053639
3.0,3.0911303,2.953265
4.25,4.1109343,4.2010407
3.0,3.0769057,2.9545846
4.0,3.6939409,3.9213
2.2,3.0848527,2.2381716
3.0,3.0617554,2.9741867
0.8,0.9950584,0.80397373
3.1,3.335492,3.1015787
3.5,3.8959675,3.5658417
3.75,4.362631,3.8095963
2.5,3.0540345,2.567816
3.75,3.773233,3.6814795
3.0,3.0704055,2.9547756
3.75,4.0549574,3.7815173
2.5,3.0073285,2.5561323
3.1,3.0136135,3.055904
3.75,3.9911606,3.7638538
3.0,3.1899626,2.9617336
3.1,3.383802,3.1008449
3.75,4.063762,3.780946
3.0,3.0797813,2.9741867
2.5,2.9467442,2.542401
2.5,2.9343355,2.5083966
2.5,2.9944353,2.5411582
3.0,3.1965847,2.9481857
3.25,3.4120874,3.2022333
2.5,3.0229824,2.5576417
2.5,3.0882642,2.5624106
3.75,4.305599,3.8057485
2.5,2.9433253,2.5374496
3.75,3.7687728,3.7293563
3.75,3.7089493,3.6812046
3.75,3.7300348,3.6819525
3.0,3.2403095,2.9898517
3.0,3.2316587,2.9710445
0.8,0.9961161,0.80410784
3.0,3.2299895,2.948241
4.5,4.4648876,4.4506855
2.45,2.936576,2.5134223
2.5,2.9585004,2.5099986
4.75,4.544298,4.687859
3.0,3.1675959,2.9633608
4.25,4.2812986,4.1864996
4.25,4.061765,4.195979
0.8,0.9729316,0.7994352
4.75,4.123854,4.692912
3.75,3.7324808,3.720116
2.5,3.0171912,2.5547931
2.0,2.6597614,2.021214
3.0,3.186261,2.9966562
3.0,3.293861,2.9907348
2.5,3.077908,2.567816
2.5,3.0937588,2.5610201
2.5,3.100361,2.5411782
4.5,4.4276934,4.444555
3.75,3.7301247,3.7475264
2.5,3.0204735,2.556811
2.5,2.9983644,2.5092754
3.0,3.4832036,3.0584881
2.0,2.6916213,2.0245647
2.5,3.032258,2.5556161
3.75,3.738138,3.725995
3.0,3.0732083,2.9501977
2.5,3.004708,2.5092754
3.25,3.5582678,3.2640817
3.0,3.2421927,2.9470983
2.5,2.9401708,2.5083966
3.5,3.5832179,3.4448903
3.0,3.4315789,2.9703915
3.0,3.2224739,2.947909
3.75,4.0558686,3.780946
3.5,3.6451073,3.5487015
4.25,4.2670155,4.187941
3.0,3.2524862,2.9959803
3.0,3.2560954,2.9477835
3.75,3.7017756,3.7632315
3.5,3.5339625,3.442486
2.5,2.9488833,2.5364463
3.75,4.11852,3.7800767
5.63,4.3342896,4.5152593
3.0,2.5936868,2.6394231
3.0,3.067902,2.9754167
3.0,3.2139523,2.9635885
2.5,3.1479657,2.540562
2.1,2.6246681,2.6071186
0.8,0.97083414,0.8041712
3.5,3.5876052,3.572963
3.1,3.3089037,3.1019847
3.0,2.6309073,2.845188
2.5,3.080855,2.564545
4.25,4.296874,4.1868925
3.0,3.0819771,2.9329426
4.0,3.6559746,3.9253833
0.8,0.9852551,0.79768276
3.75,3.757849,3.737584
3.0,3.557826,3.0236044
2.2,2.880262,2.231974
2.5,2.9330842,2.5083966
2.5,2.947879,2.5351803
2.5,3.158279,2.5463078
2.5,3.079385,2.5671308
3.0,3.2736175,2.9901938
2.5,2.9551342,2.5424032
2.0,2.6320078,2.0271523
3.0,3.1351151,2.9703915
3.0,3.2282207,2.994233
3.0,3.2870383,2.9959803
3.0,3.5696857,3.0251803
3.75,4.3043547,3.8045814
3.0,3.5942535,3.021457
3.0,3.3389535,3.0570476
3.75,3.7200081,3.6820154
2.5,3.0645494,2.5671308
2.5,2.968375,2.5357091
4.25,4.063235,4.195979
2.55,3.0136135,2.6158729
3.1,3.3901286,3.1018622
3.75,3.7551033,3.7327795
2.45,2.9571528,2.5134223
2.0,2.6099546,2.0271523
3.5,3.5600436,3.4883249
3.0,3.160916,2.9629033
2.5,2.95259,2.538275
3.0,3.2016568,2.9635885
3.0,3.0656507,2.9542077
3.1,3.2974358,3.101941
3.5,4.1464224,3.563845
4.75,4.4826994,4.6889052
3.0,3.3263817,2.994233
4.75,4.402392,4.694484
3.5,3.6246176,3.47096
3.75,4.0384884,3.7553334
4.0,3.656936,3.921816
2.5,3.0809152,2.5407112
4.25,4.3291006,4.1868925
3.0,3.0801017,2.9554152
3.0,3.0794363,2.9528122
3.75,3.728517,3.727655
3.0,3.0895107,2.9540155
3.5,3.5778143,3.4461205
3.5,3.6100924,3.472513
3.0,3.2875457,2.9959803
4.25,4.2333565,4.18737
3.5,3.6108434,3.4951813
4.0,3.6620147,3.921816
3.75,3.892039,3.7638538
2.5,2.99761,2.5337257
3.5,3.5569253,3.4795923
3.75,3.713523,3.680839
14.0,13.268406,13.932583
8.95,9.147305,8.946349
3.5,3.852303,3.563383
3.75,4.1364937,3.7732828
3.5,3.5533087,3.4792225
0.8,0.96169066,0.80360067
2.5,3.1243038,2.5387123
3.5,3.5840275,3.4848936
4.75,4.4996853,4.6894064
3.75,3.73472,3.6830978
2.5,3.0985882,2.5422857
3.0,3.3212066,2.994233
2.5,3.0560582,2.558054
3.5,3.6202865,3.4461205
3.5,3.633938,3.5574236
2.5,2.968755,2.5419436
2.55,3.0136135,2.6163967
3.25,3.5514655,3.2646646
3.5,3.607392,3.4852076
4.25,4.213845,4.18737
3.25,3.5550878,3.2609885
2.5,3.0747,2.5602717
3.0,3.057028,2.932485
0.8,0.9941053,0.8032906
3.0,3.0593588,2.9741867
3.75,4.0388126,3.7612672
3.25,3.5690753,3.2410455
3.0,3.5369952,3.0236044
3.5,3.7641716,3.5656078
3.1,3.0136135,3.054376
2.2,2.848443,2.231433
4.25,4.344281,4.1868925
3.75,3.9653776,3.7800767
2.5,2.9729238,2.5411541
2.5,3.1476197,2.542278
3.0,3.3304274,2.9907348
3.75,4.0643997,3.786021
4.5,4.346249,4.471984
3.0,3.228509,2.948241
22.5,20.497614,22.307062
2.5,2.950053,2.5083568
2.5,2.9258986,2.5099986
0.8,0.9888394,0.80369353
2.2,2.7975354,2.2299645
2.2,3.0880628,2.241374
2.55,3.0136135,2.6163967
3.75,3.7342181,3.6812975
4.25,4.251692,4.187941
2.0,2.7076452,2.0245497
3.25,3.554326,3.2649367
2.45,2.936817,2.5134223
3.0,3.053913,2.9754167
3.75,4.018548,3.748998
3.0,3.1110592,2.9530287
2.5,2.9580343,2.5338387
21.0,19.466843,21.036129
4.5,4.2317715,4.468906
4.5,4.3770256,4.444795
3.5,3.5757213,3.4895
3.0,3.2130995,2.9966562
3.5,3.6014223,3.4715009
3.1,3.0136135,3.052358
3.0,3.2340608,2.9457498
3.75,4.033417,3.746749
3.0,3.1493735,2.9703915
3.1,3.0136135,3.054376
3.75,3.715667,3.6814005
2.5,2.989366,2.55614
3.75,3.7183096,3.7338881
3.0,2.5885339,2.8080773
2.5,2.9429355,2.5386877
2.2,3.0600495,2.240144
4.25,4.107811,4.2010407
3.0,3.267252,2.9898517
4.5,4.2768373,4.4682126
3.75,4.036353,3.767871
0.8,1.000762,0.80410784
3.5,3.5967996,3.5680969
3.5,3.6154206,3.4715009
2.5,2.9497206,2.5099986
2.5,2.930225,2.5338075
2.5,3.0212243,2.556811
2.0,2.6574733,2.0271523
4.75,4.4956174,4.690678
3.0,3.5804691,3.0251803
18.0,18.593193,17.858934
3.75,3.9839737,3.7732828
2.5,2.9357243,2.5364463
2.0,2.6238058,2.0271523
3.0,3.070306,2.9526687
3.5,3.6060283,3.4461205
3.0,3.1658373,2.97099
3.75,3.7851768,3.681535
3.0,3.2102494,2.9448996
19.75,33.7811,20.483635
2.0,2.6481066,2.020355
3.0,3.145669,2.9617379
0.8,0.99118865,0.8037572
2.5,2.9353209,2.5359888
0.8,0.98527026,0.80355304
3.0,3.1723106,2.9703915
0.8,0.9775065,0.79928887
3.0,3.6685107,3.0251803
3.0,3.075639,2.9625428
2.5,2.9582777,2.5099986
3.0,3.0726247,2.9741867
2.5,2.9662976,2.538275
2.5,3.004292,2.5108445
2.5,2.9293869,2.5083966
4.25,4.1928654,4.1972327
3.1,3.0136135,3.0535529
3.0,3.2415907,2.9477835
3.0,3.0774908,2.9727805
3.0,3.0898054,2.9560864
3.5,3.5886579,3.4448903
3.1,3.4233394,3.1017992
2.1,2.6017282,2.6411612
3.0,3.9536269,3.0570476
0.8,0.9696883,0.7970328
2.5,2.9602702,2.534803
3.1,3.0136135,3.0529106
3.5,3.621591,3.5559435
3.5,3.6069453,3.5639257
3.75,3.7087142,3.7632315
3.0,3.2671328,2.9893107
0.8,0.9966986,0.80516833
3.0,3.1111727,2.9547365
2.5,2.9408598,2.5419436
3.0,3.0781665,2.951174
3.0,3.6195056,3.0251803
2.0,2.9866376,2.0245647
2.45,2.9690382,2.514233
0.8,0.9894458,0.8037572
2.5,2.9205697,2.5372212
2.2,2.8196044,2.2305055
3.5,3.6003587,3.4461205
2.2,2.8706455,2.231433
3.5,3.6125379,3.473054
3.5,3.8523428,3.5656078
3.0,3.4215822,3.0584881
4.5,4.4188395,4.448711
3.5,3.5643065,3.5022347
3.0,2.6280084,2.7930405
3.25,3.5269818,3.203017
3.75,4.0343304,3.767871
2.5,2.9510562,2.5369945
3.0,3.283438,2.9907348
4.75,4.5016127,4.693894
0.8,0.992002,0.80516833
3.0,3.306118,2.9907348
2.5,2.961456,2.5083568
4.5,4.4592304,4.446462
4.5,4.34641,4.4695396
4.75,4.4832487,4.6872773
4.0,3.6698725,3.924141
18.0,18.699757,17.953821
4.5,4.4449244,4.445495
2.0,2.6825714,2.0218124
3.5,3.6133091,3.473054
3.0,3.0633175,2.9537528
4.5,4.422325,4.4465513
2.5,3.0832212,2.5616486
3.25,3.547742,3.2435014
2.2,2.8252256,2.231433
3.75,4.332874,3.8099263
3.25,3.5901296,3.332214
2.55,3.0136135,2.6178985
3.1,3.0136135,3.053349
3.25,3.5889018,3.30347
3.0,3.1983476,2.9585862
2.2,2.8286173,2.231433
2.5,3.12388,2.5422857
2.0,2.6650188,2.0259223
3.0,3.4111853,3.0570476
2.2,3.0950456,2.241374
0.8,0.9855682,0.80516833
3.75,4.0286236,3.7659726
2.5,3.061768,2.5677607
3.5,3.5727773,3.478661
3.75,3.7085629,3.6812046
2.1,2.6431053,2.617194
3.0,3.1859434,2.9650517
3.75,3.7233627,3.6812046
2.5,2.9322517,2.5351064
3.0,3.0768182,2.9328873
3.25,3.5609472,3.2646646
3.0,3.1555123,2.9709263
3.0,3.2163901,2.9959803
2.2,3.0843487,2.240144
2.2,2.8197682,2.2299645
0.8,0.976164,0.80368495
4.5,4.3891697,4.440555
4.25,4.215329,4.1976256
15.0,19.027052,15.078068
3.75,4.0056906,3.7524347
2.5,2.9193969,2.5366373
3.5,3.6295078,3.472513
3.5,3.6435637,3.4461205
3.0,3.1786568,2.9481857
4.25,4.1091766,4.2010407
2.45,2.927965,2.514249
3.75,4.0201454,3.7675107
4.25,4.107071,4.1964564
3.75,4.0672054,3.786021
3.1,3.0136135,3.0535529
3.0,3.1203785,2.962135
3.75,3.6732635,3.7632315
2.0,2.6918168,2.0218124
3.25,3.523025,3.2727983
3.0,3.0590384,2.9292293
2.55,3.0136135,2.6154618
3.0,3.0804024,2.951662
3.5,3.5969064,3.4461205
3.0,3.3537998,3.0570476
3.25,3.5541635,3.263387
3.0,3.2513368,2.9893107
3.0,3.1509645,2.9703915
2.2,3.0750198,2.240144
2.5,3.1055803,2.542278
2.2,3.0765765,2.241374
3.75,3.6084325,3.7638686
3.25,3.506303,3.2673864
2.5,2.990399,2.5435972
3.0,3.3786325,3.0570476
3.0,3.0733712,2.9329426
3.5,3.5902998,3.555508
2.5,2.9446492,2.5369945
2.5,2.9670842,2.537452
3.5,3.6134865,3.4801865
3.75,3.7367043,3.7628388
4.5,4.249173,4.468581
2.5,2.9588056,2.5369945
4.0,3.6682951,3.9226391
45.0,34.01672,44.890102
3.1,3.4167056,3.1012104
3.1,3.4373715,3.1008449
3.5,3.574582,3.442486
3.0,3.3021526,2.9901938
3.25,3.5516055,3.2435014
2.5,3.0583115,2.564158
3.0,3.261093,2.9634356
3.75,4.345148,3.8086352
2.5,2.9343777,2.508626
9.5,9.92103,9.480421
4.0,3.6680677,3.923318
3.0,3.4323413,3.0584881
3.25,3.544443,3.2626033
4.25,4.229147,4.1976256
3.1,3.3820038,3.1012104
2.45,2.9356709,2.5136182
3.0,3.189241,2.9966562
2.5,2.9753542,2.5423458
3.0,3.218546,2.9637794
2.45,2.956152,2.5121844
3.0,3.5758302,3.0251803
3.0,3.48205,3.0570476
3.5,3.849626,3.5553682
3.0,3.1843133,2.9658747
3.25,3.4991305,3.2634864
2.5,2.921652,2.5364463
3.75,3.7132802,3.6807423
2.1,2.5816834,2.5841045
2.5,2.971404,2.5412583
4.25,4.066231,4.195586
3.0,3.6038945,3.0251803
3.75,3.7167819,3.7328858
2.5,3.06649,2.567816
3.75,4.309919,3.8086352
3.5,3.6195505,3.4448903
3.0,3.214204,2.96231
3.5,3.3844132,3.472513
0.8,1.0000181,0.8041432
2.1,2.5849783,2.682547
2.5,2.9412878,2.5375092
3.5,3.5692475,3.47096
3.1,3.3125477,3.1013262
3.5,3.5521834,3.4789214
3.5,3.6204355,3.551445
3.75,4.036008,3.7612672
4.25,4.1266794,4.200648
3.75,3.7556489,3.746401
0.8,0.9739268,0.8036213
2.5,3.0641136,2.5677607
4.75,4.565257,4.6928535
3.0,3.1807625,2.9628553
3.5,3.9218953,3.566704
3.1,3.0583458,3.1008449
3.75,3.7754197,3.7628388
3.75,3.690664,3.7280872
0.8,0.99710214,0.80410784
3.0,3.0628443,2.9328873
3.0,3.4239933,3.0579169
3.5,3.8642929,3.5666142
3.0,3.139612,2.9709263
2.5,3.0651546,2.5660548
4.0,3.6325495,3.9186237
2.0,2.6478477,2.0271523
3.1,3.0136135,3.051535
2.5,2.9232554,2.538548
3.75,3.7558672,3.7273605
3.1,3.0136135,3.051535
3.0,3.2555833,2.948241
3.0,3.7317402,3.0251803
4.25,4.116847,4.1970277
3.0,3.207816,2.9481857
3.5,3.6053312,3.472513
4.25,4.1081386,4.195586
2.2,2.9550314,2.231974
4.25,4.064328,4.195979
4.25,4.2393317,4.18737
3.0,3.1929567,2.9623818
3.0,3.0840783,2.9340055
2.1,2.570086,2.766545
3.0,3.1925454,2.964869
2.5,3.1383047,2.5418596
3.0,3.2632596,2.9893107
2.2,2.8907816,2.231433
3.5,3.5601141,3.473054
2.45,2.8971128,2.5136182
2.1,2.612779,2.5174947
3.5,4.1732507,3.557966
4.25,4.0650053,4.195979
3.75,3.71825,3.7241528
2.2,2.8282528,2.231433
28.0,27.558342,26.459393
3.0,3.2403953,2.9893107
3.75,4.3099923,3.8095963
3.25,3.607022,3.3070776
3.5,3.6041365,3.4813845
0.8,0.99508744,0.8041432
3.75,4.070942,3.7864137
3.25,3.7082636,3.337273
2.5,3.080074,2.5686755
3.5,3.8619277,3.564215
4.25,4.109316,4.1964564
7.6,7.517521,7.604954
2.5,2.956174,2.5099986
2.55,3.0136135,2.6147342
3.75,3.6871755,3.7261994
3.5,3.9663165,3.5656016
3.1,3.6102023,3.0999885
3.75,3.7329516,3.6808012
2.2,2.9040575,2.231433
2.5,3.0699797,2.5671308
2.2,2.7801447,2.2299645
3.75,4.066806,3.780946
0.8,0.9768796,0.79670197
3.0,3.1930263,2.9635885
3.5,3.5944746,3.4845507
3.75,4.302677,3.8096862
2.5,3.1735284,2.5409389
2.5,2.9395013,2.5083966
2.5,3.0275984,2.5547931
3.0,3.5690026,3.0251803
3.0,3.0804439,2.932944
4.75,4.4840803,4.689978
2.2,2.822336,2.231974
2.0,2.649564,2.021214
3.5,3.5965173,3.5504012
4.75,4.482534,4.690348
3.75,4.0660076,3.780946
3.75,3.983986,3.76569
2.5,3.0784378,2.5613503
3.0,3.0875385,2.9556315
4.5,4.232939,4.5060596
2.1,2.593654,2.7734156
2.5,2.928666,2.5099986
2.2,3.0833447,2.240144
4.0,3.6904485,3.9213
2.5,3.0542219,2.5637004
3.1,3.2943096,3.1019783
3.0,3.280849,2.9897916
2.45,2.9532812,2.51296
4.5,4.4493437,4.446792
3.0,2.6218007,2.9113593
3.0,3.5029433,3.0618005
2.5,3.0792637,2.567816
0.8,0.9781414,0.80378854
0.8,0.97807825,0.8041432
2.5,2.986208,2.5553093
3.0,3.5686095,3.0236044
3.0,3.0927691,2.9545846
2.5,2.9994648,2.5553093
3.0,3.0846424,2.9328873
2.2,3.1833804,2.240144
6.4,11.593018,6.4670153
2.5,3.065104,2.561207
3.75,3.7079842,3.73153
0.8,0.985433,0.8015312
0.8,0.9732696,0.7974644
2.5,2.9415653,2.5367668
3.0,3.1610656,2.9646955
2.2,3.0674963,2.241374
2.5,3.0004032,2.555714
3.5,3.598155,3.47096
3.5,3.6438513,3.472513
3.0,3.1645427,2.9633608
4.5,4.4035254,4.441447
3.0,3.274463,2.9616053
3.1,3.0136135,3.0516741
3.0,3.0741918,2.9349666
2.5,2.9495869,2.5351527
4.25,4.064205,4.195586
3.25,3.5833418,3.3207557
3.25,3.5213606,3.264764
3.0,3.0897894,2.9754167
3.0,3.0812047,2.95034
2.5,3.1085699,2.541901
3.0,3.0596771,2.9727805
3.25,3.5481734,3.2626033
3.0,3.2287953,2.9659498
0.8,0.97257864,0.80419654
2.2,2.8084831,2.231433
2.5,3.0191221,2.5561323
13.33,9.39856,13.263014
2.5,3.0726655,2.557303
2.5,2.9575114,2.5419436
2.5,3.1745718,2.5409389
2.5,2.9447162,2.5415127
4.25,4.240897,4.187941
3.0,3.2350762,2.9966562
3.0,3.074123,2.9741867
4.75,4.500044,4.687797
2.2,3.0600958,2.236799
3.75,4.401762,3.8099263
4.0,3.702801,3.9241486
3.5,3.650392,3.47096
2.5,2.92962,2.5364463
2.5,2.9802048,2.5420692
3.25,3.5466769,3.263881
3.0,3.239312,2.9649599
3.0,3.0795386,2.972814
2.0,2.69695,2.0218124
3.75,4.3425107,3.8095963
3.75,4.306698,3.811845
2.0,2.6853976,2.0245647
3.0,3.2691483,2.9907348
28.0,27.930964,27.981497
4.5,4.2177963,4.4679265
3.0,3.066041,2.932485
2.5,3.055745,2.5670755
3.0,2.6152718,2.8953834
2.5,2.9629395,2.542401
2.1,2.572718,2.4588597
19.75,35.30338,20.160215
2.5,3.1657453,2.5422857
3.0,3.2674682,2.9959803
0.8,0.9553982,0.80360067
3.75,3.7522566,3.7301865
2.5,2.9430318,2.5378025
3.5,3.83043,3.5604248
3.0,3.0856595,2.9533408
3.1,3.0136135,3.0543835
3.0,3.2765584,2.994233
3.75,3.7249043,3.6803768
3.0,3.2058167,2.9645941
4.5,4.392741,4.4475646
3.1,3.420641,3.1012473
3.0,3.0934024,2.9636202
3.75,3.7355125,3.6808012
3.75,3.9593947,3.7736754
3.0,2.5488849,2.7645693
2.5,3.132544,2.5422103
4.75,4.506952,4.691645
3.75,3.7148755,3.728822
2.5,2.9535332,2.507822
3.0,3.096299,2.9741867
3.0,3.203746,2.9620857
3.0,3.2252617,2.9966562
2.5,2.950383,2.5365717
3.75,4.0610685,3.780946
3.0,3.0724945,2.932485
3.75,3.7031262,3.7334368
3.75,3.7205358,3.7275388
3.25,3.542304,3.23688
3.0,3.1490614,2.9629529
2.5,2.9535992,2.535351
4.0,3.7052286,3.9241486
8.95,9.489428,8.94926
3.0,3.146783,2.962468
3.75,4.0735893,3.786021
3.0,3.5410964,3.0584881
3.5,3.600065,3.4461205
3.75,4.349852,3.8082995
2.0,2.6677222,2.0245647
3.0,2.6338286,2.8615222
3.75,3.9363616,3.7632825
2.5,2.963225,2.5423458
3.75,3.7169938,3.6820154
0.8,0.9850805,0.8044074
3.0,3.0728931,2.9741867
3.75,4.055201,3.7538111
3.75,3.7595894,3.7309031
3.5,3.5960073,3.4830356
2.5,3.0813818,2.5615547
2.5,3.0492764,2.5092754
3.0,3.2960835,2.994233
3.5,3.6054966,3.4461205
4.5,4.2458315,4.468581
3.0,3.1712976,2.9703915
3.5,3.5817044,3.486293
2.5,2.9600933,2.5099986
0.8,0.98380095,0.79987913
2.5,2.925847,2.5351527
3.75,3.7139566,3.7628388
4.75,4.548547,4.696613
3.0,3.2665203,2.9907348
2.2,2.804938,2.231433
3.5,3.6350558,3.472513
3.1,3.0136135,3.052358
22.5,20.608126,22.43813
4.25,4.239708,4.18737
3.1,3.0136135,3.052358
2.5,3.1562154,2.5403376
3.5,3.9121475,3.563383
3.75,3.7239225,3.6807423
0.8,0.9982147,0.8041432
3.0,3.2290435,2.9445276
2.5,3.1595976,2.5429568
2.2,2.8436124,2.231433
3.25,3.5479696,3.2427177
3.75,4.030265,3.7638686
0.8,0.98822916,0.80516833
3.0,3.0453439,2.9578059
2.5,3.0719373,2.5677607
2.5,3.0795686,2.5686755
3.75,3.7512257,3.7292454
2.0,2.6490517,2.0245647
2.5,3.0700665,2.5610178
3.0,3.080084,2.9322574
2.5,2.9848948,2.5099986
3.5,3.5664563,3.47096
4.25,4.1216154,4.200648
3.5,3.5509691,3.4797351
3.75,3.7486768,3.7264435
3.5,3.6001074,3.4833438
3.0,3.066089,2.932202
2.5,2.9645278,2.5083966
3.75,3.7328966,3.7320337
2.5,2.9750893,2.541945
2.5,3.065061,2.567816
3.75,4.1395864,3.7732828
3.75,4.056064,3.7815173
2.5,2.9457371,2.5355895
3.5,3.7656999,3.5655117
3.0,3.0591378,2.9536498
3.0,3.2161384,2.9959803
28.0,28.381733,27.937597
3.0,3.0693884,2.9727805
3.75,4.0595093,3.7815173
3.1,3.0136135,3.053176
3.25,3.547256,3.2646646
2.5,3.1913738,2.5403376
3.0,3.0875192,2.9324865
2.55,3.0136135,2.6173456
4.0,3.7048008,3.923318
3.5,3.6199863,3.5546038
3.0,3.333601,2.9893107
3.5,3.8720565,3.5652542
2.55,3.0136135,2.6158729
2.2,3.0716577,2.240144
2.0,2.6747856,2.0218124
2.0,2.6826441,2.0245647
2.0,2.65933,2.0218124
3.0,3.0740988,2.957294
2.5,3.183557,2.5450222
3.25,3.0188851,3.2384908
2.45,2.953135,2.5141702
2.5,3.0708783,2.5605955
3.5,3.5592663,3.4448903
21.0,19.412725,21.150597
3.75,3.743122,3.7632315
3.25,3.5503793,3.2411168
2.5,3.0629556,2.5622802
3.0,2.539205,2.7336838
3.75,4.0681076,3.7787042
2.5,2.9574509,2.5099986
18.0,18.463488,17.96607
3.0,3.069837,2.9526687
2.5,2.9596736,2.507822
3.1,3.0136135,3.052051
3.75,4.0706797,3.786021
4.75,4.4939194,4.690678
2.5,2.9139285,2.5108445
3.1,3.4164734,3.1012104
2.5,3.012002,2.5099986
2.5,3.0544405,2.5587938
3.1,3.0136135,3.0525048
3.25,3.5815759,3.3074253
2.5,3.0693376,2.5677607
3.0,3.3481283,3.0579169
3.0,3.6818323,3.0251803
3.5,3.5623868,3.500715
2.5,2.9378529,2.5397112
3.0,3.2548766,2.948241
3.0,3.148863,2.9598246
2.0,2.6345425,2.0245647
2.0,2.6392987,2.0245647
0.8,0.950668,0.805427
3.75,4.1074877,3.7800767
3.5,3.550839,3.4813907
2.5,2.939564,2.5108445
3.0,3.243473,2.946535
3.75,4.0544834,3.7864137
3.75,3.718747,3.7259274
4.0,3.6745214,3.9227726
0.8,0.99136424,0.7998991
3.25,3.5706415,3.3021853
2.5,3.0949473,2.546524
4.0,3.6525629,3.922941
3.0,3.2007844,2.9470983
4.5,4.3688445,4.4424467
3.1,3.3873825,3.1018622
3.5,3.6026986,3.476748
3.75,4.302919,3.8073578
3.0,3.2207787,2.948241
3.0,3.5302765,3.0574403
3.75,3.7323291,3.7320654
2.5,3.0774436,2.560185
3.0,3.2874408,2.9901938
3.0,3.073267,2.932485
3.1,3.3912525,3.1018622
3.75,4.0622215,3.7815173
3.5,3.607464,3.4833267
3.0,3.2986956,2.9907348
3.0,3.3583195,2.9901938
2.55,3.0136135,2.6170678
3.1,3.0136135,3.051535
2.5,2.9503703,2.507822
3.5,3.5481684,3.442486
12.0,13.529196,12.010064
0.8,0.9947881,0.80516833
4.25,4.0673275,4.195586
3.0,3.1856837,2.964899
2.5,3.0334291,2.5520844
4.25,4.1099215,4.2010407
3.0,3.258187,2.9959803
2.5,2.9736376,2.5092754
3.75,4.044245,3.7553334
4.25,4.2840195,4.1864996
3.75,3.7138412,3.7628388
3.1,3.0136135,3.0535529
2.5,3.1255727,2.5450222
3.5,3.5612042,3.5005503
3.1,3.383654,3.1013033
3.0,3.2579923,2.9893107
0.8,0.9709832,0.8038284
2.2,3.0799534,2.2381716
2.5,3.029119,2.5537534
2.45,2.9095697,2.5136971
3.5,3.6162305,3.472513
3.0,3.2247624,2.960433
2.2,3.0641882,2.2381716
2.45,2.9159455,2.514249
2.5,2.989887,2.5598361
2.5,3.0703974,2.560295
2.5,2.9400606,2.5339983
0.8,0.98125833,0.8035693
2.5,3.1429305,2.5429568
3.5,3.8463268,3.557889
3.25,3.5812976,3.3091037
2.5,3.0714607,2.5677607
3.5,3.625059,3.5589683
2.55,3.0136135,2.613163
2.2,2.8361266,2.231433
3.0,3.0668106,2.9741867
2.0,2.6741095,2.0217488
2.5,3.1639938,2.5422857
3.0,3.252366,2.9477282
3.75,3.7198954,3.7301717
14.75,17.864958,14.705982
2.5,2.961316,2.5419436
3.0,3.1347904,2.9631975
3.0,3.2144084,2.948241
3.1,3.0136135,3.0515962
3.0,3.5820212,3.0236044
4.25,4.271606,4.1864996
3.0,3.0866783,2.9754167
3.0,3.074976,2.9329426
2.5,2.9537141,2.5338387
4.25,4.1269054,4.200648
2.5,2.9479837,2.5372694
3.0,3.0788572,2.9741867
3.5,3.5834231,3.4715009
3.0,3.1738257,2.9703915
3.75,3.7530637,3.7265298
3.0,3.1024768,2.9540684
3.5,3.6193798,3.551191
2.5,3.0026011,2.5561323
2.5,2.952242,2.5099986
2.5,3.1150522,2.5422857
3.75,4.062434,3.7815173
4.5,4.4197874,4.446462
2.5,3.100069,2.5417619
0.8,0.9871757,0.79869866
3.1,3.3823225,3.1017992
3.25,3.579221,3.3036132
2.55,3.0136135,2.6170678
2.5,3.1795735,2.5412676
3.0,3.0667796,2.9754167
2.5,3.0221734,2.5592222
3.0,3.2201755,2.9481857
4.75,4.5245113,4.694224
0.8,0.97400045,0.80428886
4.75,4.510455,4.6881332
3.0,3.0638669,2.9741867
3.75,3.7434034,3.7632315
3.1,3.37291,3.1012104
2.5,3.1240826,2.5422857
2.1,2.6291726,2.4479876
3.5,3.5518985,3.4764235
4.75,4.5486383,4.6889052
3.0,3.0654902,2.9322574
3.5,3.5743968,3.4770956
3.0,3.135398,2.9709263
3.0,3.5959098,3.0251803
4.75,4.5706406,4.691645
3.5,3.9261303,3.5616639
0.8,0.9813798,0.8052217
4.25,4.235906,4.187941
9.5,10.126799,9.481319
3.0,3.1491315,2.97099
2.5,3.0046778,2.5423458
4.25,4.192004,4.1972327
3.5,3.6112616,3.557301
3.5,3.5619519,3.667068
2.0,2.6989574,2.0218124
3.5,3.593473,3.47096
3.25,3.5539849,3.2411168
2.5,2.9782271,2.5099986
3.5,3.7763054,3.5655117
3.0,3.1727371,2.97099
2.5,3.0338216,2.5556161
3.5,3.5599382,3.473054
2.5,3.066571,2.558141
2.2,3.0809262,2.2381716
2.5,2.9528987,2.5083966
2.5,3.0741692,2.565919
3.0,3.1662881,2.9703915
3.75,4.3027697,3.811845
9.25,9.666231,9.214263
3.5,3.5502632,3.4799752
3.1,3.405333,3.1016688
3.0,3.0740588,2.9741867
3.0,3.1802227,2.964869
3.0,3.4863183,3.0618005
3.0,2.9041452,2.9907348
2.5,2.9384546,2.5083966
4.0,3.7036703,3.923318
3.75,3.7753294,3.7632315
4.25,4.267594,4.1864996
3.5,3.6046476,3.472513
2.65,3.3707206,2.7660718
3.5,3.578021,3.4448903
4.75,4.495719,4.690509
3.0,3.2374663,2.9445276
3.0,3.0740051,2.9727805
2.5,2.978869,2.5361784
3.75,3.7419345,3.7356021
4.75,4.485794,4.6884565
2.2,2.890632,2.231974
3.75,4.316814,3.8099263
3.0,3.0607357,2.956917
4.25,4.316687,4.1864996
2.5,3.1647282,2.5431478
2.55,3.0136135,2.616613
3.75,3.7306745,3.6808012
2.5,3.0676622,2.5588737
3.75,4.29842,3.8047874
3.0,3.0634584,2.9741867
3.1,3.0136135,3.0528817
0.8,0.96905017,0.8039785
3.0,3.1666265,2.9703915
3.75,3.737521,3.735167
2.2,2.8160527,2.231433
4.5,4.3099775,4.469735
2.2,2.8224285,2.231974
3.5,3.8308222,3.5658417
3.5,3.839493,3.5655117
3.0,3.1514325,2.9709263
2.55,3.0136135,2.6170678
13.33,8.94524,13.261697
3.0,3.1025345,2.9560864
3.25,3.5631263,3.2376697
2.5,2.9271765,2.5419436
14.75,17.778711,14.849935
3.0,3.082924,2.9528768
3.0,3.1991565,2.9481857
3.0,3.02992,2.945388
4.0,3.7150834,3.9213
2.5,3.081303,2.5625093
3.0,3.0808754,2.951662
3.75,3.9777853,3.7638538
2.5,2.929851,2.507822
0.8,0.98914903,0.80419195
2.0,2.64684,2.0271523
3.0,3.1991305,2.9613562
3.1,3.0136135,3.0536492
2.5,3.0649068,2.5612135
3.0,3.1742635,2.964046
3.5,3.9028916,3.5618865
2.5,2.9546351,2.5108445
4.5,4.412958,4.446462
3.0,3.100286,2.974044
3.0,3.0728323,2.952614
3.75,3.7751276,3.6820314
3.75,4.32449,3.8095963
3.0,3.0713272,2.9526687
2.55,3.0136135,2.6180894
3.25,3.5495708,3.2654307
3.0,3.0987043,2.9754167
0.8,0.9754767,0.80378854
2.55,3.0136135,2.616613
3.0,3.17865,2.9635885
3.5,3.6322293,3.47096
3.25,3.533816,3.2071311
0.8,0.963321,0.80360067
3.0,3.881221,3.0209367
2.0,2.6424737,2.0245647
2.2,3.0862386,2.2381716
14.0,14.271036,16.42957
3.5,3.6201503,3.5682821
3.75,3.6481247,3.7632315
2.5,2.932616,2.5108445
2.5,3.066434,2.5578213
2.45,2.9311578,2.5136182
3.0,3.0736215,2.9511309
3.0,3.0807748,2.9754167
2.45,2.9153807,2.51296
0.8,1.0011914,0.8037572
3.75,3.908801,3.7638538
4.5,4.4072647,4.4465513
3.75,3.7586138,3.7362375
2.45,2.9346974,2.5141702
2.2,2.8447738,2.231433
2.5,3.0029948,2.5092754
2.5,2.9926147,2.5099986
3.5,4.303856,3.5642061
3.5,3.621734,3.5564709
3.75,3.786897,3.681535
2.2,3.074969,2.241374
3.0,3.1345866,2.962064
4.25,4.251075,4.187941
3.75,3.743084,3.7414193
3.75,3.748936,3.7266254
3.75,4.0200186,3.7732828
2.5,2.959158,2.5347438
3.75,4.3453465,3.8006063
3.75,4.3776827,3.806408
2.5,2.9764466,2.5379667
3.0,3.2912607,2.9598796
4.5,4.4030437,4.4442296
3.75,4.3189697,3.8095963
2.5,3.0859027,2.5686755
3.0,3.0867143,2.9554152
3.5,3.5534985,3.488301
2.0,2.6661346,2.0217488
0.8,0.98713493,0.79987913
4.0,3.7090483,3.923318
3.5,3.5622444,3.4762716
2.5,2.920134,2.5083966
4.5,4.314043,4.4483876
4.25,4.233535,4.187941
4.5,4.29852,4.4694037
2.2,2.8137755,2.2305055
2.5,2.9787855,2.5367668
4.75,4.5675306,4.688943
3.0,3.0700297,2.932485
3.0,3.4259152,3.0621932
7.6,7.9451885,7.604999
3.75,3.7497544,3.7632315
2.5,3.1221673,2.5409389
3.0,3.1882658,2.9959803
3.5,3.6562202,3.4829602
2.55,3.0136135,2.6191332
15.0,18.754967,15.088784
2.2,2.830858,2.231433
2.65,3.516512,3.2056584
3.1,3.0136135,3.0543835
2.5,3.0373569,2.5083568
0.8,0.96960896,0.8041432
2.2,3.082309,2.2381716
3.0,3.1903455,2.9635885
3.5,3.7819433,3.56362
3.0,3.2545006,2.9898517
3.75,4.340184,3.8095963
2.5,2.9842265,2.5371816
3.1,3.3399413,3.1020334
4.75,4.511216,4.691975
3.0,3.2712731,2.9959803
3.1,3.4408288,3.100807
3.0,3.0764933,2.9328873
3.5,3.9752944,3.56952
3.75,3.769837,3.681573
3.5,3.8660154,3.5636094
3.0,3.3114727,2.9898517
0.8,0.97178066,0.80357826
3.75,3.7183073,3.6820154
3.5,3.6473465,3.473054
3.0,3.0932446,2.9754167
2.5,3.1746435,2.5397518
4.5,4.270705,4.4682126
3.5,3.979474,3.5656078
3.25,3.524727,3.270176
3.0,3.0802708,2.9505835
2.5,3.0639825,2.566618
3.75,4.354417,3.8108048
3.25,3.5306823,3.203017
2.5,3.1542647,2.5422857
3.0,3.1586318,2.97099
3.0,2.5977015,2.770706
4.25,4.2321877,4.18737
4.5,4.4193435,4.457789
0.8,0.9686648,0.80459595
3.75,4.0578327,3.7815173
4.5,4.433626,4.446558
3.0,3.0638638,2.9328873
2.45,2.9720643,2.5137906
2.5,3.0152588,2.5547931
3.0,3.097154,2.9511602
2.0,2.6454957,2.0259223
4.25,4.297759,4.1868925
4.75,4.5189853,4.691975
2.0,2.646002,2.0245647
4.25,4.2191825,4.1976256
3.75,4.016302,3.7529285
3.5,3.5300534,3.4448903
3.0,3.1815672,2.9615917
3.75,3.698652,3.728102
3.0,3.389966,3.0579169
3.5,3.6226246,3.5594082
4.25,4.3286886,4.1868925
3.5,3.5727358,3.442486
3.0,3.0647075,2.9296715
4.5,4.2703485,4.4682126
0.8,0.9893544,0.8036213
3.0,3.7058163,3.0251803
2.5,2.9307613,2.5362556
3.0,3.0606277,2.960876
3.0,3.069043,2.9329426
2.65,3.4385233,2.7682192
3.75,4.092066,3.7804694
3.0,2.6262329,2.5789118
3.0,3.082265,2.9545846
0.8,0.97804797,0.8019824
4.75,4.5870275,4.691975
3.25,3.5883815,3.3129816
4.25,4.331974,4.1868925
3.5,3.5729864,3.477472
0.8,0.9827437,0.80428886
3.0,3.155665,2.97099
19.75,31.09424,19.867676
3.25,3.5199988,3.2781315
2.0,2.6470914,2.0218124
2.5,2.9538126,2.5360003
10.95,10.277225,10.836015
3.75,3.7573874,3.7256775
3.0,3.074265,2.9754167
2.5,2.9519644,2.5083966
3.25,3.5518444,3.239839
3.25,3.7819314,3.3090954
3.75,4.347022,3.8096862
4.0,3.7073681,3.9213
2.65,3.5870674,2.7461045
3.75,4.0620413,3.7815173
3.5,3.6146657,3.5500617
4.25,4.3357086,4.1864996
4.25,4.275283,4.187941
3.5,3.5214536,3.442486
2.5,3.0816603,2.5621157
2.5,2.959653,2.533263
3.75,3.9910474,3.7736754
3.75,3.7436855,3.7307148
3.1,3.0136135,3.0535529
7.6,7.7272797,7.604999
3.5,3.5796783,3.4847689
2.5,3.071721,2.5677607
3.75,4.332033,3.8099263
2.5,2.976966,2.5423458
3.75,3.7192307,3.6820154
3.0,3.2459674,2.9607275
3.5,3.6387217,3.4715009
3.0,3.1962075,2.9628193
3.0,3.078266,2.9754167
3.0,3.191879,2.9475005
4.25,4.113551,4.1970277
3.0,3.1406844,2.9703915
0.8,1.0023736,0.8041432
3.75,3.9807546,3.7736754
3.0,3.0858982,2.9754167
2.0,2.6607504,2.0259223
3.0,3.0701165,2.932485
3.0,3.1795774,2.97099
3.75,3.9057107,3.7638538
3.0,2.547475,2.7824342
2.5,3.1231303,2.5429568
4.25,4.1118736,4.1970277
3.0,3.0668247,2.9329426
2.5,3.0719671,2.5617218
3.5,3.6034281,3.4448903
3.0,3.0828648,2.962825
4.0,3.669765,3.9165277
3.0,3.0766783,2.9545846
3.0,3.160777,2.97099
2.0,2.6831253,2.0217488
4.75,4.500369,4.6897535
4.5,4.3694143,4.4563165
2.5,3.0590093,2.5595927
3.5,3.8516161,3.5613878
3.25,3.5700734,3.3354313
3.75,3.7322013,3.7400496
12.0,13.05521,12.02304
4.75,4.509864,4.6878033
3.75,3.7262692,3.7632315
0.8,0.98815143,0.80398744
3.1,3.4195259,3.1012104
3.5,3.6169708,3.4461205
3.5,3.8353977,3.5658417
3.0,3.6049414,3.02466
3.75,3.7299585,3.681663
21.0,19.179966,20.895731
2.45,2.9274735,2.5138807
3.75,3.9719849,3.7638538
2.0,2.6505315,2.0271523
3.5,3.88963,3.561669
3.75,4.0337133,3.7515433
3.5,3.5528514,3.4777524
3.0,3.2592788,2.9907348
3.0,3.106085,2.963158
4.25,4.2163496,4.1972327
3.0,3.074875,2.9754167
3.25,3.5731575,3.3059144
4.25,4.2658024,4.1864996
3.75,4.3175354,3.8096924
3.75,3.7448156,3.7298322
2.0,2.664101,2.0271523
2.5,3.0136135,2.5561323
3.0,3.262443,2.948241
3.5,3.5815055,3.442486
3.75,4.0626054,3.7815173
2.0,2.6386118,2.0271523
2.5,3.144874,2.5417619
4.5,4.2662725,4.4706116
4.25,4.1043577,4.1964564
3.5,3.5626812,3.4967086
2.5,3.060878,2.568007
2.5,2.944171,2.5364463
2.2,3.1082938,2.2381716
3.1,3.4102342,3.1013029
3.0,3.1576173,2.9966562
3.75,4.1115856,3.7804694
4.5,4.444304,4.455638
3.0,3.1414583,2.967386
2.5,3.153163,2.5431452
2.5,3.1394594,2.540562
3.1,3.0136135,3.0535529
3.0,3.2548559,2.9959803
3.0,3.5746093,3.0236044
4.0,3.7308967,3.926343
3.75,3.707423,3.6812046
3.0,3.3386796,3.0574403
2.5,3.0758617,2.5665731
3.0,3.1671119,2.964448
0.8,0.99018294,0.8034785
3.0,3.2302442,2.9477282
3.5,3.595465,3.545872
3.5,3.6279058,3.5631452
3.0,3.0543394,2.9311008
2.0,2.6473017,2.0218124
4.5,4.2650623,4.4670753
2.5,2.988632,2.5362315
4.25,4.1139627,4.2010407
3.5,3.5570319,3.4984674
0.8,0.9846678,0.80428886
3.0,3.25968,2.9893107
2.0,2.6337767,2.0271523
2.5,3.00886,2.55614
3.0,3.3630264,2.9907348
3.1,3.0136135,3.0528817
2.1,2.601636,2.7665474
3.5,3.9791932,3.5555315
2.0,2.616314,2.0259223
2.5,2.9330575,2.5369945
2.5,2.9663355,2.5083966
3.0,3.0667844,2.9329426
3.0,3.4812934,3.0621932
3.25,3.565275,3.2617114
4.5,4.359065,4.446558
3.75,4.337106,3.8099263
3.0,2.6189232,2.568218
2.5,2.94347,2.5364463
2.45,3.0111217,2.5138807
2.2,2.8955414,2.231974
2.5,3.1149035,2.5423145
3.75,4.3153787,3.8059711
2.5,2.938398,2.5108445
3.0,3.3361378,2.9901938
8.95,9.4619,8.947023
3.75,4.025937,3.7348313
3.25,3.5466204,3.244779
3.75,4.021792,3.7663486
15.0,18.847933,15.118794
3.0,3.1086721,2.9540684
3.0,3.207478,2.9966562
4.25,4.043274,4.2010407
2.0,2.6400785,2.0271523
2.5,2.9229765,2.5359888
3.75,4.0690465,3.786021
2.2,3.080882,2.240144
3.5,3.6588972,3.47096
3.25,3.5389473,3.2694528
3.0,3.086704,2.9754167
2.2,3.0836332,2.240144
3.25,3.5765264,3.3068922
3.0,3.073125,2.9539354
3.75,3.7533162,3.72718
2.5,2.9689267,2.5368733
3.5,3.5549557,3.4792671
3.0,3.1332982,2.9579828
3.0,3.155509,2.963267
3.25,3.543279,3.2654307
2.0,2.6682153,2.021214
3.5,3.5994537,3.47096
2.2,3.0909374,2.241374
3.5,3.5685189,3.4461205
2.5,2.9360561,2.5379467
3.0,3.1412601,2.9703915
3.75,3.6930373,3.729582
3.0,3.163717,2.9703915
3.0,3.078048,2.9754167
2.5,2.9543064,2.5419436
3.0,3.1545775,2.9643664
3.75,3.7238753,3.7281024
3.75,4.0639505,3.786021
0.8,1.0022993,0.80516833
4.5,4.4086113,4.446462
2.5,2.9711626,2.5365412
3.0,3.0718212,2.9626687
2.5,2.9589596,2.538275
3.0,2.6296763,2.5602639
2.5,2.955126,2.5099986
2.2,3.0635257,2.240144
2.5,3.0817018,2.559891
3.5,3.5399446,3.442486
3.25,3.5654213,3.307622
3.0,3.081321,2.95154
3.0,3.2694664,2.9901938
2.55,3.0136135,2.6178985
3.0,3.1395607,2.9966562
3.75,4.0703144,3.786021
2.0,2.6400685,2.0271523
8.95,10.380175,9.037425
2.5,2.9356647,2.5423458
3.75,3.7632885,3.731281
3.1,3.320928,3.1020334
4.25,4.1875925,4.1972327
3.0,3.6435091,3.0236044
3.0,3.194777,2.9658747
3.0,3.1913185,2.964046
0.8,0.9948317,0.80410784
2.5,3.072626,2.5644746
2.5,3.0880983,2.5740578
0.8,0.9964334,0.8035693
3.75,3.6742585,3.767871
3.75,4.10925,3.7800767
2.5,2.9568937,2.5418882
2.5,2.9753742,2.542401
0.8,0.9850737,0.80516833
3.0,3.1896334,2.9481857
3.0,3.0643363,2.951791
4.25,4.2397947,4.187941
0.8,0.9760692,0.8003215
2.5,3.2649202,2.5636067
4.25,4.055877,4.1970277
3.75,3.7702067,3.681573
0.8,0.9959177,0.80410784
3.5,3.6151469,3.5544126
2.0,2.6615992,2.0259223
3.0,3.151543,2.9622376
0.8,0.9733372,0.81325287
2.5,2.9702754,2.507822
2.5,2.9333632,2.5369945
3.75,4.017473,3.7509842
2.0,2.6594143,2.0245647
3.5,3.8510349,3.563383
0.8,0.9820156,0.8035693
3.1,3.0136135,3.0535529
4.0,3.7061455,3.923318
3.5,3.5536735,3.442486
2.2,2.9050946,2.2305055
2.5,2.9257982,2.5083966
2.5,2.962266,2.53913
3.5,3.603759,3.481653
3.5,3.5931041,3.442486
3.75,3.7131908,3.7632315
3.25,3.4759843,3.271442
4.25,4.10922,4.1970277
0.8,0.99710214,0.80410784
4.75,4.586854,4.691975
4.25,4.1853924,4.1972327
3.75,3.7766273,3.6820314
3.0,3.075639,2.9625428
3.75,3.745867,3.7311125
3.0,2.626186,2.5688677
2.45,2.98134,2.5107536
3.0,3.2349808,2.9959803
3.5,3.6241682,3.473054
3.0,3.2199523,2.9481857
3.0,3.4400325,3.0584881
3.25,3.5695214,3.3020055
2.0,2.6615627,2.0271523
2.55,3.0136135,2.6150498
4.0,3.7496274,3.9226468
2.5,3.0674095,2.559874
3.75,3.709922,3.7628388
3.5,3.6467183,3.472513
3.0,3.0747108,2.9754167
2.5,2.9596214,2.5365784
14.0,13.6365595,13.981903
2.5,2.9370327,2.5083966
3.0,3.1845067,2.964046
2.55,3.0136135,2.6163967
3.5,3.5856106,3.4807472
3.75,3.7176397,3.7273407
14.75,17.197115,14.910478
3.75,3.7456539,3.7299254
13.33,12.210017,13.283695
3.0,3.143264,2.97099
4.5,4.3740416,4.445495
2.5,2.9440148,2.507822
3.0,3.0670426,2.932485
3.75,4.128789,3.7800767
3.0,3.1426094,2.9703915
0.8,0.97373843,0.80441636
4.0,3.706876,3.9218361
3.1,3.0136135,3.053098
3.1,3.4186366,3.100807
4.25,4.282648,4.1864996
3.0,3.4831464,3.0621932
4.75,4.5660143,4.691741
3.1,3.3710768,3.1017992
4.5,4.3490076,4.4515266
4.25,4.1189365,4.200648
4.5,4.428421,4.440945
3.75,3.7217596,3.7261367
2.5,2.9437013,2.5368483
3.0,3.3063197,2.9893107
3.5,3.612196,3.472513
2.5,2.9396224,2.542401
10.95,10.269205,10.837107
3.0,3.064325,2.9741867
2.5,3.0012202,2.5083966
3.25,3.517556,3.2004619
3.5,3.618539,3.4461205
4.25,4.0687637,4.195586
0.8,0.9904839,0.80516833
2.2,3.0626602,2.2381716
3.5,3.6036558,3.472513
3.0,3.0707889,2.9530272
3.0,3.6600707,3.0251803
2.5,3.3189325,2.5525024
2.5,3.0136533,2.5562658
3.25,3.54804,3.263387
2.5,2.9543939,2.507822
3.75,4.310498,3.8095963
3.5,3.5335262,3.442486
2.5,2.9488208,2.5347404
0.8,0.9726948,0.80360067
2.5,2.9290676,2.537754
3.5,3.6520164,3.472513
3.75,4.0119324,3.7732828
3.5,3.8550487,3.5680907
3.0,3.1586475,2.97099
4.5,4.2845373,4.489949
3.25,3.5619404,3.325053
4.25,4.358513,4.1868925
4.75,4.49117,4.691741
2.5,2.9373162,2.5356102
2.5,3.0715702,2.5609765
3.0,3.2535803,2.9907348
3.1,3.4285278,3.1016688
2.0,2.64778,2.0271523
2.5,2.921969,2.5364463
3.0,3.1690369,2.9703915
4.75,4.463688,4.6907735
3.5,3.8287911,3.5656016
3.0,3.288413,2.9907348
3.0,3.5978005,3.0267634
3.0,3.082594,2.9316998
3.5,3.6156414,3.4834845
3.5,3.5707734,3.442486
4.75,4.506337,4.6894126
3.0,3.301331,2.994233
2.5,2.9329436,2.5359888
4.5,4.384532,4.4426136
2.5,2.999948,2.5411582
3.0,3.2530055,2.9893107
8.95,9.183589,8.958283
3.75,4.293894,3.806851
2.65,3.551109,3.2367616
4.0,3.698737,3.923318
2.5,3.0730522,2.5579362
3.75,4.3283796,3.8095963
3.0,3.0835876,2.9538162
0.8,0.98254967,0.8041432
0.8,0.98005366,0.8025183
3.0,3.1648202,2.964046
2.2,3.0788894,2.2381716
2.55,3.0136135,2.6150498
3.1,3.3043923,3.1019783
3.75,3.745725,3.7421176
2.5,2.9335904,2.5329928
3.75,3.7266905,3.7628388
10.0,11.125006,9.9886675
2.45,2.9673266,2.515144
2.2,2.8764188,2.231433
2.0,2.6912062,2.0245647
3.75,3.9701655,3.7672732
4.75,4.4917116,4.6949964
2.5,2.9849887,2.560162
2.0,2.661291,2.0245647
3.75,4.2896805,3.803846
3.0,3.064282,2.9741867
2.2,2.8032684,2.231974
8.95,9.2797165,8.941502
2.2,3.06843,2.2381716
3.0,3.2459614,2.948522
2.5,3.1213033,2.541455
2.5,3.0790706,2.5616486
4.75,4.5338993,4.694224
2.0,2.6270046,2.0259223
2.55,3.0136135,2.6154618
3.5,3.549682,3.481198
2.0,2.6592917,2.0217488
3.0,3.6129158,3.0251803
4.25,4.1046057,4.1970277
3.25,3.577025,3.221163
3.0,3.2680964,2.9898517
2.2,2.809532,2.231974
2.1,2.57422,2.7673693
2.5,3.0806537,2.5612679
3.75,3.7155643,3.7264693
2.5,2.929186,2.5376308
3.0,3.3008225,2.9898517
3.0,3.0701392,2.9523542
3.0,3.2799692,2.9608421
3.5,3.9729917,3.564545
3.1,3.301393,3.101941
3.75,3.7576926,3.728578
3.0,3.0730615,2.9754167
3.1,3.0136135,3.0518637
2.0,2.6171134,2.0259223
3.25,3.5522985,3.260434
3.0,3.0826664,2.9741867
3.0,2.5733476,2.6324992
3.1,3.0136135,3.0535529
2.5,2.9616804,2.507822
2.5,2.9336214,2.5083568
3.0,3.293102,2.9901938
2.5,3.0613236,2.5611897
3.75,3.719107,3.6814005
3.25,3.582502,3.3045444
3.25,3.5270302,3.2659452
4.75,4.495036,4.690678
3.75,3.7245443,3.7292001
8.95,9.497779,8.946857
3.0,3.573315,3.0251803
2.5,2.9719148,2.536724
3.0,3.2463832,2.9477835
2.55,3.0136135,2.6150498
3.75,4.020795,3.7516296
2.5,2.9529576,2.542401
3.75,4.097748,3.7804694
2.5,3.0197096,2.552005
3.0,3.2617064,2.9898517
3.0,3.2202978,2.9475005
3.75,3.6576626,3.7632315
3.5,3.5587947,3.4881883
2.5,2.9229555,2.5353036
0.8,0.9826188,0.8041432
3.0,3.3314624,2.9898517
2.5,3.0330591,2.55856
3.0,3.2059627,2.9652426
3.75,4.3282533,3.8019776
3.75,3.780505,3.6820314
3.0,2.5853848,2.5898087
4.0,3.6573806,3.9226468
4.5,4.295185,4.5217557
3.0,3.0839906,2.9512815
2.5,2.9450507,2.5083966
3.0,2.6098866,2.8629646
3.5,3.6011431,3.4448903
3.25,3.5688486,3.3226717
4.75,4.555852,4.691741
3.75,4.0100365,3.7520611
3.25,3.5548544,3.263387
4.75,4.4884367,4.691741
3.0,3.0849352,2.9545846
0.8,0.991096,0.8041664
3.0,3.073452,2.9527814
2.5,3.074243,2.559752
4.0,3.7144125,3.9222698
3.0,3.1498654,2.9709263
4.5,4.398036,4.446462
3.75,3.6871908,3.7632315
4.75,4.522784,4.691645
3.75,3.756683,3.7301052
2.5,2.9488797,2.5099986
4.25,4.236163,4.187941
3.0,3.1064377,2.9574683
2.5,2.955873,2.542401
2.5,3.0348015,2.5092754
2.45,2.9352353,2.5138807
2.2,2.7866092,2.2299645
2.5,2.9772732,2.5099986
3.75,3.7835147,3.681573
2.2,3.096661,2.241374
2.0,2.665172,2.0245647
2.0,2.6416214,2.0271523
8.95,9.880848,9.038089
3.75,4.030937,3.769033
3.0,3.1025105,2.9521816
18.0,20.328512,17.96615
3.0,3.0861552,2.9536915
2.0,2.6768954,2.0259223
2.5,2.9556146,2.5378804
3.0,3.0734086,2.9741867
3.0,3.1694424,2.9703915
3.75,3.704542,3.6812046
4.0,3.6950295,3.9213
3.5,3.757815,3.5618267
4.25,4.218068,4.1972327
3.5,3.5620797,3.472513
3.0,3.3471909,2.9901938
3.75,4.304801,3.8160114
3.5,3.6157453,3.4715009
2.5,3.0777593,2.5607808
2.5,3.0230737,2.556811
4.75,4.5487967,4.691741
3.0,3.229423,2.964869
4.5,4.1458077,4.473804
2.5,3.0237412,2.5092754
4.25,4.0669737,4.195586
2.5,2.996932,2.5108445
0.8,0.9755685,0.797528
2.65,3.2973876,2.7682192
0.8,0.9876087,0.7977999
2.5,2.9077723,2.5083966
3.75,3.7057643,3.6810317
2.5,3.120367,2.541944
2.5,3.0169775,2.5563562
2.45,2.965502,2.5138807
3.75,4.0643635,3.780946
3.0,3.0835621,2.9498947
3.0,3.085495,2.9526947
4.5,4.422115,4.438839
0.8,0.9744066,0.79631615
0.8,0.9730412,0.8035693
4.5,4.384551,4.4427767
2.5,2.9513526,2.5333679
12.0,13.657665,12.3692465
3.0,3.6369727,3.0251803
2.5,2.9444857,2.542401
2.2,3.080616,2.240144
2.5,3.027967,2.556811
3.0,3.1613617,2.9643238
0.8,0.98839545,0.7974967
3.75,3.6832187,3.7632315
3.75,4.057221,3.7815173
4.25,4.0938005,4.1970277
3.0,3.0897417,2.9541297
3.0,3.0646143,2.932485
3.75,3.989921,3.7732828
2.5,2.9148362,2.5353036
0.8,0.98362106,0.80378854
2.5,2.962377,2.542401
3.5,3.6261013,3.5528207
3.75,3.69447,3.6779401
4.25,4.109973,4.1964564
4.25,4.1985493,4.187941
4.25,4.051011,4.1964564
3.5,3.863772,3.5655117
2.5,2.871252,2.542401
3.75,4.0576406,3.7864137
4.75,4.5580897,4.687859
0.8,0.9669171,0.80516833
4.25,4.2346745,4.187941
3.75,4.059352,3.7864137
2.5,3.0809536,2.559596
3.0,3.0868363,2.9541202
3.5,3.5942237,3.473054
3.0,3.2651777,2.9898517
3.5,3.6623137,3.472513
3.1,3.4171977,3.1012104
2.5,2.9365587,2.537199
3.25,3.5998018,3.3106122
2.55,3.0136135,2.615566
2.5,2.9430752,2.5108445
3.5,3.74959,3.5618267
3.5,3.618539,3.4461205
2.0,2.7253163,2.0218124
3.25,3.5530326,3.2626033
3.75,4.2541776,3.799529
4.25,4.219656,4.1976256
2.2,3.096013,2.240144
3.75,3.742204,3.7625277
2.5,2.9615183,2.507822
2.5,2.9992292,2.5099986
4.25,4.3288016,4.1868925
28.0,29.06765,27.673193
2.5,3.117818,2.5417619
3.0,3.9623127,3.0262432
0.8,1.0017142,0.80410784
3.5,3.5631554,3.4845169
3.0,3.6285956,3.0251803
3.0,3.267321,2.9901938
3.75,4.11285,3.7804694
3.0,3.2883325,2.9959803
3.75,3.7577884,3.7294981
3.25,3.5603194,3.2612886
3.0,3.0809367,2.9312382
4.75,4.5336275,4.691975
3.5,3.5513914,3.489433
2.5,3.0392992,2.5604458
3.5,3.443389,3.4411137
3.0,3.0715213,2.9630728
3.75,3.6675746,3.7628388
2.5,3.0725925,2.5657256
4.25,4.2267103,4.187941
3.75,4.290483,3.808725
3.0,3.2682219,2.9901938
3.75,3.7377462,3.7402344
2.0,2.6199837,2.0259223
3.0,3.4224982,3.0570476
3.75,4.0343523,3.7653184
3.5,3.6606634,3.47096
2.2,3.0748396,2.241374
3.0,3.0957744,2.9754167
3.0,2.638162,2.5557418
2.0,2.6267185,2.021214
3.0,3.2674947,2.9901938
4.25,4.1090508,4.1970277
3.75,4.310342,3.8068943
3.0,3.2189374,2.9615653
4.75,4.5988355,4.691645
2.1,2.5712729,2.7135882
2.55,3.0136135,2.6178985
3.75,3.6365063,3.730136
2.65,2.8783414,2.7406328
2.55,3.0136135,2.6199563
3.0,3.0651824,2.9727805
3.75,3.6153133,3.6812046
3.25,3.4805233,3.2022333
3.0,3.0799372,2.9727805
2.5,2.9382133,2.5361156
2.2,2.8235378,2.231433
3.5,4.0390844,3.5659378
3.5,3.6054442,3.473054
3.0,3.0980854,2.9741867
2.2,3.0766647,2.2381716
3.75,3.7230055,3.6807423
2.5,3.0815873,2.562428
3.0,3.0819435,2.9530191
2.2,3.080638,2.241374
3.0,3.1005735,2.9549892
3.75,4.0609293,3.7553334
4.5,4.375617,4.4416523
2.2,2.8157806,2.231433
3.0,3.0765402,2.9727805
2.55,3.0136135,2.6125066
3.0,3.1059241,2.9540684
0.8,0.98507905,0.80304545
3.0,3.2366345,2.9966562
3.75,4.021054,3.7732828
3.75,4.3174753,3.8095963
2.5,3.0866623,2.5569417
3.0,3.264303,2.9901938
2.5,3.1272302,2.541455
2.5,3.0580292,2.5092754
3.0,3.0995362,2.9540684
2.0,2.7091105,2.0218124
3.0,3.0595698,2.960754
3.5,3.5480862,3.4790137
3.5,3.5486786,3.47096
0.8,0.9549176,0.80364054
3.1,3.3716419,3.1017992
3.0,3.075612,2.9533575
8.95,9.375625,8.946464
3.75,3.7655756,3.6823502
2.5,3.1960545,2.5389454
3.75,3.728902,3.72998
4.75,4.5385284,4.691735
3.0,3.3141375,2.9901938
3.75,4.034006,3.767871
2.0,2.6614351,2.0271523
4.25,4.119359,4.2010407
2.5,2.9524121,2.5419436
3.5,3.6182597,3.4461205
3.0,3.729462,3.0251803
3.75,3.7399607,3.7779565
2.5,3.0710416,2.557632
3.75,4.3156853,3.80575
2.5,2.9489412,2.5108445
3.0,3.1520526,2.97099
8.95,9.195624,8.952529
4.75,4.5434504,4.690348
2.55,3.0136135,2.6178985
2.5,3.0756662,2.567816
3.0,3.0974507,2.9754167
2.5,3.1984262,2.539052
4.75,4.486476,4.691735
3.75,3.7027562,3.7286558
3.0,3.0833364,2.9554152
3.0,2.546084,2.7422042
2.5,3.073833,2.567816
2.45,2.9183147,2.5134223
2.5,3.070723,2.5606303
4.25,4.318115,4.1868925
4.25,4.2116833,4.187941
3.75,4.0322533,3.7504485
3.25,3.62526,3.303276
4.25,4.065564,4.1970277
3.0,3.0786815,2.9554152
3.75,3.737606,3.7243352
3.75,4.1393566,3.7800767
4.25,4.227516,4.1976256
3.0,3.0664492,2.9727805
3.0,3.2446787,2.949706
3.1,3.0136135,3.0537336
4.75,4.5068045,4.691645
3.75,4.0631094,3.7804694
3.1,3.4302413,3.1008449
2.5,2.9391432,2.5099986
2.45,2.9628534,2.5138807
4.0,3.7062256,3.9213
3.75,3.7939336,3.681535
3.0,3.1193583,2.952075
3.5,3.8521035,3.5606072
4.25,4.120121,4.1970277
3.0,3.165832,2.9643664
2.5,2.9666817,2.5362825
4.5,4.3193836,4.4684315
0.8,0.9889647,0.80516833
2.5,2.947268,2.5083966
4.75,4.533395,4.691975
4.75,4.4927025,4.691735
8.95,9.364988,8.947178
3.75,4.0485315,3.7526414
3.1,3.0136135,3.0530076
3.1,3.4199648,3.1017992
2.5,2.976572,2.507822
3.0,3.059231,2.9741867
0.8,0.9800588,0.8041432
3.75,3.6937485,3.7254922
3.5,3.7094772,3.565824
3.5,3.5739803,3.473054
0.8,0.99036175,0.80413985
3.5,3.595241,3.442486
3.75,3.9078293,3.7632825
3.25,3.5626626,3.3077192
3.25,3.5287457,3.2439954
3.0,3.0607498,2.9338021
3.0,3.07132,2.9329426
4.25,4.215268,4.1972327
3.5,3.5737972,3.442486
4.75,4.5137773,4.691645
2.0,2.6587753,2.0218124
4.5,4.355786,4.4476705
3.25,3.556325,3.305746
3.25,3.5531373,3.2646646
2.5,3.069512,2.5673585
3.25,3.5599477,3.2626033
3.0,2.5815384,2.93268
2.2,3.0359101,2.240144
3.75,3.7527273,3.7311108
2.2,2.831833,2.2299645
21.0,19.062357,20.79114
3.1,3.0136135,3.0535529
3.0,3.5411932,3.0584881
2.2,2.805856,2.231433
4.25,4.1198444,4.200648
3.0,3.152141,2.97099
3.0,3.1796846,2.97099
2.5,2.9697425,2.5108445
3.0,3.1847682,2.9635885
9.5,10.52619,9.482189
2.5,2.9696245,2.534207
2.45,2.9752762,2.5136738
2.65,3.3190303,2.7660718
2.5,2.9452798,2.5418882
3.75,3.7525325,3.681573
2.5,2.9826396,2.5092754
3.75,3.7514174,3.7632315
3.5,3.5806286,3.4876118
0.8,0.9945903,0.7998478
2.5,3.067904,2.5610378
3.1,3.0136135,3.0535529
3.5,3.8803253,3.5656078
4.75,4.551424,4.6876297
3.75,4.359351,3.8096862
0.8,0.98309267,0.80378854
3.0,3.1495805,2.97099
3.5,3.922819,3.5656078
2.5,2.9556785,2.5083966
3.5,3.5917935,3.5530696
3.0,3.6203575,3.0251803
3.75,3.699083,3.7272015
0.8,0.9640131,0.80360067
3.0,3.099601,2.9754167
3.75,3.7254417,3.7252204
3.25,3.5428572,3.200064
2.5,3.06284,2.566618
3.25,3.5437949,3.2439954
28.0,27.939716,27.896832
0.8,0.95698357,0.80360067
3.5,3.5385654,3.472513
10.95,10.325722,10.836385
2.0,2.6556008,2.0259223
3.75,3.9738927,3.7736754
3.1,3.3167381,3.101941
3.0,3.5406735,3.0618005
2.2,2.7920759,2.231433
4.0,3.6985602,3.9208813
2.5,3.0308094,2.5552392
4.75,4.5017505,4.691645
4.25,4.2192545,4.1972327
2.5,2.9733074,2.541945
2.0,2.6297035,2.0259223
2.5,3.1077194,2.5410001
3.0,3.4501934,3.0621932
3.1,3.4316478,3.1013093
3.0,3.094849,2.9560864
3.0,3.07939,2.9526687
3.5,3.584119,3.4448903
3.75,4.145332,3.7732828
2.2,3.0869093,2.240144
3.25,3.5807407,3.3099673
3.0,3.1511786,2.97099
10.0,10.118375,10.017953
3.75,4.3702517,3.8108048
2.2,2.930244,2.231433
3.1,3.0136135,3.0516334
3.75,3.7330663,3.6812046
2.2,2.8318443,2.231974
2.5,2.9276726,2.507822
2.5,3.0236578,2.556811
4.75,4.576276,4.70187
3.75,3.76528,3.7394197
3.0,3.249775,2.9959803
3.5,3.5882869,3.472513
3.5,3.5488389,3.4791958
0.8,0.9956511,0.8042159
4.75,4.521044,4.691645
3.75,3.7282841,3.7282917
3.75,3.915612,3.7638538
3.75,4.047241,3.7540905
4.5,4.2518263,4.4734697
4.5,4.2631955,4.4810686
3.0,3.1643548,2.96436
4.25,4.327822,4.1868925
3.5,3.5768588,3.4791868
2.2,3.0097003,2.231433
3.0,3.500985,3.0621932
3.1,3.3975627,3.1018622
3.0,3.0863004,2.9316998
3.0,2.6262329,2.5789118
2.5,2.9346802,2.5380058
3.75,3.7546518,3.7628388
2.55,3.0136135,2.615566
2.0,2.6943297,2.0218124
3.75,3.97177,3.7736754
4.25,4.1164207,4.200648
2.45,2.9232128,2.514233
2.55,3.0136135,2.6178985
3.0,3.2706115,2.96268
2.2,3.0808601,2.2381716
3.75,3.7650368,3.7437453
3.0,3.129687,2.9633636
3.25,3.5862405,3.3146787
3.1,3.4367867,3.1012104
2.5,2.9603832,2.534991
4.25,4.2526245,4.187941
2.55,3.0136135,2.61538
4.75,4.499225,4.691645
3.75,4.0605097,3.7864137
3.1,3.3340724,3.1020372
0.8,0.9691978,0.7995154
2.55,3.0136135,2.6175215
3.0,3.1861825,2.964046
3.1,3.3865166,3.100748
3.0,2.6406946,2.6183443
2.5,3.0129085,2.5092754
4.25,4.114971,4.200648
3.75,3.6943872,3.7321353
2.0,2.6725388,2.021214
3.25,3.5491982,3.263387
3.0,3.070849,2.9328873
3.25,3.5630472,3.2406228
2.45,2.9581447,2.5137527
2.5,3.0761094,2.567816
3.0,3.0575929,2.9491098
3.5,3.5717561,3.4945982
2.0,2.6321194,2.0271523
3.5,3.6115081,3.472513
0.8,0.99614894,0.8042159
2.55,3.0136135,2.6150498
3.25,3.5681736,3.2368147
3.75,3.750294,3.7364745
2.5,2.9403532,2.5364463
0.8,0.9644043,0.80360067
2.5,3.0237057,2.5547931
3.0,3.61967,3.0251803
12.0,13.646036,12.189686
3.1,3.0136135,3.053098
3.0,3.1069815,2.956917
2.0,2.642511,2.0245647
0.8,0.9700912,0.7963455
3.75,3.7583725,3.7288175
0.8,1.003869,0.8041432
4.75,4.5162506,4.6860404
2.5,3.0783553,2.5688236
3.5,4.244811,3.5838933
3.75,4.1123714,3.7804694
4.0,3.7078419,3.923318
4.25,4.1095924,4.2010407
4.5,4.276593,4.4685717
3.5,3.5753183,3.472513
3.0,3.0790358,2.9727805
3.25,3.5878084,3.3071642
3.0,3.1727161,2.9617467
3.75,3.7599413,3.7245777
2.5,2.9858766,2.5092754
2.5,3.0208352,2.5544162
3.1,3.0136135,3.0516741
4.25,4.2629557,4.18737
2.45,2.9487166,2.5137906
3.0,3.2602184,2.9479744
3.1,3.0136135,3.0580487
2.5,2.9386578,2.542401
2.5,3.0197783,2.5540776
2.5,2.9672592,2.5092754
4.75,4.5128784,4.691645
2.2,2.8263552,2.231433
2.0,2.6826677,2.021214
2.2,3.0721529,2.240144
2.5,2.9421458,2.5372694
2.0,2.6363814,2.021214
3.1,3.355308,3.102356
3.75,3.7200317,3.725507
2.5,3.1111448,2.5450222
3.0,3.0745132,2.9329426
3.75,3.708057,3.6785247
3.25,3.5491378,3.2427177
4.0,3.7278206,3.9213612
3.5,3.612023,3.4448903
4.0,3.7445748,3.9201128
3.75,4.063555,3.7864137
3.0,3.068223,2.9510672
2.5,3.1170654,2.541455
2.5,2.9204092,2.5372212
0.8,0.99221015,0.80369353
3.0,3.092761,2.9622376
0.8,0.96923786,0.79945177
3.1,3.0136135,3.053176
3.0,3.0788465,2.9545846
3.5,3.6062684,3.550959
3.0,3.0709913,2.9322574
0.8,1.0026546,0.8041432
3.75,3.7490242,3.7343416
3.5,3.8482935,3.5658417
3.75,4.337271,3.8095963
4.5,4.2760277,4.470385
0.8,0.9793079,0.8041432
3.1,3.0136135,3.0537906
2.1,2.6329892,2.5741754
2.5,3.1116252,2.5437875
3.75,4.0458183,3.7659087
2.45,2.9212914,2.509174
0.8,0.98575604,0.80456334
3.25,3.5559282,3.2425895
3.0,3.0902393,2.953089
3.0,3.0649066,2.9328873
14.0,13.226195,13.981903
3.0,3.0559156,2.9741867
3.75,3.7079484,3.7271929
0.8,0.97050774,0.80360067
3.0,3.1507843,2.9643238
3.0,3.0615022,2.9727805
3.0,3.0902095,2.954464
3.0,3.177068,2.9703915
2.5,2.8639898,2.5363495
3.25,3.4941378,3.1955426
3.0,3.0731177,2.9548914
3.75,3.9848192,3.7732828
3.0,3.3251474,2.9907348
3.25,3.5663376,3.3037448
3.0,3.3067796,2.994233
3.75,3.7555647,3.7276125
0.8,0.9876183,0.80516833
3.0,3.4327862,3.0584881
3.1,3.0136135,3.0558178
3.5,3.5704145,3.480869
3.5,3.5687895,3.4820948
3.25,3.5502791,3.2435014
8.95,9.496199,8.953057
3.5,3.6625469,3.473054
3.5,3.5484033,3.4759748
0.8,0.9981318,0.80410784
4.5,4.2342005,4.475757
3.0,3.1194532,2.966618
2.0,2.699807,2.021214
3.75,3.9647834,3.7736754
28.0,28.187937,27.773298
3.75,3.7045028,3.7294602
2.5,3.0918267,2.540562
3.5,3.6171982,3.553462
3.5,3.5823772,3.47096
2.5,3.0697865,2.5673032
3.0,3.2486873,2.994233
3.5,3.6573808,3.47096
3.0,3.1817389,2.9650517
3.0,3.0712225,2.9727805
3.0,3.1709552,2.960282
2.5,2.9858727,2.5466726
2.2,2.8364909,2.231433
3.0,3.1585836,2.9709263
3.75,3.7023199,3.7238615
2.5,2.9870563,2.5083568
2.45,2.9226446,2.5141702
2.0,2.656861,2.0271523
4.5,4.4520316,4.4484367
3.0,3.2570498,2.944583
3.1,3.0136135,3.0535529
2.5,2.9589596,2.5364463
4.75,4.592107,4.6857195
3.0,3.573947,3.021457
4.75,4.4798803,4.6907735
3.1,3.4010224,3.1003788
2.5,2.9794672,2.555763
2.45,2.9224825,2.5133283
3.0,3.2161615,2.9613562
3.75,3.7025623,3.7632315
3.0,3.0807695,2.954183
3.0,3.2033255,2.964046
2.5,2.9563766,2.534174
3.5,3.5903301,3.472513
3.0,3.1623228,2.964046
3.75,3.7216163,3.7352452
3.0,3.2971153,2.9959803
4.75,4.584893,4.691645
3.0,3.288586,2.9605649
0.8,0.97415715,0.8037249
3.25,3.5534024,3.263387
2.2,2.88285,2.231433
2.0,2.6816688,2.0218124
2.45,2.965265,2.5130568
0.8,0.9664082,0.8043188
4.5,4.319933,4.494048
2.0,2.6128812,2.0271523
2.2,3.055319,2.240144
3.0,3.1517832,2.97099
3.1,3.0136135,3.0535529
3.0,3.0697558,2.949176
2.5,2.9906697,2.5390596
4.25,4.041651,4.1964564
3.0,3.3131497,2.994233
3.0,3.2334523,2.9966562
3.0,3.1857836,2.97099
4.75,4.48964,4.691645
4.25,4.2502136,4.187941
3.75,4.042618,3.7674468
3.0,3.2708573,2.96231
3.0,3.1808722,2.97099
3.5,3.621221,3.4461205
3.0,3.044845,2.9330428
2.45,2.9465492,2.5137906
4.25,4.063756,4.195586
2.5,2.9637492,2.5423458
0.8,0.98133063,0.79773265
3.0,3.3997462,3.0621932
3.75,4.040905,3.747847
2.5,2.9555519,2.5338387
2.2,2.889704,2.231433
2.65,3.3109715,2.7627475
3.5,3.5640814,3.4779668
2.5,2.9403288,2.5372002
0.8,0.99295056,0.8045242
3.25,3.5879967,3.3033743
2.5,2.9083092,2.537806
3.0,3.1997976,2.9482431
2.5,2.9474444,2.5374794
0.8,0.98101133,0.7994656
2.2,3.0999846,2.240144
2.5,3.067233,2.567816
2.0,2.686246,2.0217488
2.5,3.054841,2.5677607
2.5,2.9244545,2.5108445
3.0,3.1417768,2.9703915
3.0,3.168384,2.9629564
3.25,3.5723884,3.3030906
3.75,3.8904455,3.764354
3.0,3.1610966,2.9643664
2.5,3.0767179,2.5666747
4.25,4.217645,4.1976256
3.0,3.0771987,2.9529402
3.1,3.3136144,3.1015787
2.5,2.9595928,2.5373058
3.0,2.5979064,2.8237891
3.75,3.749969,3.7240794
3.25,3.5484896,3.2376637
3.75,4.385803,3.8100224
3.25,3.5791023,3.3063893
3.75,4.298441,3.7619283
3.75,2.944448,3.6807435
2.1,2.6069365,2.5233204
3.5,3.6397583,3.472513
3.25,3.5816567,3.307064
3.75,4.368565,3.8107886
3.75,3.714019,3.7321637
2.0,2.653504,2.021214
3.5,3.596403,3.5679016
3.75,4.3193107,3.806301
3.0,3.087866,2.9299695
3.0,3.2018008,2.9661145
2.65,3.212891,2.7682192
3.25,3.5941222,3.301572
2.5,2.9447598,2.5447228
3.75,3.7221048,3.7322018
0.8,0.9969599,0.80516833
4.25,4.1247616,4.200648
13.33,11.29501,13.287939
3.0,3.0834126,2.9754167
4.75,4.4710226,4.6907735
3.0,3.1526127,2.9627523
3.0,3.2577734,2.96231
2.2,3.168349,2.2400014
2.5,3.0989742,2.5422857
4.5,4.3999705,4.4426155
3.0,3.412232,3.0570476
2.5,2.9571748,2.5357192
2.5,3.0731313,2.5586634
19.75,29.465555,19.961452
4.25,4.106557,4.1970277
3.5,3.5495844,3.4786358
0.8,0.9852284,0.80326194
2.5,2.9429886,2.5083568
4.25,4.1140537,4.1970277
2.5,2.9921074,2.5092754
3.75,3.7229745,3.6820154
3.75,3.7486768,3.7264435
3.0,3.68513,3.0251803
2.5,3.1451116,2.5430532
3.5,3.9093926,3.54946
3.0,3.1505847,2.9660187
4.75,4.564145,4.691741
3.0,2.9082317,2.958589
3.0,3.2311368,2.9477835
4.5,4.410203,4.4475646
3.75,4.047097,3.771257
0.8,0.9985846,0.8041432
2.2,2.7942073,2.2299645
4.75,4.497425,4.6896043
3.0,3.4441218,3.0584881
3.0,3.0782685,2.9330683
3.75,3.7398922,3.6799111
2.5,2.999184,2.5083966
3.25,3.5740135,3.3019612
3.75,3.759239,3.726962
3.0,2.582113,2.939285
0.8,1.0051771,0.80410784
3.0,3.0633256,2.930588
3.75,3.7262843,3.7628388
2.5,2.959428,2.537452
3.0,3.3588972,3.0570476
2.0,2.643364,2.020355
2.5,2.980198,2.5099986
4.75,4.5197268,4.691645
3.0,3.096302,2.9540684
3.0,3.258613,2.994233
4.5,4.408178,4.4415574
2.55,3.0136135,2.6170678
3.0,3.3681626,2.9901938
45.0,32.13303,44.93538
3.5,3.5440116,3.442486
4.25,4.153999,4.1972327
0.8,0.97874594,0.8041432
2.5,2.9907732,2.5416605
2.5,3.0235834,2.5548544
2.5,3.0820382,2.5598478
2.5,3.1106377,2.542502
2.5,3.0603013,2.5641026
2.5,3.0110707,2.55614
2.2,2.8080482,2.2299645
3.0,3.5819027,3.0236044
2.5,2.9758537,2.5083966
3.0,3.2329378,2.9448996
4.5,4.3962545,4.4475646
3.1,3.4862506,3.0999885
4.5,4.3998766,4.4455967
3.0,3.082251,2.9296012
2.5,3.0707293,2.5673585
2.5,2.986632,2.537452
2.2,2.8575792,2.231974
3.75,3.7116058,3.7628388
4.0,3.656463,3.923318
3.75,3.9940355,3.7638538
2.0,2.7239492,2.0218124
4.75,4.507888,4.691975
2.55,3.0136135,2.6170678
3.0,3.075573,2.9328873
0.8,0.9985079,0.8037572
3.0,3.0825126,2.9622858
3.75,3.7548769,3.7280002
4.25,4.2722425,4.1864996
2.5,2.9864037,2.5083568
3.0,3.064227,2.9754167
2.5,2.9721334,2.5099986
0.8,0.9729632,0.80378854
2.5,2.926384,2.5359888
3.0,3.5675232,3.0236044
3.0,3.055692,2.9329426
2.45,2.9308777,2.5138807
3.75,3.746143,3.73
3.75,3.6241453,3.7311745
2.0,2.6264544,2.0245647
3.5,3.9127884,3.5632794
4.25,4.2136774,4.1976256
3.5,3.5447166,3.4447477
3.0,3.6227162,3.0251803
2.5,3.1483622,2.5409389
2.5,2.9888735,2.5498922
3.0,2.6141856,2.779055
3.1,3.379037,3.100748
3.0,3.2479813,2.9907348
2.5,3.1952014,2.5460753
3.5,3.5610335,3.482477
3.0,3.0705657,2.9754167
3.0,3.250702,2.9959803
2.5,3.070597,2.5677607
2.5,2.941482,2.5372694
3.0,2.5817995,2.8051374
3.1,3.4292266,3.1012104
0.8,0.987076,0.79884344
2.5,3.180004,2.5393798
4.25,4.2172613,4.1972327
3.0,3.1288586,2.9633265
3.1,3.0136135,3.051535
2.1,2.63601,2.5826502
3.5,3.5436287,3.442486
12.0,14.23291,12.106505
3.0,3.176439,2.9577177
2.5,2.9370475,2.5419436
2.5,3.073645,2.568218
3.0,3.0557384,2.9287717
3.0,3.0798092,2.932485
3.0,3.4853685,3.0584881
3.0,3.5844762,3.0209367
3.75,3.7537034,3.7315848
3.1,3.3846684,3.1028104
3.0,3.2638617,2.9613822
3.0,3.0740404,2.9324298
3.0,3.049788,2.9741867
3.0,3.0843143,2.9329426
3.0,2.631668,2.8349009
3.0,3.282767,2.9901938
3.75,4.0177746,3.7732828
3.5,3.611613,3.4448903
3.0,3.1463728,2.9703915
3.0,3.3139443,2.994233
4.5,4.430785,4.4429502
3.5,3.559859,3.442486
3.0,3.2783318,2.9610014
3.75,3.7347598,3.7632315
2.5,2.967687,2.5432606
3.0,2.6009457,2.9165916
3.75,3.7496574,3.7286007
2.5,2.9799557,2.5083966
3.75,3.739281,3.6823502
0.8,0.97636306,0.797528
4.5,4.416499,4.446558
3.0,3.2006536,2.9623618
2.5,2.994773,2.5552893
3.5,3.549397,3.4799335
3.25,3.5594065,3.2419004
2.2,3.0893855,2.241374
3.0,3.0655441,2.9741867
3.0,3.1424627,2.97099
3.75,3.7589142,3.7292025
2.5,3.1049414,2.541455
2.5,2.9690058,2.5368733
3.75,3.7191274,3.7279513
3.75,3.7803867,3.7270274
3.75,3.9701655,3.7672732
4.0,3.6879432,3.9209843
2.5,3.0904827,2.5633173
2.5,3.0222878,2.5383847
3.0,3.178172,2.9482424
2.5,2.931234,2.5352197
3.0,3.2784085,2.9959803
3.0,3.3258832,2.994233
3.5,3.5486023,3.4785905
3.75,3.6630666,3.7632315
2.2,2.809063,2.231974
3.75,3.7602005,3.7468734
3.0,3.181059,2.9474518
2.5,3.0028887,2.5092754
3.0,3.54231,3.0618005
3.5,3.5488703,3.4800282
3.25,3.5611613,3.260434
3.0,3.0803313,2.9727805
3.75,4.396346,3.8072243
4.0,3.7393153,3.916822
3.75,4.034708,3.7662945
2.5,3.0374665,2.555714
2.2,2.8010373,2.2305055
4.0,3.6534293,3.922941
3.5,3.565832,3.4759786
3.0,2.6283674,2.5955298
3.25,3.548025,3.2649367
3.25,3.5522082,3.244779
2.5,2.945953,2.5372248
2.5,2.9666817,2.5423458
3.1,3.0136135,3.0495415
3.25,3.5496225,3.2680433
2.5,3.0087576,2.5553093
3.0,3.0913286,2.9387271
2.5,2.98314,2.5108445
3.0,3.2556713,2.9898517
3.0,3.2381923,2.9477835
3.75,3.6958315,3.730788
3.75,3.708199,3.6812046
3.1,3.3357387,3.1017992
3.0,3.2519011,2.9618008
3.0,3.0741258,2.932485
2.0,2.658603,2.0245647
2.2,2.818736,2.231433
3.75,4.016593,3.751478
0.8,0.9614741,0.8047283
2.5,2.9313617,2.5083966
3.75,3.95231,3.7736754
3.5,3.6013315,3.473054
2.0,2.6138093,2.0259223
2.5,3.0217364,2.5547931
0.8,0.9856207,0.80454636
2.45,2.9421778,2.5134223
3.0,3.2698085,2.9901938
2.5,2.996102,2.5108445
4.0,3.6955209,3.9226468
3.5,3.6089346,3.4448903
3.75,3.7327356,3.7628388
4.0,3.7252035,3.922486
2.55,3.0136135,2.6150498
3.0,3.485288,3.0621932
2.5,2.9397032,2.5357366
3.75,3.7596004,3.7283337
2.5,3.145274,2.5396905
3.75,3.715107,3.6820154
2.5,3.1355705,2.5437875
3.5,3.8722126,3.56167
4.5,4.381554,4.471961
3.0,3.0822396,2.9538825
4.5,4.4265165,4.446462
3.5,3.593234,3.4448903
3.75,3.956175,3.7632825
3.5,3.8399575,3.5658991
2.45,2.9163384,2.5137906
2.55,3.0136135,2.615111
3.0,3.182803,2.9597573
2.5,2.9686322,2.542401
0.8,0.9870249,0.80524105
4.25,4.120843,4.200648
3.0,2.577981,2.683898
2.0,2.619549,2.0271523
3.5,3.491875,3.4411137
4.0,3.7039332,3.9165277
2.5,2.948968,2.5108445
3.5,3.5457752,3.442486
4.5,4.2324934,4.4684315
8.95,9.284288,8.947112
3.0,3.094309,2.956324
2.2,2.8253963,2.231974
3.0,3.261982,2.96231
3.5,3.5942004,3.4448903
2.5,2.9472167,2.5367668
2.0,2.6475768,2.0245647
2.5,2.9758542,2.5365617
3.0,3.4036841,3.0584881
3.75,4.329647,3.8115711
4.25,4.2146683,4.18737
4.75,4.4937105,4.687797
2.5,2.9348109,2.5083966
3.0,3.0680444,2.9481125
4.75,4.565971,4.6900377
4.0,3.5760543,3.921816
2.5,2.9524195,2.5378132
2.2,2.8254704,2.231433
2.5,3.0710351,2.5660548
3.0,3.2321222,2.9477282
2.5,3.0964532,2.5686743
2.5,3.01266,2.53562
3.5,3.5604956,3.442486
3.0,3.1521618,2.97099
3.0,3.068911,2.9741867
3.0,3.3724504,3.0574403
3.0,3.0741856,2.9532468
2.2,3.0785463,2.2381716
0.8,0.9803813,0.80378854
4.25,4.115157,4.1970277
3.1,3.380177,3.1012473
3.0,3.2831275,2.9638617
3.0,3.0772147,2.9329426
18.0,18.78118,17.97441
3.75,4.310111,3.8100224
3.0,3.0898647,2.952719
2.0,2.641994,2.0245647
4.25,4.2137423,4.1972327
3.0,3.0863438,2.956917
4.75,4.505775,4.691645
2.55,3.0136135,2.6170678
3.0,3.2815015,2.994233
3.0,3.1458852,2.9709263
3.0,3.2976556,2.9907348
3.5,3.6331728,3.4461205
0.8,0.99899805,0.8044371
4.25,4.067238,4.195586
8.95,9.388526,8.894807
3.5,3.6014254,3.4461205
2.5,2.9479902,2.542401
3.5,3.6068556,3.4855561
3.0,3.2859094,2.9898517
28.0,28.430471,27.907835
3.5,3.5486507,3.4759636
3.0,3.2526119,2.9907348
3.0,3.1414669,2.9709263
3.75,3.777535,3.7632315
3.75,4.045806,3.771257
20.45,17.49661,20.363497
2.45,2.9450479,2.514249
2.2,3.0392861,2.241374
2.5,3.0559006,2.565919
3.0,3.4569943,3.0579169
2.5,3.022816,2.5547931
3.1,3.3865035,3.100985
4.5,4.2628117,4.497013
2.55,3.0136135,2.6193147
3.0,3.465299,3.0621932
2.5,3.1275647,2.5409389
3.0,3.2005105,2.9475558
4.25,3.7523081,4.2010407
4.5,4.4262533,4.4424467
4.25,4.064718,4.195586
3.0,3.327444,2.9901938
2.45,2.9809408,2.5125945
0.8,0.9851861,0.79881394
3.0,3.4006658,3.0574403
3.0,3.292111,2.9959803
4.5,4.2951765,4.4401875
2.5,3.0533369,2.5694525
3.75,4.320323,3.8099263
3.75,3.9952238,3.7736754
2.0,2.6570792,2.021214
3.25,3.4515157,3.2634864
3.25,3.55236,3.270176
2.2,3.094197,2.241374
3.0,3.3637848,2.9907348
3.0,3.0879624,2.9754167
2.2,3.0648437,2.240144
3.0,3.6023855,3.0251803
3.5,3.6495788,3.472513
3.75,4.3428493,3.8077047
2.0,2.6488097,2.0259223
3.75,4.0180645,3.7663486
3.0,3.2663069,2.9959803
9.5,10.093782,9.480421
2.5,3.073205,2.5547998
2.2,3.1050303,2.2381716
22.5,21.083567,22.488058
3.75,3.742526,3.7284112
3.75,3.7388022,3.721845
18.0,17.254177,17.940184
4.0,3.7014925,3.924916
3.5,3.5744066,3.484555
3.0,3.766065,3.02466
2.5,2.9791045,2.5092754
3.0,3.062183,2.932485
3.75,3.7463305,3.7417107
3.0,2.6319122,2.6462357
3.0,3.062862,2.95325
3.0,3.4417129,3.0574403
3.75,3.7663,3.6820314
3.0,2.5955527,2.7916355
3.0,3.3507109,3.0574403
2.5,3.085398,2.563172
3.75,4.0574865,3.7815173
3.25,3.5134487,3.2071311
0.8,0.9793136,0.8041748
2.5,2.9501052,2.5083966
3.5,3.5518625,3.4857414
4.25,4.118846,4.1970277
2.2,3.0933852,2.241374
3.75,4.334488,3.8095963
4.25,4.1065207,4.1970277
2.5,2.9486141,2.5353036
3.5,3.6214821,3.4461205
4.25,4.317027,4.1864996
3.5,3.5827038,3.4448903
4.0,3.7376578,3.922863
3.0,3.0730212,2.932485
4.5,4.2842636,4.4679427
3.5,3.8939302,3.5656078
2.5,3.0657434,2.5673032
4.25,4.109391,4.1970277
2.5,2.9368243,2.5108445
3.5,4.0271635,3.5646405
0.8,0.95748615,0.803537
3.0,2.6045265,2.7201834
3.5,3.5478432,3.4743588
3.0,3.3039064,2.9901938
3.5,3.785858,3.5655117
3.5,3.5984077,3.473054
3.75,3.716335,3.6807423
3.25,3.5615728,3.2646646
18.0,18.76579,18.085743
2.5,2.9547336,2.5099986
3.75,3.7189007,3.681663
3.5,3.604108,3.473054
4.25,4.2313824,4.1976256
2.45,2.9412327,2.5141702
3.75,3.7178557,3.7632315
3.75,3.7080934,3.7311518
2.5,2.9930422,2.5553093
3.5,3.9892926,3.566704
2.5,3.3300843,2.559129
3.5,3.5928898,3.442486
2.55,3.0136135,2.6178985
2.5,2.9297738,2.5327177
3.75,3.7431052,3.7268913
4.75,4.5070515,4.689273
3.5,3.5506275,3.4808135
2.5,2.9337652,2.5364463
0.8,0.9806758,0.79993045
2.5,2.959997,2.53634
3.75,3.7344882,3.7280715
2.0,2.651497,2.0271523
2.2,2.8163602,2.2299645
2.5,3.139467,2.5410001
3.25,3.5491283,3.270176
2.5,3.0764606,2.5628138
2.45,2.9395392,2.5125945
3.75,4.371786,3.805581
2.5,3.000786,2.5099986
2.5,3.0122895,2.556811
3.75,3.7250793,3.6807423
3.75,3.7485588,3.7303393
2.5,2.9837735,2.5378113
2.5,2.8967476,2.5353036
3.0,3.0722463,2.951136
4.75,4.508399,4.6927476
2.5,3.0661232,2.5673585
3.5,3.5646412,3.4799056
4.5,4.366708,4.445165
2.0,2.6553283,2.0245647
3.5,3.6224318,3.5610702
3.0,3.1714892,2.9645941
2.45,2.9909468,2.5134223
4.5,4.412958,4.446462
3.0,3.1982193,2.9481857
0.8,0.98406166,0.80472076
0.8,0.98759615,0.800669
2.0,2.638219,2.0271523
3.0,3.0629404,2.9519405
2.2,2.8563395,2.231433
3.75,4.0578957,3.780946
3.5,3.7514632,3.563845
4.25,4.2690363,4.1864996
3.1,3.0136135,3.0516741
3.75,4.3891926,3.8099263
3.0,3.1370625,2.9695325
3.5,3.6292007,3.559087
4.25,4.121828,4.200648
3.0,3.0715737,2.9703915
4.25,4.108616,4.2010407
3.75,4.039959,3.7525682
3.0,3.1901033,2.948241
4.25,4.288735,4.1868925
4.0,3.5933976,3.921816
2.2,2.8292656,2.2305055
3.25,3.5856044,3.3070276
3.75,4.0918694,3.7800767
3.75,3.7432482,3.7256873
3.0,3.0723948,2.962064
2.2,2.8066926,2.2299645
3.0,3.0974584,2.9727805
3.75,3.7081301,3.6812046
4.5,4.39719,4.4444222
3.0,3.2985408,2.9893107
3.5,3.6232774,3.4461205
3.75,3.72074,3.6814005
3.0,3.1617107,2.9650517
2.2,3.0773144,2.240144
2.0,2.6711483,2.0218124
3.25,3.5438755,3.202162
3.5,3.5864742,3.490603
2.5,2.9299374,2.5359888
2.5,3.1351576,2.5429568
2.2,2.9063425,2.231433
3.5,3.572624,3.485613
2.5,3.130447,2.5429568
3.0,3.2999284,2.994233
3.0,3.3156788,3.0584881
3.5,3.5959036,3.4448903
3.0,3.2490814,2.9464798
3.0,3.5858939,3.0584881
3.75,4.2980986,3.8082995
2.55,3.0136135,2.616613
3.0,3.063822,2.9328873
4.75,4.4931936,4.6888995
3.0,3.0782704,2.9528813
3.0,3.0684013,2.9329426
3.0,3.1467268,2.9618068
3.0,3.2542357,2.948241
3.75,3.7129972,3.7268946
0.8,0.98249257,0.8035693
4.5,4.4093847,4.446462
3.75,4.3161774,3.8059711
3.5,3.5564864,3.485581
2.5,3.0931046,2.5615773
2.5,2.9664347,2.537452
3.5,3.6078064,3.483705
4.5,4.2488294,4.474214
3.0,3.093236,2.974044
2.2,3.0706556,2.2381716
3.0,3.1817248,2.960282
3.75,4.0372133,3.766953
2.2,2.8251996,2.2299645
3.75,3.7156048,3.7268946
4.5,4.4331017,4.446462
2.5,3.064944,2.560178
3.75,3.7218125,3.7252204
2.0,2.6636968,2.0217488
3.75,3.7183821,3.681663
2.55,3.0136135,2.618591
2.5,2.9324117,2.5338302
3.25,3.56248,3.2419004
3.5,3.553015,3.4741502
3.25,3.5538318,3.263387
3.5,3.618765,3.553342
4.5,4.4031963,4.4315777
4.5,4.432654,4.446462
3.0,3.5681345,3.0251803
2.5,3.0759542,2.5591197
3.75,3.7171178,3.6829264
3.0,3.0833201,2.9495628
3.0,3.1003428,2.9560864
3.0,3.141421,2.9709263
2.5,3.0737228,2.5677607
3.5,3.8746219,3.5616653
2.5,3.1341517,2.543325
3.0,3.4151406,3.0621932
3.5,3.5630033,3.442486
2.45,2.9321883,2.51296
4.25,3.9077303,4.1996684
2.5,3.0641742,2.5693364
2.2,3.0689194,2.2381716
3.0,3.1873846,2.9482431
2.5,2.9538822,2.5372694
3.25,3.5266628,3.206442
3.5,3.6370409,3.5538108
14.75,17.81964,14.906701
2.5,2.9632626,2.5365112
2.45,2.999827,2.5138807
3.25,3.4864204,3.2634864
0.8,0.9739058,0.80378854
3.0,3.1530728,2.9703915
3.0,3.07371,2.9537256
3.0,3.0844896,2.962468
2.5,3.0846565,2.56736
3.75,4.11448,3.7804694
3.5,3.5898898,3.472513
2.55,3.0136135,2.6131017
2.0,2.6579113,2.0218124
3.1,3.0136135,3.047144
14.0,14.373756,14.327419
0.8,0.9819386,0.8041432
3.0,3.2318563,2.948241
0.8,0.9871036,0.79859513
3.1,3.0136135,3.051535
2.5,2.9528365,2.5419436
0.8,0.9749788,0.7969891
0.8,0.98710763,0.8040234
2.2,3.083971,2.2381716
0.8,0.9865329,0.7988449
3.0,3.3423681,2.994233
7.6,7.612233,7.605338
0.8,1.0042478,0.8041432
2.5,3.0056086,2.5092754
0.8,0.986428,0.80516833
2.0,2.6745272,2.0218124
2.5,3.0819366,2.5598
3.1,3.0136135,3.0528817
3.75,3.7052524,3.7297473
3.75,4.0251036,3.7519176
3.0,3.1934006,2.9645941
3.75,3.721145,3.6820154
3.5,3.6000187,3.473054
2.5,3.0720115,2.5670755
2.2,3.061263,2.240144
3.5,3.5711133,3.4448903
3.5,3.6421893,3.47096
3.75,4.0363836,3.7485042
2.55,3.0136135,2.6146312
2.5,3.0310314,2.507822
2.2,3.068332,2.2381716
2.5,2.9656131,2.5357742
3.0,3.0838044,2.9557095
3.0,3.2463214,2.9959803
3.0,3.2442443,2.9477835
3.75,4.0270557,3.7736754
0.8,0.98975164,0.8041432
3.0,3.2784085,2.9959803
2.45,2.9632258,2.51296
3.75,4.369631,3.8086295
3.0,3.2698407,2.9898517
3.0,3.070302,2.932485
3.0,3.0776052,2.9328873
0.8,0.98911273,0.81338084
3.75,4.05698,3.7864137
2.5,3.0775275,2.5626006
2.5,2.960321,2.5092754
0.8,0.98982406,0.80378854
3.0,3.1679401,2.9635885
4.5,4.3431816,4.4393644
2.5,3.0860364,2.5625768
3.25,3.519342,3.264764
3.0,3.2837064,2.9901938
2.5,3.1435506,2.5437875
2.5,2.936315,2.5099986
3.75,4.017393,3.752777
2.5,3.1272302,2.541455
0.8,0.9712361,0.80378854
3.0,3.1530867,2.9709263
4.25,4.2188797,4.1976256
2.5,2.9956298,2.5416605
2.5,3.08497,2.5616486
2.0,2.669517,2.0218124
2.5,2.9585004,2.5099986
3.0,3.2011433,2.9445124
2.5,3.087963,2.5763466
3.0,2.6189759,2.5943768
2.45,2.9305,2.514249
3.0,3.1349468,2.9623725
3.5,3.5986047,3.482148
2.5,3.0727177,2.5609765
3.0,3.0726416,2.9576097
3.0,3.5285723,3.0618005
3.0,3.06896,2.952989
3.75,3.7505343,3.6808012
4.5,4.4388237,4.446792
4.25,4.2335205,4.1976256
2.5,2.950723,2.5365784
3.1,3.3841956,3.1018622
2.0,2.656064,2.0218124
3.5,3.6152518,3.4448903
4.75,4.4974875,4.6927476
3.75,3.774509,3.73697
3.5,3.8806863,3.5659378
3.0,3.4090052,3.0570476
3.0,3.5564756,3.0251803
3.5,3.5654619,3.4798088
2.5,3.1245656,2.5429568
3.0,3.4946182,3.0584881
3.5,3.574901,3.4461205
2.5,2.9711456,2.507822
2.5,2.9638836,2.5083966
2.5,2.9237013,2.5365365
9.5,10.235935,9.480497
18.0,20.541166,18.021183
3.75,4.1236086,3.7800767
2.5,2.9955122,2.5092754
3.25,3.5814273,3.3203378
4.5,4.221244,4.4984713
3.5,3.608305,3.4461205
2.2,3.0596213,2.240144
0.8,0.9798733,0.8010651
4.5,4.3942537,4.4432735
2.5,3.1293378,2.542502
4.25,4.1254177,4.200648
2.5,2.938138,2.5099986
3.0,3.1903605,2.964869
3.5,3.5736055,3.4815533
3.5,3.5825803,3.472513
3.5,3.5631707,3.4905872
3.5,3.572415,3.4715009
2.5,2.9292176,2.534147
3.1,3.4239435,3.1012473
28.0,27.462023,27.93998
0.8,0.96799964,0.80408293
3.0,3.0980382,2.9560864
3.0,3.6267157,3.0251803
2.5,2.9872217,2.5325904
0.8,0.9752233,0.797232
3.75,3.7242908,3.7268658
3.0,3.1429603,2.97099
3.5,3.5748627,3.47096
4.0,3.6748803,3.923318
3.0,3.1045344,2.9578352
3.0,3.8617752,3.0237927
3.75,3.6727777,3.7628388
2.45,2.934239,2.51296
2.5,3.074438,2.5614634
3.25,3.5276268,3.203017
2.0,2.9064608,2.0245647
3.0,3.0831172,2.9754167
3.0,3.0837438,2.9520376
2.5,2.9096866,2.5083966
2.55,3.0136135,2.6150498
3.75,3.756195,3.7300012
3.1,3.0136135,3.053098
2.5,3.0736368,2.559752
3.25,3.5655982,3.2646646
4.5,4.370055,4.446462
3.5,3.6128147,3.4910464
2.5,2.9604814,2.5412583
2.0,2.6311555,2.021214
3.0,3.6393654,3.0251803
2.5,3.0210671,2.5553758
3.0,3.2431514,2.994233
3.0,3.065998,2.9754167
3.0,3.265822,2.9959803
2.5,3.01546,2.5553093
3.0,3.0947423,2.9560864
2.5,2.982719,2.5603905
0.8,0.9703119,0.8038172
2.55,3.0136135,2.615111
2.45,2.9626503,2.5137527
3.0,3.0763886,2.9616046
3.0,3.260335,2.9959803
3.0,3.27847,2.9901938
3.0,3.0754242,2.954258
3.5,3.9181833,3.563383
3.1,3.3226655,3.1020372
3.5,3.8681545,3.5655117
2.55,3.0136135,2.613103
3.5,3.6109374,3.4843473
3.0,3.5321844,3.0621932
2.55,3.0136135,2.6163967
3.75,4.393029,3.7994528
2.45,2.9176328,2.5150893
4.25,4.2305346,4.1976256
4.75,4.516349,4.6818004
2.2,3.0715652,2.2381716
3.5,3.9747515,3.5632732
3.75,4.31338,3.811845
3.0,3.2857013,2.9907348
3.0,3.3029678,2.9901938
21.0,19.662256,20.919073
3.0,3.1025338,2.9727805
2.45,2.9702644,2.5137527
2.2,3.0886316,2.2381716
4.25,4.207738,4.1972327
2.5,3.0634851,2.5673032
3.0,3.0973852,2.9509494
4.0,3.6698284,3.9235063
3.75,4.308408,3.807364
2.0,2.6189675,2.0271523
3.0,3.0396824,2.9548914
3.5,3.9478033,3.5569847
3.75,3.675719,3.7632315
3.0,3.4302802,3.0618005
2.5,2.940434,2.5108445
3.1,3.0136135,3.053176
2.5,2.943844,2.536759
4.25,4.325815,4.1868925
2.2,3.0721722,2.240144
3.0,3.0756907,2.9754167
2.0,2.6753416,2.0245647
3.5,3.635186,3.5507014
22.5,16.361958,22.718372
2.0,2.6514404,2.0245647
2.5,2.935584,2.536493
3.0,4.05925,3.0579169
3.0,3.1957936,2.9475558
3.0,3.0727382,2.9646437
2.2,3.094856,2.2381716
2.5,3.086784,2.5613968
2.0,2.664126,2.021214
3.0,3.2314095,2.948241
3.75,3.9657156,3.7638538
2.55,3.0136135,2.6163967
4.25,4.2339153,4.18737
3.0,3.2773144,2.994233
3.5,3.6223154,3.4448903
3.0,3.065133,2.930588
2.1,2.5664263,2.5868406
2.5,3.1607401,2.54448
3.0,3.1894608,2.9645941
2.5,3.1512887,2.5372105
4.5,4.277524,4.4679427
3.75,4.055669,3.7815173
3.0,3.3731613,3.0579169
3.75,3.7333686,3.681663
4.0,3.6965346,3.9241486
3.0,3.47041,3.0584881
3.0,3.1916795,2.95784
2.2,2.8373451,2.231433
4.75,4.580145,4.688943
3.0,3.4792974,3.0584881
2.5,3.109996,2.5409389
4.5,4.4158416,4.446792
3.5,3.8612502,3.5656016
3.0,3.2251017,2.9966562
3.5,3.8562076,3.56167
4.0,3.688358,3.9243648
4.0,3.6773088,3.9213
2.5,2.9574928,2.5366738
3.75,3.9581373,3.7632825
2.5,3.0703957,2.567816
2.55,3.0136135,2.616613
3.75,3.7369177,3.7349162
2.5,2.977001,2.537481
3.0,3.0765743,2.9542825
3.1,3.0136135,3.052051
4.75,4.50453,4.692071
4.25,4.2389107,4.187941
4.0,3.6989188,3.9208813
0.8,0.98889786,0.81838536
3.0,3.063899,2.950107
3.0,3.3949203,3.0574403
4.0,3.7376945,3.9226468
2.2,3.084132,2.241374
4.25,4.231227,4.1976256
18.0,20.830748,18.0417
3.0,3.4765494,3.0584881
2.5,2.945302,2.507822
4.0,3.7369187,3.9241486
2.0,2.647939,2.0217488
3.75,4.043848,3.7732828
4.0,3.6876318,3.921114
3.75,3.733455,3.7329621
23.0,14.267922,11.890819
3.1,3.0136135,3.0543835
2.45,2.9272208,2.5150893
3.75,3.716059,3.6814005
2.0,2.632449,2.0259223
4.75,4.5021496,4.692071
3.75,4.043005,3.7540905
3.75,4.12825,3.7804694
3.0,3.198457,2.9475005
3.25,3.560819,3.2419004
4.0,3.657488,3.9222698
3.0,3.1879327,2.964869
3.0,3.23473,2.9622428
3.1,3.4284708,3.1018622
4.25,4.2432957,4.187941
2.5,3.0197995,2.5467744
2.55,3.0136135,2.6143177
3.0,3.2472694,2.9477835
4.75,4.571869,4.6927476
2.5,2.9347858,2.5359888
2.5,2.9486732,2.5419436
3.5,3.5836668,3.473054
2.5,2.9432347,2.5364463
3.0,3.3683398,2.9901938
3.0,3.4598987,3.0565443
2.5,2.9649358,2.538275
2.5,2.9091296,2.5083966
3.0,3.295642,2.994233
2.5,2.9788916,2.507822
3.75,3.7442155,3.678536
3.25,3.6446285,3.3047967
2.45,2.996912,2.5135152
3.1,3.0136135,3.0528817
3.0,3.0809839,2.9754167
3.5,3.600065,3.4461205
3.75,3.727966,3.6808012
3.0,3.0877101,2.9545846
0.8,0.998965,0.8037572
3.0,3.083054,2.971408
2.5,2.9284055,2.5379667
9.5,9.919279,9.481319
3.0,3.3136702,2.994233
2.5,3.0763128,2.5688236
0.8,0.9831045,0.80516833
2.5,2.9630392,2.5092754
3.75,3.6818006,3.7276373
19.75,33.761265,20.190119
3.75,4.327678,3.8095963
3.75,4.40044,3.8099263
2.5,3.1569514,2.5417619
3.0,3.1073823,2.9540684
4.0,3.6820438,3.922123
3.0,3.1733785,2.9966562
3.25,3.5791774,3.3068922
2.5,3.0202765,2.5547931
0.8,0.9982101,0.8042575
4.5,4.375101,4.468566
3.0,3.5748858,3.0251803
2.0,2.644291,2.021214
3.25,3.575815,3.3154678
3.25,3.5509079,3.2639415
3.75,3.9671512,3.7736754
2.0,2.64561,2.0245647
3.75,3.7558124,3.7287047
3.5,3.6522148,3.473054
3.0,3.2364902,2.944583
3.25,3.554738,3.2646646
3.0,3.0769424,2.9502335
3.0,3.1601124,2.97099
2.55,3.0136135,2.61228
3.0,3.4257898,3.0618005
3.0,3.15831,2.97099
3.0,2.98528,2.9727805
3.5,3.6050394,3.5536618
3.5,3.6333811,3.482674
2.5,3.0157456,2.5092754
3.5,3.5596044,3.4763274
3.75,3.7592723,3.7288208
2.5,2.9692693,2.5099986
2.5,2.9800825,2.5083966
2.0,2.6278112,2.0271523
3.0,3.0793076,2.9754167
2.5,2.9283717,2.5364463
2.5,2.9748142,2.542401
2.0,2.6738267,2.0271523
3.5,3.9670556,3.5634792
2.5,2.941932,2.5364463
0.8,0.976194,0.8041432
2.45,2.9046075,2.514249
2.5,3.0306282,2.55614
3.1,3.0136135,3.051535
3.1,3.330041,3.1013818
2.45,2.9794161,2.5138807
3.0,3.2725863,2.9893107
3.0,3.5400965,3.0618005
3.75,4.303175,3.8096862
4.5,4.3170233,4.507931
2.5,3.025029,2.556811
2.55,3.0136135,2.6150498
3.0,3.1727161,2.9617467
4.5,4.47023,4.440905
2.2,3.0757687,2.240144
3.75,4.0395336,3.7643864
4.5,4.2505674,4.4679427
3.0,3.325637,2.9893107
3.75,3.891462,3.7638538
3.75,4.3103943,3.8111966
2.5,2.9859743,2.5418882
2.0,2.6158588,2.0259223
3.5,3.5307195,3.4715009
3.0,3.070986,2.9754167
8.95,9.528542,8.947178
3.0,3.114117,2.9709263
2.55,3.0136135,2.6150498
2.5,3.061701,2.5673585
4.25,4.066369,4.195586
2.5,3.084176,2.5605032
3.1,3.0136135,3.054376
4.75,4.626075,4.694173
3.5,3.9045327,3.5616639
3.75,4.3321304,3.8095963
3.5,3.8432257,3.5655117
4.75,4.543213,4.70187
2.5,2.9685383,2.507822
3.75,3.9497292,3.7736754
3.0,3.0709143,2.95271
2.5,2.9812727,2.5083966
4.75,4.646565,4.6886315
3.0,3.095601,2.9540684
2.45,3.0045059,2.5130568
2.5,3.0762765,2.5616395
4.25,4.2320113,4.1976256
3.25,3.544126,3.2439954
3.75,4.034276,3.7478404
3.0,3.0646918,2.9328873
4.25,4.1928344,4.1972327
3.5,3.591008,3.473054
3.5,3.6137764,3.473054
3.5,3.6206162,3.4448903
2.5,2.9756088,2.5099986
3.0,3.1645682,2.9633737
2.5,2.9835474,2.5543745
3.75,4.3039255,3.8086352
3.25,3.575485,3.3077943
3.75,4.0593204,3.7732828
3.75,4.0057044,3.7732828
2.2,3.0899997,2.2381716
3.0,3.1567185,2.9703915
2.5,2.9147935,2.507822
3.5,3.5655558,3.495307
0.8,0.97312826,0.8043709
2.2,2.8819485,2.231433
3.5,3.643078,3.4461205
2.1,2.5579312,2.6972206
2.1,2.5970814,2.700415
3.25,3.4944437,3.2056584
3.5,3.6006267,3.473054
3.75,4.055213,3.7538111
4.75,4.5753317,4.690684
3.75,3.7735,3.7628388
3.1,3.450415,3.1003788
3.25,3.5737536,3.323686
3.0,3.3437736,2.9893107
4.25,4.2330666,4.1976256
0.8,0.97229314,0.7990313
0.8,0.9803963,0.801923
3.5,3.5589862,3.4828618
3.75,3.7711284,3.681573
2.5,3.0845842,2.5612073
3.5,3.5527627,3.4945536
2.45,2.9575734,2.5158749
2.0,2.653785,2.0245647
2.5,3.1241574,2.5463078
3.25,3.5596485,3.2406228
3.0,2.6402946,2.6411786
3.0,3.3134162,2.994233
2.5,2.975191,2.5372694
3.5,3.61684,3.5515866
3.75,3.9701655,3.7672732
3.0,3.6415591,3.0251803
3.0,3.2384086,2.994233
2.5,3.0760782,2.5633156
0.8,0.9883828,0.8037572
3.0,3.309537,2.9901938
3.5,3.6338046,3.47096
3.0,3.144816,2.965109
0.8,0.982839,0.80524105
3.75,4.3249273,3.8095963
2.5,3.0406861,2.5092754
3.25,3.5548115,3.2405424
3.1,3.0136135,3.0524192
3.5,3.5813315,3.4831173
3.5,3.8784475,3.563845
3.5,3.6023562,3.5646784
3.5,3.6088395,3.5617592
2.5,2.9363663,2.5352197
3.0,3.0747008,2.9322574
3.0,3.1876981,2.9639974
4.5,4.3304243,4.4379716
3.0,3.0804079,2.9550383
2.5,2.9844441,2.555763
3.5,3.6289089,3.4715009
3.75,3.7343824,3.7399971
3.0,3.0773702,2.9496393
2.2,3.0732608,2.241374
2.5,2.944703,2.5365784
2.5,3.1319666,2.5405202
3.0,3.342484,2.994233
2.5,2.9460917,2.5378804
3.0,3.271295,2.9898517
3.5,3.556989,3.4448903
3.1,3.0136135,3.052051
3.75,4.0649867,3.7815173
2.0,2.700141,2.021214
3.75,3.7340338,3.7632315
2.55,3.0136135,2.6113214
2.55,3.0136135,2.6113214
3.0,3.1935155,2.9457624
3.75,4.3278475,3.7986233
2.5,3.1025817,2.5422857
3.0,3.5217721,3.0618005
3.75,4.33731,3.8095963
4.25,4.0660763,4.195586
2.5,3.1601653,2.5429568
4.75,4.536806,4.691645
13.33,12.024124,13.287939
3.0,3.0802104,2.9328873
3.0,3.4047828,3.0570476
4.5,4.2754817,4.4723716
3.5,3.5637875,3.473054
2.1,2.624541,2.8390522
3.75,3.753692,3.7283318
4.5,4.4049406,4.457789
3.5,3.6033416,3.47096
3.0,3.2143123,2.9633665
3.75,4.0256443,3.7732828
3.0,3.1638107,2.9703915
4.75,4.661831,4.6923637
3.0,3.1595082,2.9591084
3.0,3.1738138,2.9650517
3.25,3.568518,3.3277152
3.75,3.7116568,3.7632315
2.2,2.8093057,2.2305055
3.0,3.7091134,3.02466
3.75,4.356082,3.8082995
4.25,4.217348,4.1972327
2.45,2.9326606,2.5137906
3.1,3.3825493,3.1012104
3.25,3.5493782,3.20527
3.5,3.8479872,3.5757368
3.5,3.5338151,3.442486
4.0,3.7418153,3.9213612
3.1,3.4374084,3.0999885
4.0,3.7179048,3.9222698
12.0,13.42774,12.158732
3.75,4.375808,3.8095963
3.25,3.5504172,3.2454681
3.75,4.024333,3.7736754
3.0,3.1503096,2.9617496
3.5,3.5430238,3.442486
3.5,3.895888,3.5658417
2.5,2.932697,2.5364463
4.5,4.3800545,4.446462
3.75,3.663655,3.7628388
3.0,3.2562792,2.9893107
3.5,3.6144235,3.4813845
2.55,3.0136135,2.6151483
3.0,3.074747,2.9501743
2.5,2.9774537,2.5424032
3.0,3.1689935,2.9650204
2.45,2.9534435,2.5137906
2.2,2.7672455,2.2299645
2.5,2.9626396,2.5373058
4.25,4.0657797,4.195979
3.0,3.0792346,2.9510667
2.5,3.133977,2.5419087
2.2,3.0788157,2.241374
2.55,3.0136135,2.6170678
3.75,4.3455353,3.79583
2.5,3.0713649,2.5618057
21.0,19.651102,20.726444
3.75,3.743945,3.728885
3.75,4.066866,3.7846484
3.0,3.2588797,2.9898517
2.2,3.0803227,2.2381716
3.1,3.0136135,3.0535529
0.8,0.986874,0.80088043
3.75,3.9904668,3.7732828
3.25,3.571138,3.2583764
4.25,4.118821,4.200648
0.8,0.9752145,0.80360067
3.0,3.0781314,2.9727805
3.1,3.0136135,3.051535
3.75,4.1350727,3.7732828
3.75,3.9070878,3.7632825
3.1,3.0136135,3.051535
4.75,4.4848065,4.690348
3.1,3.419471,3.100985
3.75,3.7200198,3.680839
3.0,3.068463,2.9741867
3.5,3.9121158,3.566704
3.5,3.551905,3.4864662
2.5,3.1369076,2.5409389
3.0,3.0872638,2.951682
3.0,3.3419707,2.9907348
2.2,3.0869982,2.2381716
2.5,2.9342237,2.5369945
2.5,2.9821417,2.5432606
3.0,3.2102132,2.9470983
3.75,3.7421985,3.7628388
0.8,0.9622282,0.80360067
3.0,3.3149083,2.9959803
2.5,2.905446,2.507822
0.8,0.9850568,0.8003025
2.0,2.674514,2.0218124
3.5,3.6017249,3.4448903
2.5,2.9436796,2.5368018
2.5,3.0306835,2.5566149
3.0,3.3775778,2.9928603
4.5,4.3277426,4.4687176
3.75,3.7209735,3.6812046
2.0,2.6733685,2.0259223
3.0,3.086668,2.9560864
3.0,3.240151,2.9959803
4.25,4.0634346,4.195979
3.0,3.2056434,2.96231
3.0,3.1153781,2.9586504
3.75,4.127677,3.7800767
3.0,3.254353,2.9493039
2.5,2.9415526,2.538743
2.0,2.6763783,2.0271523
2.5,2.9828696,2.5423458
3.1,3.0136135,3.0535529
3.5,3.579736,3.4448903
3.0,3.4287024,3.0570476
2.5,3.0119045,2.5092754
3.75,3.727959,3.7628388
3.0,3.0825126,2.9622858
2.0,2.7024539,2.0218124
2.5,3.1132874,2.5422857
2.5,2.964162,2.542401
4.0,3.734672,3.9229999
3.1,3.334273,3.1020334
3.1,3.381566,3.1017992
2.5,2.9322033,2.5359888
2.5,3.079479,2.5670755
3.75,3.7640147,3.6820314
3.5,3.5720108,3.472513
3.5,3.8162189,3.56364
2.55,3.0136135,2.6170678
4.69,4.0136375,3.763796
3.0,3.2701209,2.994233
4.5,4.2408504,4.4680605
3.75,4.0136557,3.7670164
2.5,3.0717976,2.5604663
3.5,3.8930888,3.5655117
3.0,3.1599574,2.9650517
3.75,3.7580085,3.728578
3.0,2.64261,2.5465012
2.5,2.939961,2.5083966
4.0,3.7087345,3.9213612
3.0,3.1835284,2.9475005
2.5,3.0022855,2.5083568
3.0,3.237411,2.9966562
3.0,3.2433774,2.9959803
3.1,3.3878717,3.1028104
2.5,2.9789057,2.5099986
3.1,3.0136135,3.0524557
3.0,2.5871906,2.7831907
3.0,3.0709434,2.9754167
3.75,3.7610638,3.727413
3.0,3.1014051,2.9540684
3.0,3.1662304,2.9639974
2.5,3.0188813,2.5561323
3.25,3.5850556,3.3070276
3.0,3.2641063,2.9901938
3.1,3.0136135,3.0528817
3.0,3.2144215,2.9477282
9.25,9.905262,9.224571
3.75,3.9061716,3.7632825
3.5,3.556934,3.442486
2.5,3.0736227,2.5636306
2.45,3.004992,2.5125945
4.25,4.282414,4.1864996
3.0,3.2206979,2.948241
3.25,3.5464396,3.244779
2.55,3.0136135,2.6156528
2.2,2.823712,2.231433
3.25,3.548901,3.263387
2.5,3.0503435,2.5587285
2.2,2.7522058,2.2299645
2.0,2.6668205,2.0217488
3.0,3.4428525,3.0618005
0.8,0.9724444,0.80357826
3.25,3.5371058,3.2688982
3.1,3.0136135,3.0543835
3.0,3.255012,2.9898517
3.0,3.1798449,2.97099
3.75,3.751759,3.7289677
4.5,4.318239,4.470385
3.0,3.0908313,2.9556315
3.0,3.0795774,2.9508004
3.0,3.3816245,3.0584881
3.0,3.2661943,2.948241
4.0,3.6816263,3.921816
2.2,3.0587497,2.2381716
3.5,3.825091,3.5666142
3.5,3.9264467,3.5646405
3.5,3.630774,3.4461205
3.75,4.043148,3.7517009
2.5,3.1471934,2.5361667
4.25,4.122205,4.200648
3.75,3.748101,3.7298098
3.75,3.735745,3.729582
3.5,3.771234,3.5658417
2.55,3.0136135,2.6163967
3.5,3.554323,3.499197
3.5,3.844292,3.5666142
0.8,0.9887609,0.80084795
2.45,2.9236937,2.5134223
3.0,3.1015787,2.9621854
2.55,3.0136135,2.6178176
3.0,2.5920818,2.889483
2.5,2.9689612,2.5365112
3.0,3.6408072,3.0251803
7.6,7.8852816,7.604628
3.75,4.0513515,3.780946
2.5,2.9815516,2.542401
3.0,3.2283084,2.994233
3.0,3.0873842,2.9741867
2.0,2.7091424,2.0218124
2.0,2.6260543,2.0271523
2.45,2.9323957,2.5136182
3.0,3.6441057,3.0251803
3.0,3.15738,2.9703915
2.5,2.9611344,2.5099986
3.0,3.1426103,2.9681373
3.0,3.061967,2.9741867
3.75,4.2967806,3.8096862
3.0,3.1650329,2.9645941
3.75,3.9644437,3.7736754
2.0,2.647438,2.0245647
2.5,2.988223,2.5549324
2.0,2.6695242,2.0245647
3.75,4.0244713,3.7658548
3.75,4.109888,3.7804694
3.0,3.1331265,2.9623463
2.1,2.6362672,2.6274745
3.75,4.0412483,3.7705984
7.6,7.919137,7.5848413
3.5,3.605656,3.482353
3.0,3.1384573,2.97099
3.75,3.7611375,3.6820943
3.0,3.0140042,2.933098
3.75,3.7214587,3.731005
3.0,3.0685873,2.9727805
3.0,3.0823474,2.9541297
0.8,0.9767414,0.8034894
3.0,3.0796442,2.9741867
2.5,3.2077317,2.5437799
3.25,3.5534375,3.2411168
3.0,3.2168417,2.9613104
3.0,3.2814329,2.9901938
3.75,3.733427,3.6812975
2.2,2.8165514,2.231433
2.5,2.9792085,2.5367668
18.0,20.58861,18.001146
3.75,3.762942,3.7628388
3.0,3.0353827,2.9255226
2.45,2.9777565,2.5138807
3.0,3.0833328,2.9543405
2.0,2.6418767,2.0245647
3.0,3.212357,2.9633772
2.5,3.0959294,2.5732288
14.75,18.135534,14.939097
0.8,0.99101317,0.8041432
3.75,3.7097003,3.7268891
2.5,3.0701363,2.5677607
3.0,3.1920345,2.9959803
3.0,3.0728698,2.9522212
3.0,3.283707,2.9608793
2.55,3.0136135,2.6105719
4.25,4.23625,4.187941
0.8,0.9896353,0.8041432
2.0,2.6372788,2.0271523
3.0,3.4056985,3.0574403
4.75,4.5205317,4.694224
3.0,3.1540403,2.97099
4.25,4.308013,4.1864996
2.55,3.0136135,2.6170678
3.75,4.054078,3.780946
3.0,3.0704746,2.9754167
3.0,3.1762314,2.97099
2.5,2.9711626,2.5365412
3.0,3.1018853,2.9556315
3.1,3.0136135,3.0525048
4.5,4.368642,4.446558
3.5,3.6460843,3.473054
4.5,4.370745,4.4437222
2.2,3.0823765,2.241374
2.0,2.6624088,2.0271523
3.75,4.021502,3.7504485
2.5,2.9545724,2.5363092
2.5,2.9533517,2.5418882
4.25,4.21354,4.1976256
4.25,4.2644386,4.1864996
2.5,3.0212903,2.5559058
3.1,3.3227735,3.1013262
3.75,3.721924,3.6803768
3.75,3.7135718,3.6820154
0.8,0.99991167,0.8041432
2.5,2.9721577,2.5099986
3.0,3.1557627,2.9966562
3.75,4.05523,3.780946
2.1,2.5955296,2.7241092
3.0,3.0773394,2.9554076
3.0,2.622222,2.8636174
3.5,3.845094,3.5658417
2.55,3.0136135,2.6178908
4.5,4.300252,4.491908
2.5,3.1240804,2.5413508
2.5,2.9172306,2.5099986
4.0,3.678387,3.924916
3.0,3.0735822,2.9727805
3.25,3.5617476,3.2646646
2.5,2.9588192,2.5365841
2.5,2.905082,2.542401
18.0,18.911531,17.954866
0.8,0.9982101,0.8042575
3.5,3.5499294,3.4785905
3.0,3.4368825,3.0574403
2.0,2.6337256,2.0259223
3.25,3.5547936,3.263881
3.0,3.0838656,2.9521482
3.5,3.9021196,3.5655117
3.75,3.905638,3.7638538
2.5,3.0771945,2.566618
0.8,0.9755054,0.8036213
3.0,3.0893278,2.9526517
2.5,3.0224845,2.5576417
3.0,3.065482,2.9741867
3.0,3.204499,2.9966562
3.75,4.1068087,3.7800767
4.75,4.5107718,4.684022
3.0,3.4702115,3.0584881
2.2,2.7771702,2.2299645
3.75,3.7298815,3.6819525
3.0,3.252248,2.994233
2.5,3.094005,2.5609596
3.1,3.0136135,3.0539958
2.45,2.9755638,2.5133283
4.5,4.428421,4.440945
2.5,2.9371128,2.5382
3.0,3.1910393,2.9635885
3.0,3.101641,2.9540684
4.0,3.7249901,3.9234142
3.75,4.04582,3.7664165
3.25,3.5550463,3.2772765
4.5,4.375457,4.445165
2.5,2.9730878,2.5355287
0.8,0.9786967,0.80516833
3.0,2.598014,2.7514482
2.5,2.9469533,2.542401
3.0,3.0639007,2.9329426
2.5,2.935955,2.5364463
0.8,0.9726548,0.80001175
22.5,20.729599,22.39843
3.0,3.414709,3.0584881
3.5,3.6084082,3.549415
3.5,3.5927165,3.4448903
2.5,2.9934945,2.5092754
2.0,2.6590962,2.0245647
2.5,2.9989872,2.5099986
2.5,3.1358285,2.5447056
3.0,3.088535,2.9754167
8.95,9.423498,8.94926
3.5,3.9566922,3.5632732
3.75,3.7407434,3.7632315
2.2,2.8185062,2.231433
3.75,3.6391642,3.761428
2.55,3.0136135,2.6147342
2.0,2.6774106,2.0245647
3.0,3.1737456,2.9621768
3.75,3.6972098,3.7628388
3.25,3.5568326,3.2406228
2.5,3.0686913,2.567816
3.75,3.719002,3.7264693
3.5,3.578883,3.4909825
3.5,3.9364932,3.5655117
3.0,3.2436597,2.9604943
3.0,3.465895,2.9623322
4.25,4.208782,4.1972327
3.0,3.1957464,2.948241
0.8,0.99970293,0.80516833
9.5,9.753231,9.480497
2.0,2.663458,2.0245647
4.25,4.1980324,4.1972327
3.0,3.3177154,2.9959803
4.5,4.2841763,4.469768
2.5,3.0714142,2.559876
8.95,9.557741,8.921863
3.5,3.5514023,3.4877405
4.5,4.2426777,4.4679093
3.0,3.3512154,2.9901938
3.1,3.3286886,3.1015787
2.5,2.9843664,2.5092754
3.0,3.2276719,2.948241
2.45,3.0071192,2.5130188
2.5,2.9265597,2.537452
3.0,3.466214,3.0618005
3.0,3.2602828,2.9893107
3.0,3.2504888,2.9907348
3.0,3.340456,2.9901938
0.8,0.97456235,0.7970926
2.0,2.6502657,2.0259223
28.0,28.12403,27.875914
3.1,3.6153471,3.100354
2.2,2.823248,2.231433
7.6,7.77147,7.604999
2.0,2.6830711,2.0245647
0.8,0.9874042,0.7974967
10.0,10.90741,9.992097
2.0,2.6293933,2.0245647
3.0,3.2593238,2.9898517
2.5,3.0739746,2.567816
2.5,3.0714698,2.5673032
3.1,3.0136135,3.0528817
12.0,13.031169,12.107292
4.5,4.3754377,4.468566
3.5,3.5972588,3.47096
3.5,3.5767045,3.484357
2.5,2.9675217,2.5373871
3.5,3.7836325,3.5648234
2.5,2.9739614,2.5092754
2.2,2.8750567,2.231974
4.5,4.3030996,4.4732575
3.0,3.2570105,2.9901938
3.5,3.3170023,3.4447477
3.0,3.151916,2.9709263
3.0,3.1892705,2.9445124
0.8,1.002606,0.80516833
4.5,4.4261312,4.4465513
3.75,3.70772,3.7628388
2.5,3.0616128,2.5677607
3.0,3.1613293,2.9703915
3.0,3.589883,3.0236044
2.5,2.9821615,2.5083966
4.5,4.4337835,4.446244
3.75,4.134814,3.7732828
3.5,3.6319528,3.583921
3.5,3.815184,3.56362
4.0,3.7105498,3.924141
2.5,2.9348817,2.5317326
3.0,3.1147804,2.9727805
2.2,2.8118734,2.2305055
4.5,4.365937,4.446462
3.75,3.730496,3.7237124
2.5,3.1796954,2.5412676
2.5,3.0901794,2.5624106
3.5,3.556634,3.4950895
2.5,3.0732484,2.5693364
3.0,3.3714218,3.0579169
3.0,3.0818417,2.9727805
3.5,3.6419945,3.47096
3.75,4.132803,3.7800767
2.45,2.9223037,2.5141702
2.5,2.9362426,2.5353036
3.75,4.294296,3.8096862
3.75,3.7185369,3.680839
4.25,4.0637245,4.195586
4.5,4.3574543,4.469776
3.5,3.9858203,3.5604248
3.25,3.512249,3.2634864
3.5,3.8722966,3.5655508
3.5,3.650024,3.47096
3.0,3.1606922,2.97099
3.1,3.3691459,3.1017992
3.1,3.0136135,3.0535529
3.0,3.168384,2.9629564
3.25,3.573816,3.30597
2.5,3.1415935,2.5409389
3.75,3.732166,3.7244709
2.45,2.920528,2.51296
3.75,4.0557795,3.7864137
0.8,0.98627937,0.80368495
3.5,3.523808,3.442486
4.75,4.5245323,4.6936197
3.0,3.072907,2.9496284
4.0,3.7378204,3.9241486
2.5,3.0203116,2.556811
3.75,3.8793683,3.764354
2.5,2.9355192,2.5108445
3.0,3.2163208,2.948241
3.5,3.8485036,3.5656016
0.8,0.993659,0.80428743
2.5,2.958414,2.5368483
3.5,3.9317493,3.562252
3.0,3.0817902,2.9741867
2.0,2.6137261,2.0271523
3.0,3.0783195,2.9547033
2.45,2.9814737,2.5130568
15.0,20.048985,14.960551
3.0,3.1669035,2.97099
3.75,4.3070717,3.80575
3.75,3.6722786,3.7273757
2.5,3.031106,2.5556526
3.5,3.6638641,3.473054
4.5,4.425709,4.4465513
2.5,2.9270327,2.5378466
3.0,3.0959787,2.9528413
3.5,3.5644794,3.4869108
3.25,3.5748482,3.3069491
3.75,3.7139337,3.6812046
0.8,0.9766331,0.80332196
2.45,2.9459848,2.5138807
3.0,3.1823497,2.962071
2.45,2.9236283,2.5138807
3.5,3.5525675,3.490644
9.5,10.302412,9.480127
2.5,3.0996284,2.541455
3.0,3.3958366,3.0570476
4.75,4.586221,4.6958685
3.0,3.1005175,2.9536886
3.25,3.567668,3.326207
3.1,3.0136135,3.051535
3.75,4.0519457,3.7525043
3.5,3.6123643,3.473054
3.0,3.0606093,2.9727805
0.8,1.0004622,0.80410784
2.5,3.1390724,2.5437875
2.2,3.1012576,2.241374
4.5,4.4149027,4.448711
2.5,3.0820966,2.5616806
2.5,2.9580503,2.5419436
2.2,3.0745525,2.2381716
3.0,3.0713673,2.9727805
2.0,2.6353319,2.020355
2.0,2.6507916,2.0245647
2.5,3.077482,2.567816
0.8,0.9648994,0.80350566
45.0,35.064007,44.976368
2.2,3.0652318,2.241374
3.0,3.0850196,2.9338021
3.0,3.2684617,2.9901938
3.5,3.6440272,3.473054
2.2,3.08081,2.2381716
2.5,3.1263604,2.544767
3.75,3.7324808,3.720116
3.0,3.20169,2.954683
3.0,2.6251621,2.851619
2.2,3.0895238,2.241374
2.5,3.0071442,2.5479577
3.0,3.0958161,2.9754167
2.2,2.9216607,2.2305055
3.0,3.3012104,2.9907348
3.75,3.9323106,3.7632825
10.0,10.193674,10.00454
2.5,2.9433422,2.5083966
2.5,2.9276748,2.537452
2.5,2.9131918,2.5359888
3.0,3.557826,3.0236044
2.0,2.6790266,2.0218124
3.0,3.219849,2.9635885
3.0,3.2973006,2.9907348
0.8,0.98465955,0.8122505
4.5,4.372344,4.471379
2.5,3.0700378,2.5677607
2.5,2.9853232,2.541384
2.5,2.963765,2.5372694
3.0,3.1911545,2.9966562
2.5,2.918222,2.5359888
2.45,2.9285574,2.514249
4.5,4.3806496,4.445495
3.0,2.6066785,2.706798
3.0,3.4024067,3.0574403
3.5,3.8135371,3.5658417
3.75,4.3225875,3.8077047
2.5,2.9387383,2.541201
3.0,3.059084,2.9513898
3.1,3.4252815,3.1016688
3.75,3.750472,3.7210124
2.55,3.0136135,2.6150498
3.0,3.2578766,2.9893107
3.0,3.0738325,2.9628642
3.75,4.327853,3.8076892
3.75,3.7397804,3.7302375
3.75,3.6935465,3.7222364
3.75,3.750796,3.6808012
4.25,4.268757,4.1864996
0.8,0.98549277,0.8035693
3.25,3.551171,3.263387
3.5,3.5542598,3.4715009
3.0,3.0901828,2.9541297
2.5,2.9575143,2.542401
2.55,3.0136135,2.6170678
14.0,14.020529,14.207262
3.75,3.745683,3.7300923
3.75,4.0465946,3.7553475
2.0,2.6521733,2.0271523
2.5,2.973499,2.542401
0.8,0.9769539,0.80425686
3.0,3.2299287,2.9632118
3.75,4.0631094,3.7804694
3.0,3.2122529,2.9590206
2.5,2.9312162,2.5099986
2.5,3.060293,2.566569
2.5,3.0178685,2.5092754
6.4,9.071263,6.4177375
3.0,3.0974417,2.9554152
3.0,3.479976,3.0584881
4.25,4.122675,4.1964564
2.45,2.9356709,2.5134223
3.0,3.0727735,2.9512894
3.0,3.0734773,2.932485
2.5,3.1493301,2.539052
3.5,3.5556724,3.4862537
3.25,3.6517482,3.3209102
14.0,13.981737,14.374503
7.6,7.829606,7.604999
2.5,3.076981,2.567816
2.5,2.9944348,2.541612
2.2,2.8234735,2.231433
3.25,3.526897,3.2688982
3.1,3.0136135,3.053176
4.5,4.2976446,4.4895372
0.8,0.98175526,0.7977652
3.5,3.599107,3.4715009
3.75,2.8894334,3.6775768
3.1,3.0136135,3.0543835
4.0,3.6685305,3.921816
2.2,2.8041909,2.2305055
3.5,3.5664608,3.479568
3.0,3.043416,2.9282858
2.0,2.683948,2.0218124
3.75,3.7160943,3.7399642
2.45,3.0173488,2.5130188
2.5,2.9793167,2.5367668
3.1,3.0136135,3.0529106
3.0,3.0690286,2.95654
3.0,3.0838618,2.9754167
4.5,4.400714,4.446462
2.5,2.9926834,2.5417173
2.5,2.931447,2.537741
4.25,4.212009,4.1972327
3.5,3.7721837,3.5655117
4.38,3.5548708,3.4926689
22.5,21.217459,22.29121
2.5,2.9927125,2.55614
2.5,3.0704594,2.559776
3.0,3.07523,2.9556315
2.1,2.6250348,2.6877918
2.5,3.0786686,2.5543594
3.5,3.6278377,3.4461205
2.5,2.987362,2.5466726
2.5,2.9554696,2.5419436
4.75,4.5032263,4.691975
3.0,3.0684633,2.9324298
2.5,2.954363,2.5108445
3.5,3.549397,3.4799335
3.0,3.159277,2.9598246
3.0,3.1810098,2.97099
2.2,2.8611412,2.231974
2.5,2.9946847,2.5108445
3.1,3.0136135,3.051535
3.0,3.1971982,2.948241
3.25,3.5736198,3.3228652
3.0,3.2278557,2.9610353
2.5,3.1208067,2.5424116
3.0,3.1656516,2.9703915
3.5,3.550997,3.4798436
3.1,3.330041,3.1013818
2.5,2.9445276,2.5099986
2.5,2.946239,2.542401
3.0,3.283792,2.9907348
10.0,10.218001,9.994384
4.75,4.5006924,4.6864104
3.75,4.3610106,3.8107886
4.5,4.488262,4.4415574
3.5,3.5645187,3.4835577
2.5,2.9699008,2.5371232
3.5,3.6149313,3.4928687
3.5,3.6204624,3.5676396
0.8,0.9821289,0.79806715
3.0,3.0730016,2.956917
2.5,2.9449325,2.5108445
2.2,2.8108895,2.2305055
3.0,3.286675,2.9959803
3.1,3.0136135,3.0515962
3.75,4.0014553,3.7732828
3.0,3.263904,2.9901938
3.25,3.5987213,3.303759
4.5,4.4233613,4.446558
4.5,4.348341,4.471984
3.0,3.7026327,3.0251803
2.5,2.9685693,2.5419436
3.0,3.1980295,2.9635856
2.55,3.0136135,2.616389
4.0,3.7464073,3.9195883
2.5,3.1477363,2.5411298
3.75,4.033654,3.750096
2.5,3.041081,2.538275
2.55,3.0136135,2.615566
4.25,4.205354,4.1972327
3.0,3.234777,2.948241
3.75,3.7435653,3.7311323
3.0,3.0950675,2.957294
4.25,4.117584,4.1970277
3.75,3.7161872,3.7252786
3.0,3.252149,2.9898517
3.0,3.0707083,2.9292846
3.0,3.2422051,2.9966562
2.5,2.9885314,2.5092754
2.0,2.6556997,2.0245647
3.0,3.0752306,2.9316998
2.45,2.899219,2.5132494
3.1,3.0136135,3.0525048
3.0,3.184223,2.948241
3.0,3.2602828,2.9893107
3.75,3.7252786,3.7385225
3.75,4.325494,3.8076892
3.0,3.0907369,2.9560864
3.0,3.612592,3.0251803
2.5,2.93233,2.5372694
2.5,3.170679,2.5422857
3.0,3.16536,2.9635885
3.0,3.2315335,2.948241
3.5,3.5722687,3.4790835
3.0,3.4023862,3.0570476
3.0,3.4584796,3.0574403
2.0,2.6719503,2.021214
2.45,3.6103277,2.5145679
2.5,3.0020292,2.538437
3.0,3.6723492,3.0251803
3.0,3.3766556,3.0570476
3.0,3.0532093,2.9741867
3.75,4.0291433,3.7663486
3.0,3.1541586,2.9703915
2.5,2.9510314,2.5083966
2.5,2.9799943,2.5108445
3.75,4.337251,3.7997289
4.25,4.111062,4.2010407
3.25,3.5477877,3.2626033
3.75,3.7640147,3.6820314
3.0,3.6100514,3.0251803
4.25,4.2442493,4.18737
2.0,2.651137,2.0218124
3.5,3.522477,3.443518
15.0,19.36332,15.095519
3.0,3.0913272,2.963868
2.0,2.6635232,2.0245647
3.5,3.5768664,3.442486
3.75,4.0589705,3.780946
3.75,3.7344863,3.729582
3.75,4.3033733,3.8086352
3.25,3.5802343,3.3068473
2.5,3.0532465,2.5673585
2.5,2.921137,2.5083966
4.75,4.49582,4.6878033
3.0,2.6125855,2.564858
2.1,2.6061974,2.5875516
4.0,3.6717467,3.920923
3.1,3.0136135,3.0567827
3.5,3.5908616,3.472513
3.0,3.2675626,2.948241
4.25,4.114926,4.1970277
0.8,0.96872455,0.80418056
4.75,4.5085535,4.682488
3.0,3.0891619,2.9312382
2.5,3.0204716,2.556811
2.0,2.6772318,2.0259223
4.25,4.066228,4.195979
0.8,0.9879508,0.804587
4.75,4.4854126,4.690348
3.25,3.5466626,3.244779
3.0,3.0792356,2.9522212
3.75,4.141717,3.7732828
2.5,2.9767904,2.537452
3.5,3.580725,3.4448903
0.8,0.9846699,0.80516833
4.5,4.417144,4.448711
0.8,0.9874102,0.80516833
3.0,3.0853653,2.9547756
2.45,2.964757,2.5130188
3.75,3.7198293,3.7349772
3.5,3.622838,3.5516255
3.0,3.3982384,3.0618005
0.8,0.95931554,0.80360067
3.0,3.40188,3.0570476
2.5,2.9792085,2.5367668
2.5,3.0820997,2.5609577
3.0,3.0770655,2.9741867
6.4,7.6913986,6.4180765
2.5,3.0821245,2.5644746
2.5,2.9701686,2.5419436
3.75,4.0048094,3.7529285
3.75,3.716438,3.6807423
2.5,3.0790868,2.5616696
3.25,3.5497136,3.270176
2.2,3.0616996,2.2381716
3.0,3.2676044,2.9893107
4.5,4.393429,4.4416523
3.75,3.7434661,3.7317579
2.0,2.7389896,2.0245647
3.75,3.74554,3.7302246
0.8,0.9640927,0.80484813
3.0,3.1390476,2.97099
3.25,3.5517836,3.2625663
3.0,3.118349,2.9560864
2.5,3.072063,2.567816
2.5,3.0097322,2.5576417
3.75,4.021867,3.7495015
3.0,3.2017694,2.960337
2.5,3.1223192,2.546524
2.5,2.9682574,2.5108445
0.8,1.0070677,0.80516833
3.0,3.0834126,2.9754167
0.8,0.98385406,0.7961497
4.25,4.0645714,4.195979
3.75,3.7272742,3.7632315
3.75,4.0650806,3.780946
3.75,4.0576563,3.7864137
3.5,3.8787963,3.5655117
2.5,3.1400864,2.541455
2.5,2.9659483,2.538275
3.25,3.5508142,3.2685676
3.0,3.4047308,3.0579169
2.5,3.0724611,2.5673585
3.0,3.07129,2.9535642
2.45,2.9048812,2.5141702
0.8,0.99178505,0.80422515
3.1,3.0136135,3.052874
3.0,3.1440969,2.9709263
3.75,4.0638447,3.786021
3.75,3.7215834,3.6812046
3.0,3.188073,2.9650517
3.0,3.0700934,2.9344077
3.75,4.1413527,3.7800767
2.0,2.660614,2.0245647
3.0,3.0969152,2.9727805
3.75,3.7482805,3.7275608
3.0,3.4488182,3.0621932
2.2,2.8011668,2.231433
3.5,3.794823,3.5515723
2.5,3.0138454,2.5548544
3.75,3.775454,3.7243898
3.5,3.622527,3.611275
2.45,2.9255805,2.5134223
2.45,2.9316535,2.5134223
3.0,3.1809034,2.9703915
3.5,3.7830043,3.5655117
3.5,3.5868986,3.473054
2.55,3.0136135,2.6178985
2.5,2.950872,2.5372248
3.5,3.5756001,3.472513
2.55,3.0136135,2.6170678
3.0,3.239286,2.9626336
20.45,17.532404,20.343227
3.5,3.5667517,3.4715009
3.0,3.3647652,3.0570476
3.5,3.6296747,3.5480692
3.5,3.597977,3.4830787
0.8,0.995348,0.80575526
3.75,4.064645,3.780946
3.0,3.0839393,2.9569094
2.5,2.937027,2.5108445
3.5,3.640131,3.47096
3.0,3.1037428,2.9516864
3.0,3.064964,2.9754167
2.45,2.9843967,2.5141702
4.0,3.6952636,3.9221594
3.0,3.6266031,3.02466
3.1,3.0136135,3.0515962
2.5,2.9183104,2.5364463
3.0,3.2269378,2.994233
3.5,3.5613816,3.4759786
3.5,3.5797608,3.442486
14.0,15.2151985,15.689711
3.75,3.7401092,3.7632315
2.2,2.8401153,2.231974
4.25,4.1250334,4.200648
2.5,2.9506192,2.5391943
3.0,3.1198907,2.9516864
2.5,3.004936,2.5092754
3.5,3.5833576,3.442486
3.25,3.5561233,3.3285673
3.1,3.3834114,3.1012104
2.5,3.0341969,2.5547931
3.0,3.0651846,2.9318
2.1,2.5446124,2.7904696
3.5,3.5982823,3.472513
2.5,2.9401455,2.507822
3.0,3.2101393,2.962558
2.5,3.0826497,2.567816
2.0,2.699761,2.0218124
4.5,4.390419,4.440555
2.0,2.7026916,2.0218124
2.5,2.9592307,2.533742
4.25,4.1193085,4.1970277
3.0,3.0790842,2.9512696
2.45,2.955092,2.5138807
21.0,15.753405,20.97136
3.5,3.5770874,3.472513
3.75,3.9659326,3.7632825
3.75,4.044819,3.771257
2.2,3.0848632,2.2381716
3.25,3.712369,3.2583764
4.25,4.269904,4.1864996
4.75,4.51332,4.6834097
2.5,2.9637985,2.507822
2.2,3.1163378,2.236799
3.0,2.8471875,2.9528391
3.5,3.603924,3.472513
3.5,3.6138136,3.47096
0.8,0.97081065,0.80443877
3.0,3.0599792,2.9505658
3.25,3.5536478,3.2411168
3.0,3.538825,3.0570476
2.5,3.066151,2.5666714
4.0,3.7230346,3.9235556
3.0,3.253547,2.9959803
3.0,3.1683693,2.9577584
6.4,11.414351,6.4666896
3.0,2.6412272,2.6796358
3.0,3.0781665,2.951174
2.5,3.1165667,2.5437875
2.55,3.0136135,2.616236
2.5,2.9553719,2.5369945
0.8,0.97952807,0.8035693
3.5,3.55031,3.4799542
3.0,3.175079,2.97099
3.0,3.3036387,2.9907348
2.0,2.6643548,2.0271523
2.0,2.6337566,2.0245647
3.75,3.7570655,3.7301054
3.5,3.8673909,3.5655117
8.95,8.276105,9.037326
3.1,3.4178436,3.100807
3.75,4.1008406,3.7804694
3.75,4.3250475,3.803863
3.0,3.5503695,3.0584881
0.8,0.96527624,0.80350566
3.0,3.289752,2.9901938
3.75,4.016918,3.7519815
2.5,2.9108763,2.5375357
3.0,3.2969117,2.9901938
0.8,0.9754983,0.8035693
0.8,0.99524695,0.8041432
2.45,2.9355721,2.514249
3.0,3.079978,2.9741867
18.0,20.777315,18.085022
3.0,2.6327386,2.648618
3.5,3.5867558,3.47096
3.0,3.079176,2.962719
3.25,3.5467043,3.202851
3.75,4.0411696,3.7518458
3.75,4.02166,3.7663486
2.5,2.9864829,2.5108445
3.5,3.6532373,3.47096
0.8,0.9759091,0.8000528
0.8,0.97512794,0.79632235
3.75,3.7268717,3.6807423
4.75,4.586837,4.691975
3.0,3.1944137,2.9645941
3.75,3.735021,3.7632315
3.5,3.6063411,3.4461205
3.1,3.372029,3.1012104
2.2,3.0637283,2.241374
3.25,3.5543172,3.2411168
3.5,3.6508367,3.4461205
3.5,3.930957,3.5618865
2.2,3.0839875,2.241374
3.0,3.081355,2.9545846
3.75,3.9278815,3.7638538
13.33,12.440031,13.2878475
2.5,2.9291542,2.5108445
20.45,17.616884,20.355968
3.0,3.0791552,2.950842
4.5,4.4499474,4.446792
3.75,4.316814,3.8099263
3.5,3.8145576,3.5656016
3.75,4.0325613,3.7514062
4.25,4.127775,4.200648
2.5,3.0762506,2.5607808
3.0,3.0767832,2.9356518
0.8,1.0019199,0.80516833
3.0,3.2496753,2.9901938
3.5,3.6073844,3.4835238
3.0,3.4253397,3.0574403
3.5,3.9202302,3.5658417
3.0,3.441217,3.0579169
0.8,0.98857427,0.80516833
2.5,2.9375348,2.5369484
2.5,3.0787287,2.567816
3.25,3.5557992,3.2406228
2.2,3.076461,2.240144
2.5,3.0015657,2.5092754
3.5,3.6270845,3.4461205
3.5,3.5965855,3.472513
2.5,2.9698954,2.507822
2.5,3.0757103,2.5623567
3.0,3.0626216,2.9550383
3.75,4.0574694,3.7815173
3.5,3.2140942,3.4461205
3.75,3.7649481,3.7437453
2.0,2.6460905,2.0218124
3.75,4.326241,3.8007834
3.75,3.726364,3.6830423
4.25,4.0623627,4.195979
3.5,3.6214755,3.472513
3.0,3.126101,2.962631
7.6,7.850067,7.604628
4.25,4.1192856,4.200648
2.2,2.8361626,2.231433
3.75,4.027885,3.7732828
2.5,2.9396005,2.5359888
3.0,3.0627675,2.9292293
3.1,3.4366124,3.0999885
3.25,3.560079,3.260434
4.5,4.3255167,4.471229
3.75,3.7902794,3.681573
3.0,3.084021,2.9338021
3.0,3.2321305,2.9607651
2.5,2.9389584,2.5083966
0.8,0.9718136,0.80443877
4.0,3.663864,3.924141
3.75,3.7714164,3.6814795
2.5,2.9559858,2.5419436
3.75,3.7431593,3.6819525
3.0,3.1817982,2.946344
3.5,3.6039042,3.442486
3.0,3.1389306,2.97099
3.5,3.6165888,3.5549982
2.5,2.9793522,2.534315
3.0,3.083585,2.9727805
3.25,3.5877907,3.3115325
2.5,2.9588344,2.5347476
3.75,3.7514384,3.729246
2.2,3.0745163,2.241374
3.5,3.601903,3.47096
2.5,3.0704837,2.5585055
3.75,3.6511774,3.7265897
2.5,2.9478993,2.5418882
2.5,2.9229283,2.5359888
2.5,2.941359,2.5446675
3.5,3.5573206,3.4448903
2.5,2.9750712,2.5083966
3.0,3.2655582,2.9959803
2.5,2.9731755,2.5092754
3.75,3.7107472,3.6812046
45.0,32.126305,44.990925
2.5,3.0302484,2.5547931
3.0,3.0545099,2.9292846
2.5,3.0903406,2.5616634
3.1,3.0136135,3.0524192
3.75,3.725777,3.6819525
2.0,2.6477535,2.0271523
2.5,3.0871506,2.5610268
2.5,2.952352,2.5108445
4.0,3.6903353,3.9213612
3.5,3.611635,3.4461205
4.25,4.189207,4.1972327
8.95,9.950291,9.038089
2.5,3.0776548,2.567816
3.0,3.153335,2.97099
3.75,3.9728317,3.7736754
2.55,3.0136135,2.6178985
3.0,3.2036314,2.9966562
2.0,2.6116018,2.0259223
4.75,4.4930916,4.6888995
2.5,2.9788072,2.5411582
3.0,3.2042053,2.963164
2.0,2.6772738,2.0218124
3.25,3.5399032,3.2680433
2.5,2.9156303,2.5083966
2.5,2.9993057,2.5416605
4.5,4.352998,4.45014
4.5,4.423258,4.4475646
4.25,4.1109943,4.1970277
3.5,3.644994,3.472513
3.0,3.6286354,3.0251803
3.1,3.0136135,3.0495868
3.5,3.6265035,3.473054
12.0,13.648173,11.981894
3.0,2.864525,2.9621758
3.75,3.6972456,3.7285604
3.5,3.612823,3.473054
3.0,3.3846712,3.0584881
2.5,2.9264371,2.5366418
4.25,4.120041,4.200648
3.5,3.5664608,3.479568
2.5,2.9842265,2.5371816
4.25,4.1266317,4.200648
3.0,3.0802932,2.9329426
3.5,3.6096022,3.4461205
2.5,2.934466,2.5364463
3.0,3.2375965,2.9477282
2.2,3.0205631,2.241374
3.0,3.1798522,2.9481857
2.5,2.9566636,2.5108445
2.5,3.0141318,2.556811
3.0,3.2297788,2.948241
3.0,3.3620155,2.9901938
3.25,3.5778124,3.3028533
3.0,3.2677336,2.9606578
3.75,3.7039967,3.680839
10.0,10.855148,10.017135
3.0,3.0802,2.9590604
0.8,0.97706366,0.80516833
3.75,3.7546074,3.7280028
3.1,3.3362656,3.1020334
0.8,0.992532,0.79737747
3.75,3.729894,3.6812046
3.75,4.0302315,3.752576
3.0,3.3423135,2.994233
2.5,2.9104605,2.5083966
4.0,3.7410276,3.9236982
3.75,3.7201023,3.680526
4.5,4.2007236,4.467921
2.55,3.0136135,2.617808
3.75,3.753866,3.7368736
3.5,3.551552,3.4779067
2.5,2.937482,2.536902
3.0,3.349365,2.9893107
2.5,3.0676103,2.5673032
3.5,3.7647262,3.5659378
3.5,3.6199057,3.5549679
3.75,4.154068,3.7619283
4.25,4.1175985,4.2010407
2.5,2.9510005,2.5083966
3.75,4.051669,3.7727792
3.75,4.305046,3.8073578
3.0,3.0677922,2.9494166
3.5,3.58196,3.4461205
3.0,3.2569287,2.9907348
2.0,2.6637502,2.0245647
3.25,3.5611184,3.3070805
3.0,3.1680458,2.9966562
3.0,3.42582,3.0584881
3.75,4.317528,3.8057535
3.0,3.0550861,2.9741867
4.25,4.2519493,4.187941
2.1,2.6234186,2.5807345
3.5,3.6028757,3.472513
3.75,3.9779925,3.7632825
3.0,3.229728,2.9672937
2.2,2.8161683,2.231433
4.25,4.2377005,4.18737
2.5,3.043631,2.5092754
3.0,3.0690598,2.9504538
3.0,3.4452171,3.0579169
3.0,3.2649102,2.9901938
4.75,4.519306,4.691975
3.5,3.5550425,3.4902105
2.2,2.8806388,2.231974
2.5,2.9554062,2.5108445
2.5,3.0846057,2.5621157
2.5,3.075166,2.5673032
3.75,3.7391021,3.681663
20.45,17.773485,20.352829
3.5,3.5581415,3.4857452
3.0,3.417476,3.0584881
9.5,10.393795,9.480421
3.0,3.640085,3.0251803
3.1,3.342512,3.1015408
2.55,3.0136135,2.6138628
4.0,3.6238356,3.921816
3.0,3.2560334,2.9626465
3.0,3.1786704,2.9582415
2.2,3.09636,2.241374
3.5,3.5892766,3.47096
3.25,3.5550463,3.244779
4.25,4.292753,4.1868925
3.0,3.1531916,2.9703915
3.5,3.6265736,3.5534081
3.25,3.5859952,3.2355175
3.0,3.0749502,2.9508119
3.25,3.5743763,3.2986975
4.5,4.4327035,4.446204
3.0,3.2344933,2.9966562
3.0,3.2612393,2.9893107
4.25,4.188796,4.1972327
3.75,4.3285446,3.8013778
3.5,3.8069465,3.5655117
3.0,3.224688,2.9465406
3.0,3.0782537,2.9338021
2.1,2.6360645,2.6882362
3.5,3.9270458,3.564215
0.8,0.9877129,0.80410784
2.5,2.9563959,2.537452
2.55,3.0136135,2.6153646
3.0,3.1590114,2.97099
3.0,3.198617,2.9484153
0.8,0.98498225,0.7966583
3.0,2.5970862,2.8835232
2.2,3.010323,2.241374
3.75,4.0246515,3.7529285
3.1,3.0136135,3.0564413
3.0,3.2213597,2.9613562
3.25,3.5584443,3.2646646
3.0,3.0957344,2.9754167
3.25,3.6101706,3.2397587
4.25,4.2165375,4.1976256
3.5,3.5922744,3.442486
2.0,2.690954,2.0218124
3.5,3.5815055,3.442486
2.5,3.062467,2.5670516
0.8,0.97030365,0.80446976
2.5,3.1087918,2.5410001
3.25,3.5985973,3.3111343
3.0,3.1099555,2.953839
3.25,3.5541115,3.260434
3.0,3.173488,2.9637225
13.33,11.297699,13.285498
4.5,4.4189596,4.438139
2.0,2.6076548,2.0271523
0.8,0.9737103,0.8037249
2.5,3.1331005,2.5424116
2.5,3.006898,2.5071583
3.5,3.4587333,3.4447477
3.75,3.757079,3.7348216
2.5,2.9742298,2.5405972
3.0,3.2465837,2.9898517
2.0,2.6683764,2.0218124
3.75,3.6972952,3.730788
0.8,0.9997817,0.80558795
3.0,3.0741034,2.9727805
2.5,2.9725509,2.5092754
2.2,2.7693167,2.2299645
3.0,2.5657356,2.686273
3.25,3.5531013,3.2646646
2.5,2.9538581,2.5328891
2.0,2.642427,2.021214
2.5,2.9348712,2.5099986
3.75,4.3393626,3.8028834
2.2,2.8246822,2.2305055
20.45,17.791002,20.333488
2.5,2.92611,2.5362556
0.8,0.9671222,0.79976267
2.5,3.0563655,2.5615053
2.5,3.1024444,2.541455
4.25,4.2385893,4.187941
2.5,3.013749,2.5469668
3.1,3.4157963,3.1012473
3.0,3.08353,2.9534965
3.1,3.386226,3.1012104
3.25,3.5566084,3.3288467
3.0,3.0688603,2.9329426
2.5,2.9506695,2.5108445
2.55,3.0136135,2.6163068
4.5,4.3413963,4.469776
3.0,3.0708387,2.9754167
2.5,2.9465752,2.5418882
3.5,3.5964377,3.47096
3.0,3.2392912,2.994233
3.75,3.752314,3.6820314
3.75,3.4963882,3.6794665
3.0,3.3821363,2.963612
2.45,2.9378,2.514249
3.0,3.0782862,2.9552546
2.5,3.137781,2.543806
3.0,3.1661015,2.963909
2.2,2.8300312,2.2305055
3.75,3.7838483,3.6820314
4.25,4.2903433,4.1868925
3.75,4.058809,3.7815173
0.8,0.9845047,0.8045358
4.75,4.5043316,4.6880198
3.0,3.072342,2.9754167
3.0,3.2044446,2.948241
3.0,3.0696201,2.9515681
2.55,3.0136135,2.620302
3.0,3.0790856,2.9519773
0.8,1.0002043,0.80410784
3.0,3.1508965,2.963909
2.5,2.7844365,2.5645883
3.75,3.7272906,3.7632315
2.5,3.1600237,2.5410666
3.0,3.165022,2.9709263
3.25,3.5542202,3.2646646
3.0,3.2804067,2.9901938
3.75,4.1203365,3.7804694
6.4,10.162576,6.418031
3.0,3.0877602,2.9316998
4.0,3.6678565,3.921816
3.5,3.6191733,3.5622153
22.5,20.662556,22.696676
2.2,2.819959,2.2305055
3.5,3.8546934,3.563383
2.2,2.7854762,2.2305055
4.5,4.4274435,4.4424467
21.0,18.87928,20.909302
2.5,3.1268096,2.5438533
2.5,3.1376073,2.541455
0.8,0.9673547,0.80428785
3.0,3.2166214,2.9477282
2.0,2.6957097,2.0218124
3.0,3.1612117,2.9635885
3.0,3.2110486,2.9605017
3.5,3.5676422,3.478637
3.0,3.573611,3.021457
3.1,3.4117928,3.1003788
3.0,3.3229358,2.9907348
4.75,4.497261,4.691645
3.75,4.121663,3.7804694
2.5,3.1388998,2.5430532
2.5,3.0852716,2.5610025
3.5,3.6303375,3.56212
4.25,4.0645857,4.195979
3.0,3.3319385,2.9898517
2.5,2.9675717,2.542401
2.5,2.9721694,2.5417159
2.45,2.920158,2.514249
3.5,3.5671906,3.4448903
3.0,3.0407102,2.9565325
2.5,2.9317293,2.5364463
2.5,3.079305,2.567816
2.0,2.6514738,2.0217488
2.5,3.0889769,2.562491
4.25,4.233863,4.1976256
0.8,0.98739135,0.7998991
3.0,3.1601431,2.964046
3.5,3.5705256,3.473054
3.1,3.0136135,3.0535529
2.2,3.0926118,2.2381716
2.0,2.6685328,2.0245647
2.55,3.0136135,2.6150498
3.0,3.3126476,2.994233
2.5,2.9781232,2.5346634
2.5,3.0312147,2.5599067
2.5,3.0080123,2.556811
3.0,3.206613,2.9475005
3.1,3.3172164,3.1015787
2.2,3.0779886,2.2381716
3.25,3.5873022,3.3075323
0.8,0.976413,0.80456334
2.5,2.9857926,2.5423458
3.0,3.1626785,2.97099
2.5,2.9533975,2.5108445
2.45,2.9586675,2.5137906
3.75,3.7108822,3.7260976
3.0,3.4825075,3.0618005
2.2,3.0818691,2.240144
3.0,3.0592902,2.9741867
3.0,3.3473196,3.0584881
3.5,3.556718,3.4922314
4.5,4.2563396,4.483561
3.1,3.0136135,3.0535529
3.1,3.0136135,3.0535529
4.0,3.704466,3.923318
0.8,1.0061095,0.80410784
2.2,3.0690937,2.240144
3.0,3.079596,2.9552956
2.5,3.0193288,2.5576417
3.75,3.7397985,3.7297335
2.2,2.8462052,2.231433
3.75,3.9709852,3.7736754
3.0,3.4285123,3.0621932
2.5,3.0727718,2.5702972
3.0,3.2180266,2.9626367
3.0,3.0768042,2.9727805
3.0,3.072928,2.9330683
3.0,3.3739076,3.0570476
4.5,4.3654127,4.445501
18.0,20.325552,17.922768
2.5,2.9257927,2.53813
2.5,2.9223027,2.5099986
2.5,2.9609685,2.5108445
2.2,3.0951748,2.241374
2.5,3.0543325,2.5670755
3.1,3.0136135,3.0535529
2.0,2.6710775,2.0245647
2.5,2.9408965,2.5083966
2.2,2.8268754,2.231433
3.5,3.640564,3.47096
3.75,3.7197928,3.6819525
2.5,3.0734794,2.5570178
3.0,3.070377,2.9324298
3.5,3.6398802,3.5561552
3.0,2.57422,2.7673693
4.5,4.421423,4.4465513
3.75,3.9640937,3.7632825
2.5,3.1871715,2.5409389
2.5,2.9374063,2.542401
3.25,3.7168286,3.3091307
2.5,3.100144,2.541078
4.0,3.705789,3.9213
3.0,3.1689985,2.9966562
2.5,2.9581723,2.537875
4.75,4.5102253,4.6880198
4.25,4.252433,4.187941
3.0,3.2494912,2.9966562
2.2,3.0882022,2.2381716
0.8,0.9849362,0.8025278
3.75,4.0238686,3.75264
3.25,3.5376647,3.1929011
3.0,3.246661,2.9966562
3.25,3.5501683,3.2646646
2.0,2.6640248,2.0259223
3.0,3.2501943,2.9907348
2.5,2.9487457,2.507822
2.0,2.624286,2.0271523
3.0,3.0618873,2.9532099
3.5,3.6192696,3.472513
3.25,3.5583274,3.260434
2.0,2.6258504,2.021214
4.25,4.2953033,4.1868925
0.8,0.97827256,0.8052427
3.5,3.6396608,3.5515993
3.0,3.3131235,2.931721
18.0,18.340155,17.96405
3.75,3.731891,3.681663
4.75,4.5941143,4.691975
3.75,3.730139,3.7318354
3.75,3.7158484,3.7261558
2.5,2.9989018,2.5564528
2.45,2.9272778,2.5136182
3.25,3.549402,3.2405484
2.5,2.9749198,2.5423458
3.25,3.5424545,3.203706
3.0,3.2196057,2.948241
4.5,4.371912,4.44376
3.75,3.7205355,3.7237322
2.55,3.0136135,2.6173055
3.0,3.2453017,2.9959803
2.5,3.076721,2.5612936
3.0,3.2570055,2.9959803
4.0,3.692931,3.9213612
0.8,0.9890674,0.8042575
3.0,3.0899029,2.956917
3.0,3.1984072,2.948241
3.0,3.1713808,2.9650517
3.75,4.0652933,3.7864137
0.8,0.9792993,0.7950583
2.55,3.0136135,2.618666
3.75,3.9981458,3.7732828
2.2,3.0788167,2.240144
3.75,3.909057,3.7632825
2.0,2.6723223,2.0217488
3.25,3.5057366,3.2688982
2.5,3.063719,2.5670755
3.25,3.5736063,3.3072834
4.75,4.577592,4.6884565
2.5,3.0057352,2.5564342
14.75,17.709509,14.858259
0.8,0.9778778,0.79864645
4.25,4.1190886,4.200648
3.75,3.775266,3.6820943
3.5,3.6168606,3.5535197
2.5,2.9485176,2.5379083
3.5,3.830719,3.5658417
2.5,3.0759735,2.5617287
3.0,3.0697982,2.9329426
2.5,3.0313993,2.5099986
3.1,3.0136135,3.0536492
3.0,3.356871,2.9907348
7.6,7.80655,7.604999
3.0,3.2651649,2.9898517
3.5,3.2106338,3.4461205
3.0,3.1889036,2.964046
3.0,3.2784293,2.9613104
3.5,3.6152253,3.5560994
3.0,2.6294656,2.6151814
3.0,3.0907304,2.9524846
2.2,3.0501313,2.240144
3.25,3.551306,3.2649367
0.8,0.97850454,0.8035693
2.45,2.9674566,2.5137527
4.25,4.304332,4.1868925
2.5,2.9422445,2.5099986
3.0,3.165032,2.9649055
0.8,0.9898334,0.8041434
4.38,3.5588796,3.5105093
3.1,3.0136135,3.052031
3.0,3.6783807,3.024313
2.5,2.9886613,2.5099986
4.5,4.4319887,4.446792
3.0,3.1784036,2.965174
3.25,3.555833,3.2638097
3.1,3.4158163,3.1012104
3.1,3.0136135,3.0544538
3.1,3.0136135,3.052051
3.25,3.5522761,3.2411168
4.5,4.403366,4.446792
2.2,2.81279,2.2305055
2.5,3.177462,2.5422857
4.75,4.517355,4.691975
2.5,3.0748618,2.5612679
3.75,4.1059875,3.7800767
2.5,2.9576776,2.5419436
2.55,3.0136135,2.6170678
3.5,3.8693783,3.5658417
3.0,3.2010825,2.9966562
2.5,2.9260092,2.5419436
0.8,0.98498225,0.7966583
3.5,3.5884657,3.47096
2.2,3.0741003,2.241374
2.55,3.0136135,2.6194189
3.75,4.0392666,3.753883
9.5,9.72742,9.480791
2.45,2.9487603,2.5138807
4.25,4.0617676,4.195979
10.95,9.932163,10.8366785
3.0,3.0695944,2.9324298
3.0,3.0671585,2.930655
3.0,3.1807501,2.9458864
2.45,2.9824405,2.5137906
4.5,4.349354,4.4393644
0.8,0.99151003,0.80410784
2.2,2.8455496,2.231433
3.0,3.1532426,2.9532182
4.25,4.120475,4.1964564
2.5,2.9998682,2.55614
3.75,3.702422,3.6812046
3.5,3.861669,3.557294
4.75,4.5069323,4.6878033
3.0,3.203956,2.9571586
3.75,3.7318456,3.7257009
2.5,2.9881833,2.5549324
2.2,2.9104273,2.231433
18.0,20.470621,18.064775
3.0,3.0775607,2.951174
3.75,4.0135603,3.7509842
2.5,2.9435632,2.5419436
2.2,2.8147402,2.231974
45.0,28.851477,44.9442
3.0,3.2423995,2.994233
4.5,4.424347,4.4445596
3.5,3.6075609,3.4898176
4.75,4.482354,4.6956534
2.5,3.0836468,2.561824
12.0,12.427067,12.082316
2.5,2.944514,2.5359888
3.0,3.0860023,2.948868
3.0,3.631417,3.0251803
3.75,3.7535036,3.72875
3.0,3.1923914,2.9579828
3.0,3.067065,2.9538815
3.0,3.0724912,2.932485
4.5,4.4106283,4.4426155
3.0,3.1874418,2.9475558
2.5,2.9551208,2.5099986
3.75,3.7213068,3.680839
3.75,3.9218128,3.7638538
4.75,4.564952,4.691645
2.0,2.6561441,2.0271523
3.0,2.6301517,2.854426
3.0,3.39709,3.0570476
0.8,0.98344535,0.80088043
2.5,2.9450033,2.508626
0.8,1.0003697,0.80410784
3.0,3.361448,2.9901938
2.2,3.0788157,2.241374
2.5,3.0678263,2.5558612
3.0,3.2620938,2.9893107
2.2,2.8049572,2.2299645
4.5,4.4025297,4.446462
4.25,4.1178045,4.200648
0.8,0.99909776,0.8041432
3.75,4.3059435,3.8073578
2.2,3.083643,2.240144
2.2,2.8063214,2.2299645
3.0,2.6069365,2.5233204
2.5,3.0817003,2.567816
2.5,2.945173,2.5083966
3.5,3.5874636,3.4448903
3.0,3.6785853,3.0251803
3.5,3.6300604,3.4461205
2.5,3.074162,2.5594993
3.75,3.7558272,3.725753
2.5,2.958267,2.5423458
2.5,2.9613197,2.5099986
4.0,3.721516,3.9213984
3.0,3.0879993,2.9741867
3.0,3.2559273,2.9477835
4.5,4.2362404,4.482491
2.5,2.935569,2.5419436
2.5,3.0194707,2.555638
2.45,2.9331326,2.5138807
3.5,3.6004865,3.5536742
2.2,2.809011,2.2299645
4.75,4.52509,4.688133
3.0,3.1829486,2.9621434
3.0,3.1977887,2.9470983
3.1,3.0136135,3.0528817
3.0,3.2014923,2.9477282
3.1,3.38303,3.1012473
3.0,3.6648266,3.0236044
4.25,4.218836,4.187941
0.8,0.9713712,0.8041432
3.75,3.8903832,3.764354
4.25,4.3100386,4.1868925
4.25,4.2268114,4.187941
3.25,3.5516555,3.269321
3.0,3.3038502,2.9901938
2.0,2.7029042,2.0218124
3.0,3.5427053,3.0621932
3.75,3.7676446,3.7261615
2.5,3.132863,2.5422857
4.69,3.7390552,3.7381296
3.0,3.0728066,2.9329448
3.0,3.2202816,2.964046
3.75,3.722799,3.7272644
0.8,0.9639475,0.80452645
3.75,3.7764943,3.6820314
4.25,4.1154575,4.1964564
0.8,0.97632766,0.79790986
3.5,3.604398,3.4448903
2.5,2.9327621,2.5108445
3.75,4.107829,3.7804694
4.0,3.7041943,3.916822
3.5,3.8084729,3.5655117
7.6,7.877535,7.605426
2.5,3.0811408,2.5595372
2.5,2.9507964,2.5419436
2.5,3.1788378,2.5409389
2.0,2.6709688,2.0271523
3.0,3.179907,2.9640207
2.5,2.9432847,2.5099986
3.0,3.0667734,2.9503198
2.5,2.9631932,2.534991
3.75,3.6861794,3.7320228
4.75,4.5774226,4.691645
2.5,3.0712023,2.567816
2.5,3.1357613,2.541455
2.5,3.073983,2.5598345
2.5,3.006211,2.5564342
3.1,3.0136135,3.0516741
2.5,3.0753706,2.5677607
3.0,3.0626485,2.9328873
3.75,3.7581508,3.724809
3.5,3.5938919,3.4461205
3.0,3.2523844,2.9907348
3.0,3.0612655,2.9727805
3.75,3.735745,3.729582
3.5,3.61609,3.4461205
3.25,3.6021066,3.3030777
3.0,3.1576962,2.97099
3.5,3.625652,3.5560355
2.5,3.0047605,2.5553093
3.0,2.9256117,2.9507139
3.75,3.7486875,3.7328894
3.0,3.4089506,3.0570476
4.5,4.4669785,4.4420767
3.75,3.938844,3.7638538
3.0,3.0823019,2.9557095
4.75,4.4621973,4.691735
3.5,3.5398467,3.442486
4.25,4.1995525,4.1972327
3.0,3.083644,2.9569094
2.5,3.0773711,2.5619783
2.0,2.665704,2.0218124
4.0,3.6271203,3.9226756
3.75,4.0576115,3.7815173
2.5,3.0865583,2.5601544
2.0,2.612814,2.0271523
3.0,3.235538,2.9477835
3.0,3.1705012,2.9703915
3.0,3.4385686,3.0584881
3.25,3.563052,3.3238726
0.8,0.9897229,0.80516833
3.0,3.5375032,3.0621932
3.0,3.1587813,2.97099
3.0,2.54431,2.7665122
4.75,4.564002,4.6868415
4.0,3.736994,3.9201128
0.8,0.9856526,0.8040373
4.25,4.0660486,4.195979
3.0,3.2334328,2.9959803
2.5,2.9642801,2.5418882
3.0,3.0763574,2.9525623
3.75,3.9383395,3.7638538
4.5,4.3988056,4.4426136
3.75,4.3236485,3.812175
4.75,4.5729394,4.692468
2.5,2.8864238,2.509472
3.0,3.2146647,2.948241
3.1,3.0136135,3.0535529
4.25,4.3245835,4.1868925
3.75,3.707506,3.6812046
3.5,3.5442996,3.4715009
3.0,3.066418,2.9754167
3.0,3.1672306,2.97099
4.0,3.7207606,3.9213
4.75,4.5382433,4.691975
2.55,3.0136135,2.615111
2.5,3.1513023,2.5437875
3.0,3.5574276,3.0621932
4.5,4.2853265,4.448477
0.8,0.99139106,0.80368495
4.0,3.7460005,3.9213612
3.1,3.0136135,3.0483384
3.75,4.0507145,3.7539482
2.5,2.939801,2.5364463
4.5,4.4536743,4.446462
4.5,4.2650623,4.4670753
3.1,3.3051507,3.1002328
2.5,3.0124345,2.5575514
2.5,3.0826802,2.562295
2.55,3.0136135,2.615566
0.8,0.9898881,0.7933451
3.75,4.104147,3.7800767
3.0,3.0847695,2.9560864
4.0,3.6614962,3.923318
2.0,2.6571658,2.0217488
4.25,4.255121,4.187941
3.75,3.7582624,3.7628388
2.45,2.9505358,2.5137906
3.0,3.1708746,2.9650517
4.75,4.479665,4.6927476
2.5,2.9163463,2.507822
3.5,3.5762773,3.473054
4.25,4.1108,4.2010407
3.0,3.5623276,3.0236044
2.5,3.170732,2.5409389
4.25,4.061062,4.195979
0.8,0.97462976,0.80357826
4.0,3.657215,3.9226468
3.1,3.0136135,3.053098
2.0,2.681391,2.0217488
3.0,3.225341,2.994233
3.5,3.8415997,3.5623724
3.0,3.191565,2.9966562
3.1,3.0136135,3.0535529
8.95,9.288828,8.948546
2.55,3.0136135,2.6163967
2.55,3.0136135,2.6150498
2.5,2.9404855,2.5355787
3.75,4.0711565,3.786021
3.0,3.1801805,2.9658747
3.0,3.3357193,2.994233
4.75,4.5098515,4.691975
4.5,4.258443,4.468063
3.0,3.0639417,2.9520767
3.5,3.5578692,3.482601
3.5,3.8817315,3.5658417
2.0,2.6335132,2.0271523
3.0,3.4366446,3.0618005
4.75,4.522071,4.6907735
2.5,2.9462616,2.5334926
3.1,3.0136135,3.0543835
3.5,3.6295898,3.5526314
3.5,3.6238337,3.550504
3.75,4.353625,3.8082995
4.75,4.513631,4.691645
3.0,2.5512586,2.8245492
2.5,2.9752898,2.5083966
3.25,3.5527842,3.263387
3.75,3.7450755,3.7283318
3.0,3.0800068,2.9541297
4.25,4.1185684,4.1970277
4.75,4.506565,4.6867404
45.0,35.447895,44.94034
4.75,4.49634,4.692625
3.0,3.2530546,2.9893107
21.0,18.70791,20.936567
3.5,3.5543027,3.4779959
4.0,3.645263,3.922145
3.5,3.5579987,3.5063305
0.8,0.9968727,0.8018307
4.25,4.325515,4.1868925
3.75,4.303978,3.8096862
2.2,2.822986,2.231433
2.2,3.0600765,2.241374
2.5,2.9514582,2.5092754
2.5,2.9335036,2.5359888
3.75,3.9367452,3.7736754
3.0,3.2828076,2.9901938
2.5,3.0882316,2.564843
3.75,3.7680118,3.7276285
3.0,3.5057652,3.0584881
3.0,3.0984817,2.9560864
2.5,2.9908032,2.507822
3.0,3.153672,2.97099
3.0,3.2339144,2.9637096
4.25,4.110985,4.2010407
2.5,3.0253694,2.5547931
3.0,3.1400986,2.9703915
3.75,3.8499768,3.748998
3.75,3.9144359,3.7638538
2.5,2.9726334,2.5099986
3.5,3.6441324,3.473054
2.5,2.940684,2.5369945
3.0,3.0551782,2.9569094
3.0,3.1984954,2.9613562
4.75,4.4741383,4.6953235
2.55,3.0136135,2.616864
2.5,2.9903367,2.5553093
4.25,4.1217384,4.200648
3.0,3.2315106,2.9966562
2.5,2.9982045,2.5099986
3.75,3.7533438,3.6811106
3.5,3.6404626,3.552403
2.5,2.9363663,2.5108445
2.5,3.0283551,2.5576417
3.1,3.0136135,3.0510113
3.0,3.5580132,3.021457
0.8,0.97876763,0.8118198
3.25,3.5198283,3.3079314
3.5,3.6297128,3.555771
2.5,3.0898762,2.5619295
3.5,3.6111915,3.473054
3.25,3.5451386,3.2427177
2.5,2.9973624,2.5370545
2.5,3.079145,2.5591497
3.0,3.0560372,2.932202
3.0,3.0818455,2.9536557
2.5,3.0673757,2.5670755
3.0,3.1353626,2.962064
4.25,4.241048,4.187941
2.5,3.0745602,2.5644746
2.55,3.0136135,2.6146312
3.75,3.7567036,3.7288494
4.5,4.333515,4.5059676
3.25,3.551528,3.270176
3.0,3.1782672,2.9621341
2.5,2.9537477,2.507822
3.25,3.5745804,3.2410083
4.5,4.417779,4.446462
3.75,3.686008,3.6812046
3.5,3.6071482,3.550436
3.75,3.709036,3.680839
2.5,2.9533691,2.507822
2.2,2.815282,2.2299645
2.5,2.923123,2.5359888
3.0,3.2351704,2.948241
3.1,3.0136135,3.0495868
2.5,2.9592752,2.5099986
2.2,2.8206139,2.2305055
2.5,2.9729438,2.534207
0.8,0.98553556,0.8037808
3.5,3.5424297,3.442486
3.5,3.6230721,3.4461205
3.5,3.5612357,3.442486
2.2,2.8044922,2.2305055
2.0,2.5897224,2.0271523
2.1,2.5476425,2.8082876
3.0,2.8691797,2.925521
3.0,3.064424,2.9316998
2.5,3.0372956,2.55567
3.0,3.2093096,2.96268
4.25,4.230625,4.1976256
2.45,2.9497585,2.5137906
4.25,4.119175,4.200648
4.25,4.2474356,4.18737
3.0,3.6722772,3.0251803
3.75,3.9268305,3.7632825
3.0,3.0789218,2.956917
3.25,3.5665476,3.2419004
3.0,3.077155,2.9534073
3.25,3.5592732,3.2772765
3.0,3.0823517,2.9560864
3.75,3.7487395,3.7332113
3.0,3.415565,3.0574403
3.75,3.7238095,3.7260642
3.0,3.1735349,2.9448996
3.5,3.8519495,3.560708
4.0,3.608665,3.9234986
3.0,2.5678,2.7538414
2.2,2.7974048,2.2305055
2.5,3.1660705,2.5417619
3.0,3.4534006,3.0621932
3.0,2.6035278,2.8953717
3.5,3.5729496,3.4448903
4.25,4.109565,4.1970277
3.0,3.1951995,2.964046
3.0,3.0711195,2.932485
3.0,3.1798592,2.97099
3.0,3.2974236,2.994233
2.45,2.9329245,2.5136182
2.5,2.931785,2.5386777
0.8,0.98220354,0.8035693
2.0,2.680355,2.0218124
3.0,3.2320404,2.9966562
3.25,3.5717714,3.3083746
3.0,3.383881,3.0570476
2.5,3.073824,2.5644746
45.0,29.934355,44.971012
2.0,2.631948,2.0245647
3.5,3.5539348,3.4911664
3.5,3.6144955,3.4897854
2.5,3.0691156,2.5637004
3.75,4.3048162,3.8057547
3.0,3.719319,3.02466
3.1,3.0136135,3.05429
3.75,4.0899487,3.7804694
3.75,3.7452605,3.7302017
3.1,3.3823156,3.1012104
3.0,3.0939949,2.9654388
2.5,3.1038802,2.541455
4.25,4.2386227,4.18737
3.0,3.0679576,2.9324298
3.75,4.007305,3.7479522
3.5,3.6175978,3.5593386
4.5,4.2371964,4.4921155
4.25,4.065049,4.195586
3.75,3.777535,3.7632315
0.8,0.9864474,0.8042479
3.25,3.5600765,3.338258
3.0,3.135763,2.9709263
4.0,3.6848078,3.922123
3.75,3.7468798,3.724388
3.0,3.156327,2.9709263
3.1,3.33093,3.1015787
2.0,2.6827638,2.0218124
4.25,4.063349,4.195586
3.0,2.9975424,2.947574
3.0,2.868608,2.913773
8.95,9.286835,8.954621
4.25,4.1038685,4.2010407
4.0,3.6972806,3.9213612
2.0,2.6645513,2.021214
9.5,10.3327875,9.480421
4.0,3.7222154,3.92324
3.5,3.6324403,3.4461205
3.25,3.5504763,3.2439241
3.75,3.7561457,3.7207398
2.5,3.0775464,2.567816
3.0,3.1728659,2.964869
2.0,2.6821694,2.0259223
2.2,2.855822,2.231974
3.5,3.6197727,3.47096
2.5,2.9615014,2.5419436
3.75,4.065609,3.786021
2.5,2.9488287,2.53913
3.0,3.258038,2.9614177
4.5,4.2169867,4.4863505
3.0,3.1799798,2.9482424
3.0,3.0831733,2.9754167
2.5,3.0721037,2.5686755
3.5,3.9151583,3.5616639
2.0,2.6569872,2.0245647
2.2,2.796317,2.2305055
3.0,3.3747997,3.0579169
3.75,3.7307708,3.6815617
3.0,3.0774531,2.930531
3.1,3.0136135,3.0509336
3.1,3.3137639,3.102356
3.0,3.2735062,2.9959803
3.75,4.309762,3.8096924
2.5,2.9279857,2.5331752
3.0,3.2788076,2.994233
2.5,3.080978,2.5612502
3.0,3.3636248,3.0570476
3.75,3.7473626,3.7278578
2.5,2.9474752,2.5083966
4.25,4.1137633,4.1970277
2.2,2.8293757,2.231433
3.5,3.6417344,3.4715009
2.5,3.0525453,2.5634174
4.25,4.297764,4.1868925
0.8,0.9935285,0.80329955
3.75,4.0519457,3.7525043
3.5,3.5577443,3.4758692
3.0,3.6867754,3.0251803
3.0,3.1397777,2.9611785
13.33,12.011643,13.288218
3.5,3.5622008,3.504593
4.0,3.6109414,3.921816
2.5,3.0599604,2.5612113
2.5,2.9619732,2.5370731
3.0,3.3231862,2.994233
3.5,3.6101873,3.47096
3.25,3.5490866,3.2626033
3.5,3.6602514,3.48336
2.5,2.9257712,2.5364463
3.0,3.0626302,2.9741867
3.0,3.0930502,2.954316
2.5,2.991023,2.5362315
3.0,3.202424,2.9481857
3.75,4.040682,3.783057
4.25,4.1151,4.1970277
3.0,3.21491,2.9604635
3.0,3.1825056,2.97099
3.5,3.6258712,3.4715009
3.0,3.2585113,2.9893107
9.25,9.640793,9.221134
4.25,4.2332993,4.1976256
4.75,4.512437,4.691975
4.25,4.121853,4.200648
3.0,3.0660486,2.932485
4.25,4.0670004,4.195586
2.5,2.951912,2.533018
2.5,2.9466357,2.5369945
3.5,3.595709,3.473054
2.5,2.946498,2.5338185
3.75,3.7209501,3.7308204
18.0,20.312147,18.02994
2.5,2.94347,2.5364463
3.0,3.1512346,2.9603174
3.0,3.052993,2.946957
3.75,4.3119984,3.8043618
2.5,3.086312,2.561922
3.0,3.2212253,2.948241
3.5,3.6233394,3.4715009
3.0,3.2806165,2.994233
3.5,3.5844543,3.473054
3.0,3.60624,3.02466
3.0,3.1477754,2.97099
3.75,3.7204142,3.7247777
4.75,4.490479,4.688943
4.0,3.710292,3.923318
0.8,0.98835623,0.80410784
3.75,3.7796743,3.6820314
3.75,4.256669,3.8099022
0.8,0.98941195,0.80494803
2.2,2.8244848,2.2299645
3.0,3.0934947,2.9613826
3.0,3.0748441,2.952473
3.5,3.6463304,3.4461205
2.5,2.940467,2.5347865
0.8,0.98525333,0.79821485
3.0,3.1001477,2.9554152
2.2,3.1037712,2.241374
2.5,2.9441924,2.5359888
3.5,3.5557268,3.5042686
2.2,3.0775926,2.241374
3.0,3.5578058,3.0236044
2.5,3.0602167,2.5669868
4.0,3.7173722,3.9254787
0.8,0.99064773,0.79589176
3.0,3.1199107,2.9541297
3.75,4.0560846,3.7538111
3.75,3.71825,3.7241528
3.0,3.9938805,3.0621932
3.25,3.548062,3.2646646
3.25,3.6664088,3.2583764
2.5,3.0675325,2.5609028
3.75,4.063488,3.7815173
3.0,3.1985576,2.9628954
4.75,4.498912,4.703349
0.8,0.9854889,0.80516833
4.5,4.3431983,4.468874
4.0,3.5968664,3.921816
3.0,3.0697112,2.95565
2.0,2.6376574,2.0245647
3.0,3.1812303,2.9634707
3.0,3.2745824,2.9959803
3.75,3.7420309,3.72875
3.75,4.1038446,3.7804694
3.5,3.5731232,3.442486
3.0,3.1791668,2.9703915
2.55,3.0136135,2.6163967
3.0,3.0838044,2.9557095
0.8,0.993965,0.8040051
2.5,2.967369,2.5423458
3.75,4.33517,3.8099263
2.45,2.9005775,2.514249
4.25,4.0546837,4.1964564
2.45,2.9921124,2.5134223
14.0,13.837396,13.911001
2.5,2.9873905,2.541384
3.5,3.5975654,3.472513
9.25,9.703449,9.224917
3.75,3.769423,3.6820314
3.75,3.7545667,3.7410016
2.5,3.0051928,2.5561688
4.25,4.1125326,4.2010407
3.0,3.068938,2.9292293
2.5,3.0746152,2.563172
4.5,4.374563,4.448711
3.0,3.3521001,2.994233
4.0,3.7178173,3.9213612
2.5,3.070334,2.5610287
3.5,3.5888693,3.4715009
2.0,2.6602933,2.0218124
2.0,2.6747243,2.0259223
3.75,3.7271504,3.7632315
4.25,4.206926,4.187941
3.0,3.3251626,2.9898517
3.0,3.201086,2.964046
3.0,3.0685472,2.9531503
3.0,3.0735106,2.9741867
2.2,3.0914044,2.2381716
3.0,3.0696673,2.9577749
0.8,1.0022547,0.80424124
3.5,3.5481765,3.442486
2.5,2.9506717,2.5099986
3.5,3.8450017,3.5616653
2.2,2.823851,2.231433
3.5,3.5701346,3.4798384
2.5,3.0020952,2.5092754
2.5,3.1102839,2.5437799
2.55,3.0136135,2.6150498
3.5,3.6271753,3.473054
2.5,2.93142,2.5099986
3.0,3.079672,2.956917
2.5,2.983646,2.5092754
3.1,3.342967,3.1020334
3.0,3.0747144,2.9741867
3.75,3.9455044,3.7638538
14.0,12.504606,13.915866
3.75,3.723513,3.6785247
2.5,2.9648554,2.5423458
3.0,3.6163678,3.0251803
2.55,3.0136135,2.6131017
3.25,3.574651,3.304857
3.75,4.0087566,3.7732828
3.0,3.1133199,2.9505818
3.0,3.153273,2.9695325
3.5,3.9021196,3.5655117
4.25,4.3230066,4.1864996
2.5,3.0812306,2.567816
2.5,2.9228554,2.5364463
3.0,3.23285,2.994233
3.0,3.1581118,2.9607189
2.5,2.934777,2.538743
3.75,3.7811954,3.6820314
3.0,3.5547855,3.0236044
3.5,3.5524998,3.4715009
3.1,3.4284387,3.1012104
14.0,13.208692,13.955952
2.2,3.0874045,2.2381716
3.5,3.574332,3.48454
2.45,2.974958,2.5134223
2.5,2.9358277,2.5419436
2.1,2.6252239,2.5620267
3.25,3.5807064,3.3157818
2.5,2.967795,2.5108445
3.0,3.1819413,2.9635885
3.0,3.3211982,2.9898517
3.0,3.1992798,2.9634707
3.75,4.1128645,3.7800767
0.8,0.98281884,0.8003025
4.0,3.7091045,3.9213
3.5,3.8761017,3.5627716
3.5,3.6172626,3.499581
21.0,19.147165,20.831566
4.0,3.6947052,3.922863
3.5,3.622803,3.4812803
2.5,2.921177,2.538258
0.8,0.9721099,0.7970841
3.5,3.550997,3.4798436
2.5,3.0702765,2.5671308
4.5,4.4178185,4.441447
3.75,4.041294,3.7504485
3.25,3.5596,3.263387
2.5,2.9676003,2.507822
2.5,2.970567,2.5357623
3.1,3.3466837,3.1008449
4.0,3.6872275,3.9253833
2.5,2.9653654,2.5083568
3.0,3.3910878,3.0574403
3.0,3.200346,2.9481857
2.2,3.0808735,2.241374
3.75,3.7244546,3.7288783
2.5,2.96813,2.5092754
4.0,3.7099757,3.923318
4.5,4.361395,4.471708
3.75,3.6987903,3.727929
3.75,3.7335727,3.681663
23.0,27.930964,27.981497
3.0,3.1946144,2.948241
3.75,3.7318375,3.681573
2.5,2.9949262,2.5559793
3.0,3.0785172,2.9550383
3.0,3.1917021,2.9608216
2.5,3.1319897,2.5405202
3.75,3.7630844,3.6820314
3.0,3.0673008,2.9727805
3.1,3.3699265,3.1012473
3.1,3.3176565,3.1018782
3.0,3.1048145,2.9560864
2.5,2.9502048,2.5347404
3.0,3.4297287,3.0570476
3.5,3.5505924,3.4807758
3.0,3.2488854,2.9893107
3.0,2.6342754,2.860369
2.5,2.9106596,2.507822
3.75,4.3478584,3.8096862
3.0,3.2074559,2.9637508
3.75,3.9697495,3.7632825
14.75,17.680456,14.855952
2.5,2.9947174,2.5498922
3.75,4.034385,3.767871
3.0,3.158887,2.9709263
0.8,0.96075714,0.80360067
2.5,3.0275054,2.557634
2.45,2.9811535,2.5138807
3.0,3.0694625,2.932485
3.0,3.440693,3.0621932
2.5,2.935953,2.5364463
3.0,3.273214,2.9608727
2.5,2.869077,2.5619326
3.5,3.6350029,3.4461205
3.0,3.1451473,2.9641838
3.0,3.0784235,2.9506068
3.75,4.0366144,3.7504485
3.5,3.6131155,3.547435
2.45,2.9605222,2.5133283
3.75,3.7538912,3.718179
3.0,3.0836687,2.9547045
3.75,3.7390964,3.7318685
3.5,3.5708973,3.442486
3.75,3.7411187,3.729673
2.45,3.1471038,2.5134223
3.75,4.064252,3.7815173
3.5,3.5478098,3.483366
2.0,2.6609669,2.0218124
3.75,3.0136135,3.6803768
0.8,0.9784745,0.79928887
2.5,2.9915128,2.5525665
3.75,3.7787673,3.6820314
8.95,9.381907,8.951125
3.5,3.9895196,3.566704
3.75,3.680724,3.7632315
2.5,3.0661912,2.5578213
2.5,2.9409962,2.5373397
3.5,3.5668848,3.4770143
3.0,3.4253242,3.0584881
2.5,2.9475455,2.5368018
2.5,3.0673742,2.5673585
3.0,3.3646448,3.0574403
3.1,3.0136135,3.0543835
3.0,3.5611818,3.0584881
3.0,3.1450558,2.97099
4.25,4.218338,4.1972327
3.75,3.7130473,3.6820154
3.0,3.2717214,2.9901938
3.75,4.3478584,3.8096862
2.5,3.1169162,2.54258
3.75,4.0578737,3.7864137
2.0,2.6976414,2.0218124
3.75,3.732478,3.7254245
3.1,3.0136135,3.0529106
0.8,0.971341,0.8050899
3.0,3.4544787,3.0618005
3.0,3.441635,3.0621932
3.0,3.080854,2.9549527
3.75,4.054542,3.780946
2.5,3.0045505,2.5568297
3.5,3.668574,3.473054
4.38,3.6251247,3.5649369
0.8,0.9825192,0.8008793
0.8,0.9945557,0.8045242
2.5,2.9400563,2.5369945
3.0,3.1405199,2.9623642
3.0,3.1822727,2.9475005
2.2,2.7862644,2.2299645
2.5,2.9464364,2.5108445
3.75,4.3238964,3.8099263
18.0,22.24789,18.124224
3.75,4.30492,3.8082995
3.25,3.5822632,3.3214638
2.5,3.060644,2.567816
3.25,3.6143622,3.3097563
21.0,19.126923,20.948576
3.5,3.7697546,3.5658417
2.5,2.9017472,2.507822
3.0,3.2424293,2.994233
3.75,3.9425287,3.7638538
2.5,2.8562896,2.5108445
2.0,2.6370957,2.0271523
2.45,2.930952,2.5137906
2.5,2.9497037,2.5417159
3.5,3.8321786,3.5655117
3.75,3.7514703,3.7252932
3.75,4.0357294,3.7675107
4.25,4.2743998,4.1864996
2.5,3.0657735,2.5677607
2.2,2.8734162,2.231433
4.5,4.3794503,4.471379
4.25,4.102906,4.1964564
3.0,3.081748,2.9537354
2.5,3.0896876,2.5614128
4.75,4.5774226,4.691645
21.0,20.021921,20.981913
3.0,3.4417129,3.0574403
2.5,2.985213,2.5092754
3.0,3.3101454,2.9893107
10.0,11.532422,10.024618
4.5,4.392373,4.444223
2.5,2.9607728,2.5083568
3.75,4.32946,3.8054724
3.1,3.0136135,3.0528817
3.1,3.0136135,3.0535529
3.75,3.778107,3.6820314
3.0,3.0770593,2.9754167
3.75,3.9631133,3.7736754
2.0,2.6714087,2.0218124
0.8,0.99686956,0.804098
3.0,3.2006536,2.9623618
3.5,3.6561902,3.473054
3.25,3.584425,3.3151648
3.0,3.0758686,2.9312367
2.45,2.938523,2.514233
2.2,3.0698717,2.241374
2.5,2.9505744,2.542401
3.25,3.5461009,3.2626033
4.75,4.5104413,4.691645
3.25,3.5790117,3.3061724
2.5,3.0708017,2.5576992
2.5,2.9357407,2.5382
3.75,4.259289,3.7625506
3.75,3.7883542,3.7619283
2.5,2.9455361,2.5099986
3.5,3.59927,3.4815001
3.1,3.4151092,3.1007442
4.5,4.395773,4.4416585
3.0,2.589318,2.8346245
3.75,4.330491,3.8075576
4.5,4.398488,4.4420767
2.5,2.9636316,2.542401
3.0,2.628803,2.641131
3.0,3.2740738,2.9907348
3.0,3.205652,2.964869
2.45,2.9324307,2.514233
4.0,3.673291,3.923318
3.5,3.8371902,3.5649898
4.0,3.7047503,3.9268851
3.5,3.617344,3.5877523
4.0,3.704227,3.923318
3.5,3.5777128,3.4448903
4.0,3.7220175,3.9226468
3.0,3.0754745,2.9754167
3.75,3.6651814,3.6823502
4.5,4.248843,4.4680605
2.5,3.034319,2.5529063
2.5,3.1991005,2.5421953
0.8,0.9873835,0.8041432
3.0,3.0741694,2.9502335
3.5,3.5744896,3.442486
4.0,3.7235093,3.9213
3.0,3.1427598,2.9571445
2.5,2.9342213,2.5372694
8.95,9.447419,8.940676
2.5,2.981648,2.55614
3.5,3.6283562,3.557644
3.75,4.405138,3.7958868
2.5,3.0041823,2.5421324
2.5,3.0184865,2.5547931
3.5,3.867404,3.56362
3.1,3.0136135,3.0528817
4.5,4.2916336,4.468581
3.5,3.2662396,3.473054
2.5,3.0450225,2.5580063
4.5,4.2635374,4.478322
2.5,2.9474878,2.507822
3.0,3.0402985,2.9267101
2.1,2.6300783,2.6462357
3.0,3.2560768,2.9966562
3.75,4.1210613,3.7804694
3.25,3.5576353,3.2425895
3.0,3.1845555,2.960671
3.75,4.0485735,3.7463248
2.5,2.9237995,2.5363324
3.25,3.5920038,3.329214
3.0,3.2725778,2.9893107
3.0,3.2040343,2.9652426
2.2,3.107268,2.241374
2.5,3.019744,2.5548544
3.5,3.6068492,3.473054
2.5,2.9314418,2.5375092
3.25,3.56166,3.2646363
3.75,4.025814,3.75016
2.0,2.6959407,2.0218124
3.5,3.5799072,3.4827275
3.0,3.2367687,2.9625618
2.5,2.9621882,2.5092754
3.0,3.119216,2.9625854
2.65,3.2833686,2.7682192
3.0,3.1209786,2.963414
3.0,3.0829952,2.9754167
22.5,22.992159,24.094551
4.0,3.69563,3.9213
3.0,3.1553264,2.97099
2.0,2.646176,2.0271523
3.0,3.3589396,3.0570476
3.0,3.4655383,3.0621932
2.0,2.65004,2.0245647
3.0,3.2472827,2.9483705
2.5,2.9837391,2.5553093
3.1,3.3623548,3.1029446
2.5,2.9767904,2.537452
4.75,4.488806,4.689516
2.5,3.2108293,2.5417619
4.5,4.2781005,4.4670753
3.0,3.1575685,2.9709263
3.0,3.1444063,2.9695325
2.0,2.654906,2.021214
0.8,0.9857874,0.8008291
3.1,3.0136135,3.054376
3.0,3.1885438,2.964046
3.25,3.562215,3.2376697
2.5,3.069509,2.567816
2.5,2.9574037,2.5373058
4.25,4.064064,4.195979
3.5,3.6001499,3.483948
4.5,4.39423,4.444333
3.5,3.8151283,3.5658417
3.75,3.7632055,3.741498
3.0,3.247241,2.9966562
3.75,4.062646,3.786021
0.8,0.9774773,0.797528
2.5,2.9676893,2.5083966
3.0,3.110972,2.9556196
3.0,3.0642166,2.9328873
3.75,3.7202518,3.7261875
2.5,3.183575,2.54193
2.0,2.678913,2.0218124
2.2,3.026782,2.241374
4.5,4.412139,4.446792
2.5,3.07516,2.562736
2.0,2.6775565,2.0259223
4.5,4.21489,4.483633
2.0,2.6589017,2.0217488
2.5,3.039891,2.5108445
3.5,3.6309476,3.5532982
2.0,2.6795092,2.021214
2.5,2.9483075,2.5083966
3.0,3.0809126,2.9560864
3.25,3.569119,3.304693
4.75,4.5035787,4.691975
2.5,2.9489365,2.5372694
3.0,3.3384678,2.994233
3.75,3.728569,3.7319207
2.2,3.0682623,2.241374
2.2,2.8769774,2.231974
3.5,3.6253788,3.4448903
2.5,3.0054507,2.5575514
3.0,3.2849736,2.9966562
2.0,2.6212692,2.0271523
2.5,2.9426074,2.5378804
0.8,0.98137426,0.80368495
2.2,3.014863,2.2305055
3.1,3.0136135,3.0535529
3.0,3.2090216,2.9453235
4.0,3.6893244,3.920923
3.75,3.7695215,3.7261543
3.0,3.2079253,2.96276
0.8,0.97558403,0.79732513
2.1,2.5896888,2.5969963
2.2,2.8354955,2.231974
3.25,3.5559688,3.2406228
3.0,3.2351978,2.994233
3.75,4.036022,3.7732828
4.5,4.439861,4.446462
2.55,3.0136135,2.6158948
2.5,2.9447439,2.538167
2.5,2.9824927,2.5099986
2.45,2.9159455,2.514249
3.5,3.639879,3.4715009
2.5,3.0717912,2.5671308
2.1,2.5804281,2.5526202
3.25,3.5677607,3.3230681
2.5,2.9274359,2.5359888
2.5,2.9671671,2.5108445
3.75,3.6086452,3.6802812
3.0,3.0954776,2.9727805
2.2,2.8311002,2.231974
2.5,2.9377203,2.5419436
3.0,3.2424078,2.9893107
2.5,3.0925589,2.558142
3.0,3.1574943,2.97099
2.45,2.9269717,2.5134223
2.5,2.9377818,2.5367362
2.2,2.815004,2.2299645
3.0,3.2888815,2.9907348
3.0,3.169118,2.9966562
3.75,3.7330337,3.7230985
4.75,4.559269,4.6907735
3.0,3.07367,2.9545846
0.8,0.9760449,0.8041432
3.0,3.0911436,2.9727805
3.75,4.056033,3.7864137
2.1,2.6251576,2.4668539
2.5,3.0723944,2.559187
3.25,3.5430448,3.263881
2.2,2.7970397,2.231974
2.2,2.8952544,2.231433
3.0,3.409671,3.0584881
3.0,3.1341934,2.97099
2.5,3.0094943,2.55614
4.06,3.540907,3.270176
3.25,3.0610123,3.2391798
3.0,3.0611992,2.9287717
4.06,3.542095,3.270176
3.0,3.1816764,2.9650517
3.5,3.552695,3.490068
2.2,2.7781801,2.2299645
2.5,2.9260716,2.537863
2.5,2.9393144,2.5380533
3.0,3.2076452,2.964869
3.5,3.5527072,3.4890513
2.0,2.6912851,2.0218124
0.8,0.9981973,0.8055902
2.5,2.9613767,2.5108445
4.0,3.6500418,3.9215522
2.5,3.042783,2.5580063
3.0,3.1873832,2.9601984
8.95,9.9704,9.033064
4.25,4.2589493,4.18737
3.0,3.0624645,2.9322574
3.5,3.629592,3.482674
2.2,2.8131857,2.231974
3.5,4.048361,3.5685837
0.8,0.97299415,0.8047027
2.5,3.051772,2.5604966
3.25,3.5425887,3.2439954
4.75,4.5279646,4.691645
3.1,3.0136135,3.0535529
3.0,3.1025834,2.9540684
4.75,4.543376,4.692837
3.0,3.0738523,2.950691
2.55,3.0136135,2.616613
3.0,3.1799216,2.9491005
3.75,4.3653145,3.8095963
3.25,3.5467002,3.2055871
3.25,3.5773816,3.306239
3.75,4.1324167,3.7804694
0.8,0.9833801,0.8000553
2.5,2.9815347,2.537452
3.0,3.0431497,2.9554076
0.8,0.973914,0.7967951
2.5,2.936433,2.5364463
2.5,3.161047,2.5580022
3.25,3.567579,3.305226
3.0,3.1044931,2.9727805
2.5,2.94818,2.507822
3.75,3.7576196,3.7265165
3.0,3.2239153,2.9481857
3.1,3.0136135,3.0509336
3.0,3.3569403,2.9907348
0.8,0.96137244,0.80360067
2.5,2.9503136,2.538476
3.5,3.64764,3.4461205
3.0,3.0639114,2.9741867
3.0,3.0607748,2.9582644
3.25,3.4976609,3.2094808
3.75,3.741536,3.6819525
4.25,4.240903,4.18737
3.0,3.23069,2.9481857
3.5,3.6286867,3.5511763
3.1,3.0136135,3.0515962
3.25,3.5446389,3.2631578
3.0,3.0855157,2.9545846
12.0,13.617712,12.0010395
2.2,2.862217,2.231974
4.25,4.358513,4.1868925
3.0,3.2721395,2.9907348
3.5,3.639161,3.4461205
3.75,4.29792,3.8004394
2.5,2.9539323,2.5099986
3.0,3.0821033,2.9592767
2.0,2.655131,2.0271523
3.0,3.064186,2.9741867
3.75,3.646623,3.7628388
2.5,2.9916196,2.55614
2.0,2.6414866,2.021214
3.0,3.0715814,2.9316998
2.0,2.6695487,2.0218124
3.5,3.5568364,3.4448903
3.5,3.6256135,3.5527334
2.55,3.0136135,2.616613
3.1,3.0136135,3.0535529
4.5,4.387141,4.444223
3.1,3.3899825,3.1018622
2.5,3.0804217,2.560529
3.0,3.0881023,2.9531147
3.0,3.4376202,3.0618005
4.0,3.6534965,3.9209843
3.5,3.6157382,3.4448903
3.5,3.5712097,3.4448903
3.0,3.0818248,2.9502268
3.0,3.0681005,2.9324298
4.75,4.5210247,4.693894
3.75,3.7010255,3.7632315
3.0,3.2571473,2.960812
4.25,4.280427,4.1864996
2.5,3.0671027,2.558415
2.5,3.0830615,2.5613968
4.75,4.4910493,4.688023
2.5,2.9466588,2.5083966
3.75,3.7172406,3.6812046
4.75,4.6006365,4.6871142
2.0,2.6753223,2.0217488
2.0,2.7239492,2.0218124
0.8,0.9831684,0.8044074
4.5,4.257535,4.467542
4.25,4.2982845,4.1868925
2.5,2.9646418,2.5423458
2.5,2.9434018,2.5353036
2.5,3.0054502,2.5564342
2.2,2.8082578,2.2299645
3.25,3.5558774,3.2435014
2.5,2.9747138,2.5416605
0.8,0.9748113,0.80001175
2.0,2.6513007,2.021214
2.0,2.6414027,2.0259223
3.25,3.554073,3.2389414
3.0,3.3584433,3.0584881
3.75,3.7593627,3.681573
3.25,3.5256116,3.2071311
2.5,2.9255116,2.5359888
2.0,2.6845703,2.0218124
2.5,2.942094,2.542401
3.5,3.8815114,3.56167
3.75,3.9590564,3.7632825
3.0,3.0582373,2.9328873
3.0,3.2284908,2.9959803
2.0,2.6715503,2.0245647
2.0,2.6899102,2.0218124
3.0,2.6049986,2.858975
3.1,3.3286886,3.1015787
2.5,2.9326022,2.5419436
4.5,4.3948097,4.43041
3.0,3.0929875,2.9727805
2.1,2.5955904,2.6812205
2.65,3.50961,3.203017
45.0,34.34773,45.066753
0.8,0.9796314,0.80378854
0.8,0.95714176,0.80386686
0.8,0.9575833,0.80386686
2.5,3.1560493,2.5417838
3.0,3.1627634,2.9645941
3.0,3.083302,2.9320962
2.5,3.0755053,2.5578706
4.5,4.2979403,4.468063
2.5,2.932901,2.5108445
3.75,4.066702,3.786021
3.5,3.6105683,3.472513
3.5,3.5968406,3.4856734
3.0,3.0886796,2.9554152
3.0,3.413342,3.0621932
3.0,3.0636566,2.9324298
4.5,4.3053646,4.5040617
3.0,3.0711508,2.9506679
2.5,2.9582438,2.542401
3.0,3.1482453,2.97099
3.0,3.2293444,2.9481857
3.0,3.1838343,2.9966562
3.25,3.567076,3.3134704
3.75,4.040778,3.7633748
3.0,3.1883373,2.9577584
4.5,4.4160156,4.446462
3.0,3.12099,2.954167
3.75,3.7576468,3.7265122
2.5,2.987167,2.5569074
3.75,3.7261972,3.6808012
4.75,4.505851,4.690348
4.5,4.38711,4.446888
14.0,13.335081,13.932583
3.5,3.5865061,3.442486
0.8,0.97424185,0.8043188
2.5,3.0744429,2.5677607
3.0,3.0645013,2.933
3.0,3.2589467,2.963998
0.8,0.9910705,0.80369353
2.65,3.5450933,3.206442
2.5,2.9430003,2.5353036
3.1,3.0136135,3.05712
2.5,2.9594302,2.5108445
3.75,4.113778,3.7800767
3.75,4.0552883,3.7736754
4.5,4.147582,4.423397
2.0,2.6652517,2.0271523
2.55,3.0136135,2.616613
4.25,4.11607,4.1970277
3.0,3.058244,2.9741867
3.0,3.280104,2.9898517
2.5,3.1169665,2.5434105
3.0,3.0825815,2.9545846
4.25,4.0620117,4.195979
3.75,3.793607,3.681535
2.0,2.6405053,2.0245647
3.75,3.726082,3.7261739
2.2,2.8765883,2.231974
4.25,4.3256817,4.1864996
2.5,3.015813,2.5553093
3.75,4.300692,3.8096862
3.5,3.6093552,3.472513
2.45,3.0422337,2.5134223
3.0,3.2569315,2.994233
3.75,4.033717,3.7653909
0.8,0.9933121,0.804624
2.5,3.176479,2.5437799
3.0,3.0759857,2.9329426
4.5,4.4636655,4.444795
2.0,2.6366954,2.0271523
3.75,4.3061523,3.8057485
2.5,3.17954,2.5429568
3.0,3.1413164,2.9633608
2.55,3.0136135,2.6167324
2.5,2.936482,2.5364463
0.8,0.9877189,0.804587
3.25,3.5642962,3.2646646
3.25,3.564759,3.3046591
2.5,2.9416451,2.5368264
3.1,3.415939,3.1017992
3.75,4.064436,3.780946
3.75,3.7079484,3.7271929
4.25,4.2630644,4.1864996
4.25,4.0672045,4.195586
4.75,4.522443,4.686128
7.6,7.8078156,7.604999
4.5,4.2677336,4.505837
15.0,21.220192,15.319665
2.55,3.0136135,2.6178908
4.25,4.120035,4.2010407
3.1,3.0136135,3.0521083
3.0,3.08398,2.9554152
2.5,2.9603388,2.5419436
2.5,3.1211286,2.5409389
2.5,2.999673,2.5543745
3.75,4.043017,3.7529285
3.0,3.256128,2.9893107
3.75,3.7657702,3.7442555
3.0,2.578571,2.8222141
3.0,3.0489485,2.9754167
3.5,3.5734441,3.4448903
2.5,3.0887609,2.5678174
4.5,4.241374,4.470082
4.25,4.286721,4.1864996
3.5,3.6415474,3.4461205
4.25,4.245656,4.18737
0.8,0.98737323,0.80516833
4.25,4.066641,4.195979
4.25,4.1114883,4.2010407
4.75,4.494097,4.692071
3.5,3.5625722,3.4448903
3.75,3.6954625,3.727528
2.5,3.0752997,2.5591197
3.5,3.7625077,3.5634716
2.5,3.1281445,2.5429568
3.0,3.077809,2.9322574
2.45,2.9299977,2.5138807
2.5,3.0914986,2.5600448
0.8,0.98399967,0.79768276
3.0,3.0915985,2.953014
2.2,2.8405046,2.231974
2.5,2.9273934,2.5099986
3.0,3.2478304,2.994233
3.0,3.1809542,2.9589825
3.75,4.033351,3.7675107
3.0,3.082271,2.9546618
3.0,3.160048,2.97099
2.5,3.0557652,2.5673032
3.5,3.6528785,3.4833784
3.0,3.1219316,2.9540684
4.0,3.7305694,3.9222698
4.25,4.104557,4.1970277
2.0,2.6831665,2.0245647
3.5,3.6061227,3.47096
2.2,2.7824862,2.2305055
3.0,3.222787,2.965338
3.5,3.9232466,3.5690346
3.75,4.3770933,3.812175
3.75,3.7283685,3.681663
0.8,0.97229314,0.7990313
3.0,3.2443323,2.948241
4.5,4.33748,4.4702907
4.25,4.1068544,4.1970277
3.0,2.628803,2.641131
0.8,0.9968023,0.8041432
0.8,1.000762,0.80410784
2.2,2.8512383,2.231433
4.25,4.1073565,4.1970277
4.5,4.2618814,4.467542
3.5,3.5836217,3.5517204
3.75,4.0023823,3.7732828
2.45,2.9048998,2.514249
8.95,9.209664,8.947059
3.0,3.1816525,2.9637675
3.1,3.4184146,3.1012104
2.0,2.629579,2.0271523
3.75,4.114398,3.7804694
2.2,3.058839,2.240144
3.5,3.5746133,3.484997
3.75,4.3762064,3.8099263
3.0,3.1504898,2.9709263
8.95,9.359926,8.947292
3.75,3.7484238,3.7351787
3.0,3.1707246,2.9703915
3.0,3.0804648,2.9727805
3.5,3.8565352,3.5656016
2.45,2.955092,2.5138807
2.2,2.8575149,2.231433
3.75,4.063488,3.7815173
2.5,2.9041486,2.5344148
3.0,3.068758,2.9328873
3.0,3.1654866,2.9633608
2.0,2.6593292,2.021214
0.8,0.95741844,0.80360067
3.75,3.7300625,3.6819525
3.75,4.327072,3.8038619
2.5,2.9371798,2.5382
3.5,3.582685,3.4750488
3.1,3.0136135,3.0556183
3.5,3.8460267,3.5680907
3.0,3.2183623,2.9602754
3.0,3.5859556,3.0251803
3.75,3.7177756,3.7268891
2.5,2.9370239,2.507822
3.0,3.226477,2.9477835
3.75,4.310465,3.8059711
3.0,3.1628945,2.9709263
3.0,3.2626996,2.9959803
4.0,3.7391238,3.9226468
3.5,3.5582876,3.4825492
3.1,3.4202776,3.1017992
3.5,3.5820606,3.4837108
2.5,2.956416,2.5083966
8.95,9.5011425,8.949075
3.0,3.595882,3.0236044
3.75,3.7366037,3.7294166
2.5,3.0070965,2.5544775
0.8,0.9846003,0.7919133
4.75,4.5011835,4.690515
0.8,0.968709,0.80360067
3.0,2.632384,2.6445153
3.25,3.5407703,3.2253947
45.0,29.053448,44.25261
3.5,3.5488966,3.479185
3.1,3.3768544,3.1012104
3.5,3.9490485,3.5838933
3.0,3.0954406,2.9538646
3.75,4.037326,3.769033
3.0,3.0738149,2.9545846
3.75,3.7240589,3.7226954
3.5,3.5670092,3.472513
3.0,3.0804782,2.9548914
3.75,3.7245014,3.7160115
2.5,3.095817,2.5763466
2.0,2.6374977,2.0245647
4.5,4.284774,4.4680605
3.75,4.3077946,3.8082995
3.0,3.0797312,2.9741867
2.2,3.0856988,2.241374
4.25,4.233564,4.187941
0.8,0.98031,0.7994352
3.75,4.3106637,3.8082995
3.0,3.1234138,2.9633265
2.5,2.9621873,2.5423458
3.0,3.1941116,2.9623618
4.75,4.517828,4.691975
3.1,3.4326203,3.1013033
3.0,3.16003,2.9617326
3.5,3.6372893,3.472513
3.5,3.6021879,3.47096
3.75,4.049826,3.7525043
2.5,3.008031,2.553715
3.75,4.3160105,3.8046918
2.5,3.0659766,2.5671308
2.5,3.0263555,2.5576603
3.75,4.0592766,3.780946
3.1,3.4145179,3.1007442
28.0,28.117842,27.859552
3.5,4.152431,3.5424824
3.0,3.2252266,2.948241
2.5,3.1591983,2.5409389
3.0,3.0723674,2.9556315
3.5,3.644328,3.472513
3.75,3.7434661,3.7317579
2.55,3.0136135,2.6150498
4.25,4.216302,4.1976256
2.2,3.0644603,2.241374
2.0,2.6376297,2.0259223
2.5,3.1033156,2.5406232
3.0,3.098331,2.9495904
2.45,2.9233856,2.5136971
0.8,0.9874228,0.80516833
3.0,3.571743,3.0237927
2.5,3.06309,2.566618
3.5,3.6399748,3.4461205
2.5,2.9989922,2.5108445
2.5,2.9354932,2.537452
2.5,2.9951108,2.5108445
2.45,2.9488893,2.5137527
2.5,3.1292443,2.541455
2.2,3.0643857,2.240144
2.5,3.088622,2.5610268
0.8,0.97874594,0.8041432
2.5,2.9756355,2.5380905
3.5,3.622034,3.550057
3.0,3.2870598,2.9628615
4.5,4.2679806,4.522459
3.0,3.2026434,2.962605
3.0,3.2356617,2.9477835
2.5,3.1165905,2.5422857
2.5,2.9576573,2.542401
3.5,3.6112795,3.4788413
4.25,4.218112,4.1972327
4.0,3.6796749,3.9213
3.5,3.6069014,3.472513
4.0,3.7043562,3.922123
4.0,3.68295,3.9175715
2.5,2.926171,2.5099986
4.5,4.3282557,4.4352994
3.0,3.2611156,2.9901938
3.0,3.0801675,2.9322574
2.5,2.93504,2.537452
2.5,2.9795346,2.5551975
4.5,4.2590256,4.468063
3.1,3.4173896,3.0980146
2.5,3.0223954,2.5424266
2.5,3.0271018,2.55614
3.0,3.0577757,2.9544728
2.0,2.6492052,2.0271523
4.25,4.28007,4.1864996
4.0,3.6856074,3.921746
3.5,3.5696583,3.5037932
2.5,3.0072095,2.5564342
2.5,2.9562695,2.542401
3.5,3.5830443,3.47096
2.5,3.1472821,2.5429568
3.5,3.5555768,3.4961855
2.55,3.0136135,2.6150498
2.5,2.9595203,2.542401
2.5,2.9566405,2.5099986
2.2,3.063409,2.241374
2.5,2.9243412,2.507822
3.5,4.1403418,3.571098
4.25,4.21455,4.18737
3.75,3.7579691,3.724685
6.4,9.98703,6.4177055
3.5,4.011406,3.547727
2.55,3.0136135,2.615111
3.25,3.5572298,3.2406228
0.8,0.9832493,0.80456334
2.5,3.0717502,2.5677607
4.5,4.2932034,4.4995656
15.0,19.292534,15.094602
4.0,3.6747854,3.9178133
2.5,3.0030084,2.5548544
3.25,3.5305407,3.2688982
0.8,0.98646164,0.79859513
2.0,2.673761,2.021214
3.75,4.1045895,3.7804694
10.95,10.306467,10.8363085
2.0,2.6119542,2.021214
3.75,3.7637064,3.6811106
3.0,3.3444078,3.0574403
2.0,2.656029,2.021214
4.25,4.1193533,4.2010407
3.0,3.097337,2.9541297
3.25,3.5110238,3.264764
3.0,3.3079216,2.9898517
2.5,2.9763384,2.5423458
3.0,3.0635407,2.9310455
3.0,3.174971,2.964869
3.75,3.7160556,3.73138
4.25,4.0630207,4.195586
2.5,2.9688146,2.5083966
3.0,3.1522262,2.9703915
3.75,3.9386024,3.7637827
2.5,2.924463,2.5359888
4.0,3.6880622,3.923318
2.0,2.6447146,2.0271523
3.25,3.5531151,3.2654912
3.1,3.3409524,3.1020372
3.0,3.0864956,2.9754167
3.5,3.9988,3.5646405
2.5,2.9400783,2.5359888
2.5,3.0806186,2.5603454
2.5,2.9622936,2.5108445
3.5,3.6484463,3.473054
3.0,3.0808544,2.9530797
0.8,0.9929479,0.81088716
2.5,3.075697,2.558178
3.0,3.1524048,2.97099
3.5,3.617451,3.559122
3.75,4.337595,3.8099263
3.0,3.6245337,3.0251803
3.0,3.1952622,2.964046
3.5,3.6071455,3.5510795
2.5,2.992214,2.5382915
3.75,4.0628624,3.7815173
3.25,3.5750985,3.2967002
3.0,3.144318,2.97099
2.2,2.8221943,2.2299645
3.25,3.5527437,3.2662144
3.75,3.780505,3.6820314
2.5,3.143398,2.5437875
3.0,3.3096526,2.9907348
0.8,0.9709118,0.8042964
3.75,4.066409,3.786021
3.0,3.0776992,2.9328873
3.75,4.046051,3.7525043
3.0,3.2045574,2.9606764
3.75,4.034602,3.7685392
2.5,2.965869,2.5349956
0.8,0.96836066,0.8037086
2.5,3.0723896,2.5677607
3.5,3.5648234,3.473054
3.0,3.155181,2.9703915
4.25,4.19513,4.1972327
2.5,3.0091443,2.5559793
2.0,2.6913142,2.021214
0.8,0.94080997,0.80453825
2.0,2.662201,2.0218124
3.75,4.3268843,3.8099263
2.5,2.9961321,2.55614
4.25,4.2155533,4.1976256
3.25,3.575243,3.3084533
3.75,3.7134888,3.6814005
3.75,3.8720787,3.764354
8.95,9.379549,8.947463
0.8,1.0064856,0.80397373
2.5,2.9396927,2.5419436
3.25,3.5229156,3.203017
3.75,4.3623657,3.8082995
3.0,3.0706816,2.9329426
14.0,13.77023,13.895087
3.0,3.154246,2.9709263
2.5,3.1679914,2.5623212
3.75,3.7414982,3.726334
3.75,3.679149,3.6812046
3.25,3.5787427,3.3082106
3.0,2.5776331,2.8126094
2.5,3.0837154,2.5610268
2.5,2.922875,2.5359888
2.5,3.0051405,2.5559793
14.75,18.153574,14.939097
2.55,3.0136135,2.6158729
2.5,3.0866442,2.559505
3.5,3.562434,3.4817514
3.0,3.071064,2.9552119
4.25,4.297881,4.1868925
2.2,3.0411296,2.240144
3.75,3.7162638,3.6820154
3.0,3.0663667,2.9496284
2.5,2.9484682,2.5083966
45.0,32.18695,44.86292
3.0,2.6270573,2.636423
2.5,2.9243464,2.532428
4.5,4.2645235,4.494213
3.0,3.1718793,2.9645941
2.2,2.8116703,2.231433
2.5,3.1554444,2.5422857
2.2,2.8082767,2.2305055
3.0,3.4577868,3.0584881
2.45,2.9170206,2.514233
2.55,3.0136135,2.6150498
3.1,3.0136135,3.0528817
4.5,4.2882223,4.468063
3.0,3.0838547,2.9528995
3.0,3.3671594,2.9901938
3.0,3.5757492,3.0260234
2.0,2.6679833,2.0271523
2.5,3.0183334,2.5544162
2.2,2.7730498,2.2299645
3.5,3.613745,3.4461205
3.0,3.063799,2.932485
2.5,3.188134,2.5389907
3.0,3.2496839,2.9966562
3.75,4.0460687,3.7684753
3.75,3.7343824,3.7399971
3.25,3.463983,3.2029223
2.5,3.0925589,2.558142
3.75,4.0434914,3.7504485
3.0,3.227653,2.9613562
3.75,3.7588162,3.7293468
2.5,2.91682,2.537754
2.0,2.637488,2.021214
3.0,3.5634744,3.0560677
4.25,4.0650473,4.195586
3.0,3.2558107,2.9893107
3.75,3.714666,3.6820154
3.0,3.077218,2.954391
3.0,3.269103,2.9907348
3.75,4.0191813,3.7632883
2.5,3.063794,2.5573773
2.0,2.6863267,2.0271523
3.0,3.0825639,2.9296012
4.5,4.2804546,4.4682126
2.5,3.0034733,2.5448823
4.0,3.6639557,3.921816
2.5,3.0784361,2.5686755
3.5,3.8411746,3.5666142
3.0,3.275745,2.9966562
3.0,3.243183,2.948241
2.55,3.0136135,2.6178908
3.0,3.2894843,2.961747
3.25,3.5476499,3.2626033
3.0,3.0847495,2.9541297
8.95,9.507797,8.946178
3.0,3.1916723,2.964046
3.5,3.5640674,3.4967833
3.0,3.1530895,2.97099
3.1,3.4174058,3.1019058
3.0,3.3913324,3.0621932
3.75,4.297286,3.8047936
2.0,2.6557312,2.021214
3.0,3.0805545,2.9296012
0.8,1.0085759,0.80410784
3.0,3.2320793,2.9959803
3.0,3.5536785,3.0236044
3.0,3.243607,2.9898517
3.75,3.9585803,3.7736754
2.0,2.6383963,2.0245647
3.75,3.763253,3.7276962
2.5,3.0155668,2.55614
3.25,3.5191858,3.2781315
4.5,4.4302683,4.444795
2.5,3.0717664,2.559876
2.2,2.8505037,2.231433
3.75,4.138419,3.7800767
2.0,2.6621792,2.021214
3.0,3.0857596,2.9754167
3.0,3.244613,2.9470983
3.0,3.1369276,2.9966562
3.25,3.5598636,3.262532
8.95,9.36262,8.948546
4.5,3.8635085,4.467911
3.0,3.3745527,3.0621932
2.5,2.9954157,2.55614
3.75,4.3063345,3.8073592
0.8,0.98345757,0.8003538
2.55,3.0136135,2.6166909
3.0,2.635205,2.8485804
2.2,3.0979757,2.241374
3.0,3.0688653,2.9329426
2.55,3.0136135,2.618666
2.5,2.9421144,2.5372694
4.25,4.111313,4.1970277
4.0,3.6996193,3.923318
3.0,3.0794182,2.9535458
3.75,3.7422116,3.728097
2.2,3.0884993,2.240144
2.5,2.9313753,2.5366502
3.25,3.5411239,3.2688982
3.0,3.2013469,2.9966562
2.0,2.6488984,2.0218124
2.0,2.6437905,2.0259223
3.0,3.1725378,2.9600763
3.75,3.998247,3.7736754
2.5,3.1024754,2.567426
3.25,3.5442493,3.206442
3.0,3.2256298,2.9959803
3.25,3.5848668,3.3073971
2.55,3.0136135,2.6150498
3.0,3.1550477,2.9709263
3.0,2.5883996,2.6278005
2.5,2.9512668,2.5083966
2.5,2.9921608,2.5108445
2.5,3.0797546,2.56736
2.5,2.9377143,2.5359888
3.0,2.59165,2.8561494
3.75,3.72495,3.6807423
3.5,3.5663908,3.4833899
3.5,3.7762105,3.5655117
2.5,3.0694997,2.567816
4.75,4.494183,4.693894
3.1,3.3867106,3.1012104
4.5,4.409269,4.444333
3.75,3.741973,3.6811106
3.0,3.0720377,2.9526687
3.5,3.6194978,3.4715009
2.0,2.6087837,2.0271523
3.75,3.7346756,3.6819525
3.0,3.176665,2.9658747
4.75,4.557805,4.6876297
3.75,3.9763026,3.7736754
2.0,2.6556926,2.0271523
2.5,3.015806,2.559076
3.5,3.5488288,3.4840372
0.8,0.98159415,0.8042266
4.25,4.2159805,4.1972327
3.75,3.7531302,3.7272243
3.25,3.4226015,3.271442
3.5,3.5863283,3.4461205
3.0,2.9020548,2.9420638
2.5,3.0605564,2.567816
2.55,3.0136135,2.615566
3.0,3.5679753,3.0251803
3.75,3.761596,3.7293487
3.75,3.753633,3.7283995
2.5,3.017023,2.5612013
3.0,3.5615122,3.0236044
8.95,9.323479,8.921119
3.0,3.1486373,2.97099
2.0,2.6783926,2.0218124
2.55,3.0136135,2.6167178
3.0,3.5978005,3.0267634
2.5,3.124607,2.5431945
4.25,4.118269,4.200648
2.5,2.9385462,2.5083966
0.8,0.98765844,0.8044074
2.5,2.972363,2.5083966
2.0,2.7131948,2.0218124
4.5,4.2326484,4.4694266
4.25,4.1743155,4.1855197
2.2,3.0922484,2.241374
3.0,3.1775866,2.9624906
2.5,3.2163818,2.5364609
3.75,4.0546627,3.7864137
3.0,3.1172764,2.9589825
3.75,3.7224138,3.7322056
3.0,3.0823019,2.9557095
2.0,2.6817508,2.021214
3.0,3.0634942,2.9378452
4.25,4.1066494,4.1970277
4.5,4.3370004,4.4804196
3.0,3.243928,2.9959803
2.5,3.1645937,2.545368
3.0,3.2583387,2.9898517
2.5,2.869814,2.542401
3.5,3.6198497,3.4970646
3.5,3.60135,3.551064
3.75,3.7196124,3.7270665
3.0,3.0667775,2.9520006
3.75,4.300742,3.8004394
3.0,3.2212253,2.948241
0.8,0.9838369,0.8034814
2.2,3.0803535,2.2381716
3.75,4.360068,3.8086295
4.0,3.695337,3.9208813
4.75,4.555559,4.6928434
3.75,4.3299575,3.8040795
0.8,0.9622282,0.80360067
3.0,3.2799232,2.9907348
2.5,3.0686355,2.567816
3.0,3.0947094,2.9545145
3.75,3.7257128,3.7291152
2.5,2.9607015,2.5369945
2.2,2.7852,2.2299645
3.0,3.3050983,2.994233
2.5,2.987874,2.5083966
20.45,17.522358,20.381735
2.5,3.1352918,2.5423145
3.0,3.2682703,2.9959803
2.45,2.9324179,2.5138807
2.5,2.960509,2.535351
2.5,2.9880269,2.5092754
2.5,3.0649962,2.5575564
0.8,0.99536395,0.80410784
3.0,3.5771446,3.0251803
3.0,3.2338705,2.9898517
3.25,3.5512583,3.239839
3.75,4.0583572,3.7553334
0.8,0.9670794,0.80448425
3.75,4.310318,3.8057485
18.0,20.71206,18.080765
2.5,2.9542308,2.535897
3.25,3.5873148,3.306051
2.0,2.6248944,2.0271523
3.0,3.3610063,3.0574403
4.25,4.230834,4.1976256
3.5,3.569677,3.482257
3.0,3.0811145,2.9526947
2.5,3.0260746,2.5576417
2.5,2.9455078,2.5381436
3.75,4.300207,3.810884
2.65,3.5169873,3.200064
3.75,4.339921,3.8099263
3.75,4.0091877,3.7732828
3.5,3.5753968,3.4825187
3.75,3.7001698,3.6807423
3.0,3.0681553,2.9324298
2.5,2.9770637,2.507822
2.5,3.0335193,2.5083966
2.45,2.9087434,2.5141702
3.75,4.1307564,3.7800767
3.0,3.2898095,2.9901938
2.2,3.070227,2.2381716
3.5,3.6380985,3.552403
3.5,3.6182215,3.5531754
2.5,2.9911451,2.5423458
0.8,0.9827325,0.7999293
4.75,4.5025244,4.692071
3.5,3.5713031,3.4949305
0.8,1.000505,0.8042575
0.8,0.98151225,0.8035693
3.0,3.3155065,2.9898517
3.0,3.0675893,2.9328873
2.5,2.9524198,2.5423458
3.75,4.32489,3.8060846
3.75,3.7420309,3.72875
3.5,3.552111,3.4846802
2.55,3.0136135,2.615566
3.5,3.952949,3.566704
2.0,2.6662278,2.0245647
4.0,3.7074633,3.9241486
3.25,3.5512373,3.244056
3.0,3.6142414,3.0251803
3.0,3.5083754,3.0621932
3.75,3.9848273,3.7540905
2.5,2.939466,2.5083966
3.0,3.1991162,2.961598
3.0,3.174108,2.97099
2.55,3.0136135,2.6150498
3.0,3.0664408,2.9519582
4.0,3.6929734,3.9208813
3.5,3.5938656,3.4715009
2.55,3.0136135,2.6158729
3.0,3.6550004,3.0251803
3.5,3.6220958,3.5608733
2.0,2.7162194,2.0218124
2.5,3.0707867,2.567816
3.1,3.3301005,3.1018782
2.5,3.0619597,2.5673032
3.0,3.155491,2.9709263
2.0,2.7031314,2.0218124
3.75,4.0232277,3.7519176
3.0,3.092764,2.9523728
3.0,3.0783305,2.9754167
2.5,3.0629525,2.5677607
2.5,3.0703945,2.5571468
0.8,0.968364,0.8038355
4.5,4.349678,4.44559
3.0,3.1833482,2.9650517
3.5,3.8151283,3.5658417
21.0,18.725803,20.945137
3.5,3.5727737,3.4448903
3.0,3.0825572,2.951221
0.8,0.9866612,0.80410784
2.5,2.9869807,2.5083568
2.5,3.0824523,2.5614812
2.55,3.0136135,2.6178985
3.5,3.6212368,3.5492234
3.75,3.7175543,3.7297194
3.75,3.712547,3.6812046
4.5,4.301921,4.4684315
3.5,3.8392851,3.5655117
4.5,4.442168,4.446462
3.0,3.377316,3.0570476
3.25,3.5586717,3.314875
2.5,2.9522724,2.534174
3.75,3.7574933,3.7275906
3.0,3.0736964,2.9727805
3.5,3.5743968,3.4770956
3.75,4.0328503,3.7465258
3.75,4.039201,3.7489262
4.5,4.118061,4.467692
3.5,3.6196144,3.5739217
2.5,3.063324,2.567816
3.0,2.5700173,2.6259265
2.2,3.0875175,2.241374
3.0,3.06663,2.932485
4.25,4.21667,4.18737
3.0,3.1449628,2.9709263
2.2,2.8486526,2.231433
3.0,3.5102868,3.0621932
0.8,0.97386956,0.9576465
3.0,3.2720664,2.9901938
2.5,2.9512668,2.5083966
2.55,3.0136135,2.6150498
3.75,3.9311323,3.7638538
3.5,3.6175435,3.575223
4.75,4.538567,4.6907735
3.0,3.0404453,2.9741867
4.5,4.383996,4.4363184
0.8,1.0002155,0.8041432
3.75,3.7448704,3.7628388
3.5,3.6277132,3.5908966
2.45,2.9538934,2.5157726
2.55,3.0136135,2.6170678
3.5,3.6166968,3.4821548
3.5,3.9293673,3.5632794
4.5,4.4574122,4.446462
4.5,4.1750526,4.476691
4.25,4.127247,4.200648
2.55,3.0136135,2.615189
3.75,4.3653803,3.8095963
3.25,3.5690758,3.3015375
3.75,3.8133218,3.7632315
3.75,4.0413733,3.7540267
3.75,3.7258916,3.6814005
3.0,3.0885797,2.9578965
2.5,3.0379732,2.5092754
3.0,3.3319385,2.9898517
3.25,3.5640929,3.2646646
3.0,3.213359,2.9966562
3.5,3.6218774,3.5467114
3.0,3.2756329,2.9966562
3.0,3.3304024,2.994233
2.5,3.0724435,2.5686755
3.1,3.0136135,3.0535529
3.0,3.6764486,3.0251803
2.5,2.9423237,2.5368264
0.8,0.9606117,0.80364054
3.0,3.0970333,2.9564483
2.5,2.9968581,2.5567331
3.0,3.1844306,2.948241
4.5,4.408696,4.44559
3.75,3.7653403,3.7289433
3.75,3.721034,3.6830423
3.0,3.0684357,2.9631553
3.25,3.5725687,3.3086462
2.45,2.9331927,2.5134223
14.0,14.774292,14.716234
2.0,2.674112,2.0218124
3.5,3.5695524,3.4977705
2.5,2.9651413,2.5381753
2.5,2.9208927,2.5359888
2.0,2.7046914,2.0231922
3.0,3.2043262,2.964046
2.45,2.9321423,2.514249
3.1,3.384001,3.1008449
3.1,3.3817945,3.1012104
3.5,3.5726664,3.4865832
2.5,2.9793503,2.5440547
4.25,4.2219725,4.1976256
3.5,3.5536215,3.4781864
3.1,3.0136135,3.0529106
3.1,3.0136135,3.053098
3.1,3.3320198,3.1020334
3.0,3.5405834,3.0621932
3.75,3.6953886,3.7628388
2.55,3.0136135,2.6178985
3.1,3.0136135,3.052721
2.0,2.66046,2.021214
2.5,2.911913,2.536079
2.5,3.0563087,2.567816
3.0,3.1556888,2.964046
3.75,4.3378143,3.8099263
3.5,3.564326,3.4782367
3.5,3.650617,3.472513
3.75,3.7237396,3.6812046
2.5,2.962522,2.5364463
3.0,3.2501647,2.9959803
4.25,4.252429,4.18737
3.0,2.6424844,2.6362631
3.75,3.6958315,3.730788
4.75,4.496606,4.6884565
2.5,3.0699444,2.5670755
3.75,3.7627542,3.7293487
2.5,3.190025,2.5439126
4.75,4.492193,4.6888995
2.2,2.8133106,2.2299645
3.0,3.288413,2.9907348
2.5,2.957287,2.5419436
3.5,3.5974872,3.473054
3.75,4.0546904,3.780946
4.5,4.358878,4.446558
2.2,2.8115695,2.231433
15.0,19.02101,15.145254
3.0,3.5826516,3.0236044
3.5,3.5526392,3.4890513
3.25,3.5703676,3.3106785
15.0,19.051691,15.075558
4.5,4.364116,4.44376
2.5,3.1502805,2.569066
3.0,3.7062616,3.0251803
3.0,3.1463654,2.9709263
2.5,2.9227126,2.5364544
2.5,2.9541955,2.5364463
3.25,3.5488958,3.2374346
3.0,3.2486186,2.948241
2.0,2.6409638,2.0245647
3.25,3.6222992,3.3195274
28.0,28.351377,27.954082
4.0,3.6695755,3.921746
3.75,3.7121937,3.7244332
2.5,2.9785366,2.5099986
2.45,2.9492297,2.5136738
4.5,4.251377,4.469415
0.8,1.0005131,0.80516833
2.5,3.071671,2.566618
2.55,3.0136135,2.6187563
10.0,11.008949,10.020724
3.75,3.7450163,3.7301834
2.0,2.695757,2.0218124
3.75,4.0173883,3.75264
3.25,3.6077268,3.3056507
4.25,4.242006,4.187941
2.2,3.0816572,2.240144
2.45,2.9610748,2.5130568
3.75,4.0389633,3.7514062
0.8,0.99205375,0.80265546
3.5,3.6301346,3.4461205
3.75,4.373605,3.811845
3.0,3.0648184,2.9328873
2.55,3.0136135,2.615566
3.75,3.968946,3.7632825
3.0,3.091917,2.9545846
2.5,3.0684671,2.567816
3.75,3.7139037,3.7345126
3.0,3.0883806,2.9727805
0.8,0.9735987,0.80378854
0.8,0.9964043,0.8041612
2.0,2.6630669,2.0271523
3.75,4.0170527,3.748998
4.25,4.1073675,4.1970277
2.5,2.9601655,2.5369945
3.75,3.6894844,3.7270036
2.0,2.6919703,2.0245647
2.55,3.0136135,2.6191332
3.5,3.5885313,3.47096
2.5,2.958847,2.5365784
3.5,3.6094773,3.4800463
2.5,2.924195,2.5379522
3.0,2.585655,2.731772
3.0,3.217373,2.948241
2.5,3.1684198,2.5437799
21.0,19.261019,20.764944
2.5,2.9371235,2.5367668
3.75,4.3379517,3.8099263
4.25,4.1077204,4.1970277
3.75,3.7495396,3.7391624
2.5,3.1178722,2.542502
4.25,3.9915884,4.1992755
2.5,2.9736376,2.5092754
2.5,3.1026323,2.540562
3.1,3.4168637,3.1012104
2.5,3.156135,2.5417619
3.75,3.7012098,3.725033
3.0,3.0812817,2.9296715
0.8,0.9672555,0.8035844
3.75,3.6857,3.7632315
3.0,3.102488,2.9754167
4.75,4.484414,4.691735
2.5,2.9416616,2.5083966
3.75,4.0695543,3.786021
2.5,2.9738283,2.5367007
4.0,3.602449,3.921816
3.0,3.1435997,2.97099
2.5,2.9444222,2.542401
3.0,3.1564958,2.97099
3.0,3.0809274,2.95154
0.8,0.97674286,0.8041432
3.0,3.1719902,2.9645941
3.0,3.0843601,2.9496982
2.45,2.902186,2.5141702
3.0,3.6365285,3.0251803
3.75,4.05427,3.7815173
3.0,3.2919593,2.9959803
2.5,2.9584801,2.5370262
3.75,3.7837737,3.6814795
2.5,3.1991441,2.544827
3.0,3.0700743,2.9328873
2.0,2.6696532,2.0245647
3.1,3.0136135,3.052051
2.5,2.9312854,2.537798
2.2,3.0753832,2.240144
3.0,3.2586086,2.9893107
3.0,3.2949383,2.9901938
2.5,2.9797902,2.5083966
3.75,3.7634196,3.7410157
3.0,3.2584736,2.994233
3.0,3.1855803,2.9634962
3.25,3.5179083,3.206442
3.0,3.08038,2.9324298
3.0,3.223609,2.9475558
3.0,3.0761163,2.9741867
3.5,3.6013896,3.473054
3.1,3.0136135,3.051535
3.0,3.0931592,2.9556315
4.75,4.1529837,4.6860404
3.75,4.057763,3.7864137
3.0,3.5983417,3.021457
3.0,3.8080032,3.0209367
2.2,3.08445,2.241374
3.75,4.0594215,3.785041
3.5,3.6569846,3.4461205
3.5,3.6294758,3.473054
3.75,3.7202418,3.726365
2.2,3.0758905,2.240144
2.5,2.9700243,2.5419436
3.0,3.1460042,2.9703915
3.5,3.649643,3.473054
3.0,3.0846274,2.9754167
3.5,3.5507448,3.4843726
2.5,3.0893478,2.5606275
3.75,3.967976,3.7736754
3.0,3.0759351,2.955221
45.0,29.389723,45.156563
3.0,3.0825834,2.9536915
3.5,3.5542672,3.4798708
3.0,3.0678759,2.9741867
3.0,3.1542552,2.97099
2.55,3.0136135,2.6141763
4.25,4.069605,4.195586
4.0,3.671634,3.923318
3.25,3.5445309,3.206442
2.5,2.9874012,2.5591435
3.5,3.6094074,3.473054
3.75,4.0548573,3.7815173
3.25,3.524132,3.206442
0.8,0.983275,0.80378854
2.2,3.085494,2.2381716
2.0,2.6601434,2.0271523
3.0,3.249688,2.9469926
2.5,3.0808868,2.5612502
3.1,3.0136135,3.0535529
2.5,2.9559636,2.541203
4.25,4.1152277,4.2010407
2.45,2.969757,2.5134223
3.0,3.1543257,2.9650517
4.75,4.559043,4.691645
2.5,3.0748677,2.5620804
3.0,3.2291641,2.9604702
2.5,3.0183918,2.5544162
3.0,2.6331165,2.8418417
3.5,3.579912,3.4754865
3.1,3.41126,3.1012104
3.0,3.463989,3.0570476
4.5,4.3836555,4.4471397
3.0,3.3896513,3.0570476
3.0,3.0636256,2.9754167
3.0,3.1066055,2.9545846
4.5,4.425065,4.448711
3.75,4.2816877,3.808725
3.5,3.6513765,3.550787
3.0,3.0728421,2.9511309
2.2,2.8099334,2.231433
28.0,27.924177,27.929396
3.0,3.0680418,2.9324298
3.1,3.554462,3.1012313
3.0,3.172435,2.9966562
2.5,2.9649477,2.537452
2.5,3.0172982,2.5547931
4.5,4.421594,4.4404483
3.5,3.5487535,3.475403
3.0,3.0757456,2.9754167
3.0,3.110475,2.963089
2.2,3.0874426,2.2381716
3.5,3.8312938,3.5658417
3.5,3.770803,3.5658417
3.75,4.3436403,3.7956731
3.0,3.1587658,2.9642203
2.5,3.1240323,2.5406232
3.5,3.551227,3.4826458
18.0,18.937403,17.903488
3.5,3.574148,3.48454
3.75,3.7787423,3.6820314
2.55,3.0136135,2.6166909
3.0,3.1928668,2.9481857
3.0,3.4913712,3.0584881
3.0,3.4082053,3.0570476
3.75,4.026059,3.7723665
0.8,0.9732696,0.80368495
3.0,2.6431556,2.4773145
2.5,2.9543428,2.5108445
3.0,3.1968136,2.9658747
4.5,4.432788,4.446462
3.75,4.3010445,3.799791
3.75,3.7720435,3.6814795
3.5,3.6210916,3.553861
18.0,20.871897,18.011587
3.0,3.069343,2.9317446
4.75,4.5480976,4.6953235
3.1,3.378338,3.101665
3.75,4.302561,3.8129475
3.0,3.0808175,2.9560864
3.5,3.6357627,3.4461205
3.5,3.8378284,3.5666142
2.0,2.641969,2.0259223
2.0,2.6412241,2.0259223
2.2,2.8651476,2.231433
4.5,4.4162045,4.4476604
4.0,3.7343812,3.9226468
3.75,3.7758296,3.6820314
4.0,3.7055244,3.9241486
0.8,1.0055723,0.8037572
3.75,4.3545284,3.8096924
3.5,3.8038776,3.5655117
3.0,3.4625404,3.0584881
3.75,4.031062,3.7514062
4.25,4.1184287,4.200648
3.0,3.239214,2.9477282
4.25,4.3285956,4.1868925
3.0,3.5658143,3.0236044
3.0,3.076614,2.9727805
3.0,3.270383,2.9907348
3.1,3.0136135,3.051158
3.0,3.0850406,2.9338021
3.0,3.3255415,2.994233
2.5,2.9303672,2.5382762
4.5,4.442129,4.446792
3.0,2.5768259,2.4705834
3.5,3.8575692,3.5658417
2.45,2.9291222,2.5138807
3.0,3.218947,2.9636424
2.5,3.07039,2.5613115
2.5,2.9860644,2.5083966
2.0,2.6553552,2.0271523
3.5,3.5522418,3.4880588
2.5,3.0646994,2.5585396
3.5,3.6174872,3.5502238
3.0,3.1828344,2.9622428
2.5,2.9404213,2.5099986
3.1,3.0136135,3.0487773
3.0,3.3172207,2.9901938
3.0,3.1566749,2.9703915
2.0,2.6868057,2.0218124
4.5,4.3295116,4.4702907
3.0,3.4353514,3.0621932
3.75,3.7154472,3.726964
3.0,3.081176,2.9316998
2.5,2.9336214,2.5083568
3.5,3.9769213,3.5733244
3.0,3.7563145,3.02466
0.8,0.9920192,0.7975756
2.2,3.0779886,2.2381716
3.1,3.0136135,3.051158
3.0,3.0754933,2.9727805
3.0,3.0622795,2.931607
2.2,2.7980738,2.2299645
2.5,2.9382975,2.5333664
3.0,3.2491364,2.948241
4.75,4.4962234,4.692071
3.75,4.332514,3.806408
2.5,3.0661657,2.560099
3.0,3.104204,2.9557683
3.0,3.0584695,2.9285994
2.5,3.0646505,2.5673585
4.5,4.252351,4.4964385
2.0,2.6528857,2.0259223
3.25,3.5520742,3.2759988
3.5,3.5513084,3.4805706
3.5,3.5609014,3.4715009
3.0,3.5594258,3.0236044
2.0,2.6728683,2.0218124
3.0,3.0964515,2.9727805
3.0,3.080372,2.9541297
3.75,3.699352,3.7297163
3.25,3.532482,3.203017
3.5,3.9345505,3.551802
3.0,3.366189,3.0621932
3.75,4.303816,3.80575
3.75,3.7208521,3.6812046
3.0,3.1807723,2.9645941
3.5,3.6345875,3.5566094
2.2,2.862777,2.231974
4.5,4.436405,4.446462
3.0,3.2382011,2.9612765
7.6,7.8130226,7.604999
3.0,3.080434,2.962838
0.8,0.96438813,0.80350375
3.75,3.7347107,3.6812975
3.25,3.5759053,3.3074586
3.75,3.750337,3.7314627
3.5,3.5328512,3.442486
2.5,2.9524465,2.5108445
3.0,3.4161525,3.0574403
2.5,2.9560366,2.537393
2.5,3.009704,2.557634
20.45,17.923222,20.377996
2.55,3.0136135,2.6170678
2.5,3.0331662,2.5547931
3.0,3.0680819,2.932485
3.5,3.5902588,3.472513
2.45,2.9674788,2.5138807
4.5,4.288886,4.468889
2.5,2.9508631,2.5083966
3.0,3.5582588,3.0618005
2.5,2.9241295,2.5386517
3.25,3.5675025,3.2380865
0.8,0.96885896,0.80357826
2.2,3.0877707,2.241374
4.5,4.269059,4.445156
3.25,3.5448124,3.2435014
3.75,4.3024106,3.811845
2.55,3.0136135,2.6150208
4.5,4.2993546,4.50256
2.5,2.5985184,2.5324557
4.5,4.3995256,4.446792
2.5,2.9488482,2.5369945
2.0,2.680326,2.0218124
3.0,3.2887125,2.9959803
3.5,3.5749447,3.442486
3.75,4.05573,3.7815173
3.75,3.7125561,3.7280712
21.0,18.567646,20.949171
3.5,3.6327987,3.5501244
0.8,0.98132306,0.80368495
4.5,4.2890654,4.468889
3.1,3.0136135,3.0528817
2.55,3.0136135,2.616389
3.25,3.5724542,3.3142405
2.5,2.9484527,2.5108445
3.25,3.5632794,3.3113616
3.5,3.6194832,3.5487769
3.0,3.0711935,2.9322574
2.0,2.666278,2.0245647
3.5,3.5844672,3.472513
3.0,3.2639213,2.9901938
4.5,4.2349143,4.4897523
0.8,0.98228455,0.80516833
3.75,3.7160738,3.7295828
3.1,3.3774624,3.1012104
3.25,3.5470278,3.244056
3.0,3.0794458,2.9754167
4.5,4.4083776,4.445501
3.75,4.0581083,3.7815173
3.75,4.098016,3.7804694
3.0,3.1846354,2.964046
4.0,3.7398984,3.9198768
2.0,2.6821017,2.021214
2.5,3.0141053,2.559076
3.5,3.6398456,3.5844624
3.0,3.3294294,2.9947205
4.25,4.1818943,4.1972327
2.0,2.6593637,2.0245647
3.0,3.2516053,2.9898517
3.0,3.0604928,2.9538293
4.25,4.3105025,4.1864996
3.25,3.5694768,3.313446
3.0,3.1510859,2.963158
4.5,4.3989334,4.445501
2.5,3.1430807,2.5429568
3.0,3.0845366,2.9727805
2.5,3.1146698,2.5429568
2.0,2.6788285,2.0259223
3.0,3.3636265,2.9901938
3.5,3.829769,3.5658417
2.0,2.6964793,2.0218124
3.0,3.1348047,2.959818
3.0,3.3991325,3.0574403
2.5,2.966628,2.5092754
3.0,3.2674806,2.9893107
3.0,3.6998937,3.0251803
3.0,3.2725863,2.9893107
2.5,2.9415216,2.5317326
3.75,3.7341144,3.7291152
2.2,3.0667758,2.2381716
2.55,3.0136135,2.6170678
3.0,3.087504,2.9542267
3.0,3.2318444,2.9604702
3.0,3.0857573,2.9545846
4.25,4.065667,4.195586
3.0,3.0862339,2.9515545
4.75,4.494857,4.6889057
4.25,4.1120176,4.2010407
2.5,3.1731694,2.5410373
3.75,4.022354,3.7725036
4.75,4.510388,4.6849437
4.25,4.18559,4.1972327
3.1,3.3992398,3.1018622
3.1,3.0136135,3.0535529
2.2,2.897274,2.231974
3.1,3.0136135,3.0588794
3.0,2.5945454,2.510108
3.5,4.0060544,3.56362
2.2,2.814329,2.231974
3.0,3.5957086,3.0251803
3.5,3.6122463,3.567954
4.25,4.350461,4.1868925
3.0,3.2113051,2.9578347
3.0,3.0863428,2.9741867
3.0,3.0877135,2.9425364
3.1,3.0136135,3.0540066
2.5,2.9990692,2.556331
10.0,10.507862,9.9748
3.5,3.5752285,3.4856613
4.5,4.357956,4.4448547
2.5,3.1507819,2.5409389
3.0,3.2989228,2.9901938
3.0,3.0871308,2.956917
2.45,2.9305217,2.5136182
4.75,4.53347,4.695892
2.5,2.93143,2.507822
3.75,3.5032318,3.786021
3.5,3.8239958,3.5619953
3.75,3.773363,3.7271256
4.25,4.105982,4.1970277
4.5,4.363183,4.446558
3.75,3.7536404,3.7280464
3.0,3.1629148,2.9966562
7.6,8.242318,7.6043344
3.0,3.6733997,3.0251803
3.0,3.3828228,3.0584881
3.0,3.5759788,3.021457
4.25,4.1223497,4.1964564
2.5,2.976151,2.534769
3.0,3.2542071,2.9625547
3.0,3.0704463,2.9329426
3.0,3.0767798,2.951174
3.0,3.1502924,2.9629033
3.0,3.2502248,2.9898517
3.0,3.2603173,2.9901938
4.0,3.7245097,3.922863
3.0,3.330311,2.9893107
2.5,2.9319751,2.5373635
4.25,4.192544,4.1976256
4.5,4.317546,4.4703736
0.8,1.0071958,0.80516833
3.25,3.5223694,3.270176
3.0,3.348631,2.9893107
4.25,4.2123947,4.1972327
3.75,4.051113,3.7525043
2.45,2.9533572,2.514312
3.5,3.6367385,3.5494592
3.0,3.2539203,2.994233
3.0,3.0659165,2.932485
3.0,3.2611141,2.9893107
3.0,3.331763,2.9897916
3.25,3.5152411,3.264764
3.25,3.5236788,3.2781315
2.5,2.9913554,2.5108445
3.75,4.044693,3.7732828
3.0,3.2887318,2.994233
2.5,3.0106225,2.5562658
3.0,3.2325513,2.994233
2.5,3.001244,2.5548544
3.0,3.169187,2.9608629
4.5,4.2900143,4.47471
3.0,3.11011,2.9492962
2.2,2.8177145,2.2299645
2.5,3.0150821,2.5099986
3.0,3.2309308,2.9966562
4.5,4.378152,4.446462
3.0,3.0904212,2.9556315
3.5,3.9409535,3.5584135
2.5,3.0762553,2.567816
4.5,4.29928,4.515343
3.0,3.2068431,2.960403
2.5,3.0169115,2.5561323
4.25,4.1036816,4.1970277
2.45,2.9803762,2.5138807
28.0,21.48336,25.173567
2.5,2.9914181,2.5099986
3.75,3.7087953,3.7282295
3.75,4.0612974,3.7864137
3.75,3.7632055,3.741498
3.75,4.311434,3.8059711
3.5,3.554722,3.4448903
4.5,4.2100234,4.4520483
2.45,2.9621065,2.5150893
3.75,3.7129495,3.7204425
3.5,3.6332932,3.5730577
3.25,3.5515306,3.2405484
8.95,9.331339,8.948886
3.75,4.0446177,3.7529285
2.5,3.0745144,2.5597098
3.75,4.1242547,3.7732828
2.5,2.9772425,2.5099986
3.5,3.5560913,3.5000796
2.5,2.9541,2.507822
3.0,3.1030302,2.9540684
0.8,0.9787964,0.8041432
3.5,3.651664,3.472513
3.0,3.078797,2.9559188
4.25,4.225937,4.18737
3.75,4.32968,3.8095963
7.6,7.41947,7.6047053
3.5,3.5599408,3.4898033
2.5,3.0802162,2.5612073
3.0,3.1554563,2.9966562
3.5,3.56328,3.47096
3.5,3.6384933,3.473054
3.0,3.6731238,3.0251803
3.0,3.0790355,2.9545846
3.0,3.1554744,2.9471853
3.0,3.0870914,2.9545846
3.0,3.3132868,2.9893107
3.0,3.2110012,2.9613302
3.75,3.725373,3.6819525
3.75,3.7161872,3.7252786
4.25,4.06769,4.195586
18.0,18.787636,17.974606
2.0,2.696477,2.0218124
3.0,2.571758,2.7911074
2.2,3.0700207,2.241374
2.5,2.95816,2.5419436
2.5,3.0124927,2.5548544
3.0,3.2610037,2.9893107
3.75,4.0273867,3.7663486
3.1,3.3478303,3.1015787
3.25,3.547811,3.2626033
3.75,4.3690734,3.8081596
3.75,3.7155051,3.6812046
2.5,2.9366963,2.5364463
3.0,3.271739,2.994233
2.55,3.0136135,2.6170678
3.75,4.3410444,3.8095963
3.5,3.5506465,3.487826
2.65,3.5439522,3.200064
3.0,3.4796536,3.0618005
2.5,2.9823728,2.5092754
0.8,0.9884898,0.8037572
4.25,4.231371,4.18737
4.75,4.5539007,4.691741
2.2,2.8146994,2.2305055
3.0,2.6247625,2.8111792
3.0,3.157845,2.9709263
3.75,3.9152503,3.7632825
0.8,0.9918082,0.8041434
3.75,4.0590076,3.7815173
3.25,3.566664,3.3093655
3.75,3.95568,3.7736754
2.5,2.9024515,2.534147
4.5,4.330985,4.4681973
2.0,2.6425314,2.0245647
3.0,3.1793432,2.9727805
3.25,3.5627759,3.2646646
3.75,3.7408187,3.7694998
4.25,4.1110315,4.2010407
3.5,3.6375139,3.47096
2.55,3.0136135,2.6150498
4.5,4.4072394,4.4465513
3.0,3.205286,2.9635885
2.0,2.6666508,2.0245647
3.75,4.0601664,3.7804694
3.5,3.5813124,3.4858615
3.75,4.0570936,3.7864137
3.0,3.0812244,2.9741867
0.8,0.9984057,0.80516833
3.0,3.178441,2.9566052
3.75,4.1219034,3.7804694
3.5,3.5463564,3.4461205
2.5,3.0252128,2.556811
4.0,3.6925561,3.923318
2.5,3.0262678,2.5563562
3.0,3.2302308,2.9624906
3.75,3.7153978,3.6807423
3.75,4.057311,3.7864137
3.75,4.3605943,3.8095963
3.0,3.6075644,3.0209367
3.75,3.747769,3.7268913
2.5,3.0645056,2.5673585
2.5,2.983718,2.5083966
4.25,4.119074,4.200648
4.25,4.051606,4.1970277
3.75,3.76736,3.731452
3.0,3.2675052,2.961131
2.5,2.9823124,2.5466726
3.0,3.0840223,2.9560864
2.55,3.0136135,2.6170678
0.8,0.9876686,0.80516833
3.75,4.036705,3.7638538
3.75,3.7243469,3.680839
3.0,3.164865,2.9590619
3.5,3.5951996,3.442486
3.1,3.0136135,3.0535529
4.5,4.382955,4.4432735
28.0,21.341139,23.217556
2.5,2.9471846,2.5108445
4.0,3.7089376,3.9213
2.5,2.9460256,2.5377913
2.5,3.1375694,2.5429568
0.8,0.9887655,0.80516833
4.75,4.589611,4.6899986
2.2,3.0726514,2.240144
2.5,2.9215071,2.5364463
3.0,3.23072,2.9477835
4.75,4.520339,4.6876497
3.0,3.2723053,2.9959803
3.25,3.717125,3.310055
3.75,4.066598,3.786021
3.0,3.0630858,2.9537528
3.0,3.086637,2.9515252
4.25,4.255619,4.187941
4.75,4.50254,4.687797
2.5,2.9581544,2.5366206
3.5,3.6643403,3.472513
3.1,3.3278022,3.1015787
2.5,2.9712434,2.5083966
2.45,2.9531548,2.5125945
4.5,4.372426,4.43014
2.0,2.6702714,2.021214
3.5,3.6049626,3.4461205
3.75,4.0444584,3.7548397
4.5,4.193201,4.4698796
18.0,18.55407,17.965221
3.75,4.021306,3.75264
2.5,3.0126016,2.5561688
4.5,4.3531904,4.470231
3.5,3.6225111,3.486111
2.2,3.1091561,2.240144
3.25,3.559056,3.263387
2.5,3.0760095,2.557825
3.0,2.5772607,2.7908387
4.25,4.2023296,4.187941
4.25,4.213009,4.1976256
2.45,2.951777,2.5138807
4.5,4.3552055,4.4592686
2.0,2.6610665,2.0257797
2.5,2.9913898,2.5099986
3.0,3.2005446,2.9635885
2.5,3.0743778,2.5673032
3.5,3.572643,3.4817429
2.55,3.0136135,2.6178908
2.2,3.0985656,2.241374
3.1,3.3722413,3.1003788
0.8,0.99202204,0.7998478
2.5,2.953885,2.542401
3.0,3.3849115,3.0579169
0.8,0.9989524,0.804098
0.8,0.98699963,0.7972958
2.5,3.0784416,2.5686755
3.0,3.1742563,2.9645941
4.25,4.215778,4.187941
3.0,3.5897906,3.02304
3.25,3.584302,3.3285558
2.5,2.9457092,2.5083966
3.1,3.335647,3.1011164
3.0,3.269711,2.9959803
2.5,2.9307692,2.5346496
2.2,2.807073,2.2305055
3.75,4.320323,3.8106987
2.5,2.9591556,2.537452
2.45,3.0055046,2.5130568
3.0,3.2117467,2.964869
2.5,3.078106,2.5666733
3.5,3.5741193,3.498897
3.75,3.765031,3.6820943
4.5,4.323931,4.46843
3.1,3.0136135,3.052874
3.0,3.078505,2.9316998
3.0,3.080513,2.9556315
3.5,3.658223,3.472513
2.5,2.9156883,2.5365694
2.0,2.626781,2.0259223
2.55,3.0136135,2.6178908
4.75,4.49156,4.6888995
3.0,3.1819413,2.9635885
2.45,2.9387631,2.5138807
3.1,3.4118042,3.1012473
3.0,3.2506397,2.9898517
4.5,4.437086,4.446792
3.75,3.7161438,3.681663
2.45,2.9528844,2.5137906
3.0,3.2166343,2.9591432
4.25,4.1156454,4.1970277
3.75,3.701076,3.6812046
2.0,2.6557906,2.0259223
4.75,4.499461,4.691741
3.0,3.0679,2.9507804
4.5,4.4175634,4.4476604
3.0,3.216228,2.948241
2.1,2.59998,2.6070712
2.5,2.9199133,2.5364463
2.0,2.689048,2.021214
3.25,3.5281136,3.206442
4.25,4.2371197,4.187941
3.75,3.745446,3.7421176
3.75,4.281019,3.8039918
3.0,3.6229336,3.0251803
0.8,0.98790735,0.80446213
3.0,3.071248,2.9329426
4.75,4.5884304,4.6872597
4.0,3.7461908,3.9273589
2.5,3.0071445,2.55225
3.0,3.0651135,2.9329426
3.0,3.0717893,2.9741867
2.5,2.9429955,2.5364463
8.95,9.296963,8.940846
2.55,3.0136135,2.615566
2.2,2.810586,2.2299645
3.75,3.6877859,3.6812046
2.45,2.9253078,2.514233
2.0,2.672535,2.0217488
3.25,3.5517209,3.2626033
2.5,2.9233003,2.5347612
3.0,3.6181953,3.0251803
0.8,0.9718993,0.80378854
2.0,2.6396194,2.0259223
2.0,2.684862,2.0245647
2.2,2.8153815,2.2299645
3.25,3.554832,3.269321
3.1,3.632685,3.1012313
2.2,3.083411,2.240144
3.5,3.5921876,3.4461205
3.0,3.091985,2.9554152
3.0,3.2336109,2.9647763
2.55,3.0136135,2.616613
3.75,4.049844,3.7727792
3.0,3.2409465,2.9477282
0.8,0.99232686,0.80409414
0.8,0.9772578,0.8035693
3.1,3.0136135,3.0540066
3.75,4.062313,3.7732828
2.55,3.0136135,2.6201634
3.0,3.2233977,2.948643
2.5,3.0065348,2.5548544
3.0,3.2163367,2.9959803
3.0,3.250295,2.9907348
3.0,3.6003616,3.0618005
3.75,4.3308268,3.8095963
4.25,4.0625877,4.195979
2.2,2.842266,2.231433
18.0,18.747696,17.973585
0.8,0.98369193,0.80378854
3.75,4.365423,3.794712
3.75,3.7299843,3.718951
3.5,3.5480862,3.4790137
3.5,3.6156223,3.4834845
4.0,3.6591043,3.9213612
3.75,3.7144854,3.730558
2.0,2.6668441,2.0218124
3.75,4.031371,3.765494
3.0,3.6515715,3.0251803
3.5,3.5841122,3.472513
2.5,2.9638946,2.5108445
20.45,17.135778,20.347921
4.75,4.5552883,4.690348
3.0,3.067795,2.9328873
4.25,4.2345448,4.187941
3.75,3.7034824,3.7287366
3.75,4.121504,3.7804694
2.2,3.0732243,2.240144
3.1,3.0136135,3.053098
4.75,4.5044346,4.6880198
3.5,3.8551116,3.5606072
2.0,2.639494,2.0271523
2.5,2.9466553,2.5083966
3.0,3.1734257,2.97099
3.25,3.5580766,3.2640817
2.5,2.9592626,2.5099986
3.0,3.075685,2.9329426
0.8,0.98405665,0.8041432
3.0,3.1029286,2.9516864
2.2,2.8813396,2.231974
2.0,2.6614351,2.0271523
4.5,4.410905,4.446462
2.0,2.6129558,2.0259223
3.1,3.0136135,3.0528817
3.75,3.7207084,3.681663
2.5,2.954706,2.5359888
3.25,3.6814039,3.3122714
0.8,0.9863412,0.80357826
4.0,3.6929808,3.921746
3.0,3.1553414,2.964046
3.75,4.1088657,3.7800767
2.5,2.9227557,2.507822
15.0,18.990353,15.089269
3.0,3.1003423,2.9584975
3.0,3.0803766,2.9529424
4.25,4.292164,4.1868925
2.45,2.930359,2.5134223
3.0,3.0559297,2.928827
2.5,3.006401,2.556811
19.75,32.993225,19.91799
8.95,9.93329,9.038517
2.5,2.9410977,2.5367799
3.0,3.137877,2.9649055
2.1,2.5746076,2.7673693
2.0,2.6523714,2.0217488
0.8,0.98908097,0.80350983
28.0,29.24602,28.025545
3.1,3.3807445,3.1012104
12.0,13.119775,12.03543
2.5,3.132642,2.54258
2.45,2.9294043,2.51296
3.0,3.1859794,2.9650517
3.0,3.4617124,3.0618005
3.5,3.541029,3.442486
3.75,4.0577784,3.7864137
2.5,3.1875854,2.5385568
2.45,2.9225252,2.51296
3.0,3.1981144,2.964869
3.5,3.9673157,3.5646405
3.0,3.093586,2.9554152
4.75,4.5025787,4.691975
2.2,2.8566241,2.231433
3.0,3.2894416,2.9959803
2.2,3.0976071,2.241374
3.75,4.063777,3.786021
3.75,4.135853,3.7732828
4.5,4.3480225,4.4457736
3.75,4.041918,3.753429
3.0,3.2001343,2.9491005
3.0,3.068833,2.9741867
3.0,3.2217255,2.9475558
3.5,3.5687244,3.4915893
2.55,3.0136135,2.6163967
0.8,0.97098744,0.8037249
3.75,4.0520144,3.753533
2.5,2.9160202,2.5083966
2.5,3.149425,2.5429568
4.75,4.5599623,4.690678
3.75,3.9848273,3.7540905
3.0,3.0804267,2.9741867
3.75,3.7253835,3.6814005
3.0,3.1641772,2.9703915
3.0,3.2411547,2.994233
3.0,3.2656937,2.9901938
2.0,2.6419687,2.0217488
2.5,2.8981564,2.507822
3.75,4.1034555,3.7800767
3.75,3.6816504,3.7632315
3.0,3.229194,2.9491005
3.1,3.0136135,3.0535529
0.8,0.97027785,0.7950835
3.75,4.302559,3.8213007
2.45,2.949826,2.514312
3.75,3.8991425,3.7638538
3.0,2.6132889,2.9095573
3.25,3.5879958,3.3097394
2.5,3.3810859,2.5677607
3.0,3.1101568,2.9611304
4.5,4.2253475,4.4687395
2.2,3.0751824,2.240144
2.1,2.5968883,2.7226746
2.5,2.9730222,2.534133
2.5,2.9131947,2.5359888
2.5,3.1116805,2.541455
3.0,3.2731304,2.9901938
3.0,3.1139128,2.9554152
3.0,3.0865755,2.9312367
2.5,3.0062108,2.5544162
3.0,3.216329,2.954683
2.45,2.9055977,2.514249
4.25,4.1319485,4.200648
4.5,4.22276,4.4694266
3.1,3.0136135,3.051535
3.5,3.5497687,3.4785337
3.75,4.0488806,3.7727792
3.0,3.1619577,2.9629033
2.2,3.0710874,2.240144
3.75,3.7179253,3.6814005
3.75,3.7179883,3.680839
2.45,2.9682665,2.5141056
2.2,3.1489673,2.236799
2.5,2.9292626,2.5369945
3.75,4.1082773,3.7804694
4.75,4.5003967,4.6880198
0.8,1.0017649,0.80516833
2.5,3.061238,2.5677607
4.25,4.114812,4.1964564
0.8,0.96617484,0.80360067
3.75,4.046465,3.771257
3.1,3.0136135,3.0535529
4.5,4.4476833,4.446462
2.5,2.946834,2.5351465
3.0,3.0786796,2.9329426
2.5,3.0364594,2.5556161
3.25,3.5905135,3.3076882
3.75,4.305438,3.80575
4.75,4.480138,4.691735
0.8,0.9983549,0.8037572
3.0,3.5433714,3.0584881
3.0,3.2522187,2.963952
4.5,4.401582,4.4465513
3.1,3.0136135,3.054298
2.5,3.1957364,2.5421958
2.0,2.711474,2.0217488
0.8,0.9914118,0.80378586
8.95,9.3328285,8.948546
3.75,3.7255363,3.6819525
3.0,3.2212305,2.948643
4.5,4.388941,4.4432735
4.5,4.262747,4.469085
2.5,3.0170598,2.5099986
3.0,3.3302133,2.994233
4.75,4.4897785,4.688943
2.5,3.0956995,2.579422
4.25,4.3192635,4.1868925
13.33,11.12506,13.287569
3.0,3.2629676,2.9893107
3.0,3.0652978,2.9727805
2.55,3.0136135,2.6158729
2.5,3.1994123,2.5407095
3.1,3.3719473,3.1007442
3.75,4.139868,3.7732828
3.0,3.0918639,2.9741867
2.5,2.9440317,2.5340493
3.0,3.3958569,3.0579169
3.0,3.1088996,2.959129
0.8,0.98383796,0.8003852
2.5,3.001711,2.5416605
0.8,0.96518093,0.80357826
3.0,3.170626,2.97099
3.0,3.215594,2.959224
3.75,4.016588,3.7732828
2.45,2.9269695,2.5141702
3.75,3.7740796,3.7286208
3.0,3.0864801,2.9627159
3.5,3.3119516,3.4752913
3.5,3.5729575,3.4715009
3.75,3.756035,3.729272
3.0,3.1813545,2.9627976
3.75,4.311812,3.8106987
0.8,0.9883714,0.8046915
3.0,3.2084765,2.9959803
3.5,3.5472252,3.442486
6.4,9.812171,6.3979187
4.5,4.31048,4.4684315
2.5,2.9744062,2.5099986
3.0,3.1682224,2.963612
2.5,2.96634,2.5418882
3.0,2.6141803,2.8285713
2.0,2.6831307,2.0218124
3.0,3.102304,2.9534671
4.25,4.110574,4.2010407
3.0,3.4808848,3.0621932
3.0,3.0624342,2.9352643
2.5,2.9608884,2.5419436
0.8,0.9901066,0.80412304
3.75,4.298579,3.8074677
4.25,4.2000265,4.1972327
3.0,3.183095,2.9658747
3.5,3.6333778,3.4461205
2.5,3.0992851,2.540562
3.5,3.5876734,3.4448903
3.0,3.3851366,3.0574403
3.0,3.2758448,2.9893107
0.8,0.9653449,0.80350566
4.75,4.5516863,4.691645
2.0,2.6831083,2.0218124
2.5,2.9333632,2.5364463
3.0,3.1635578,2.9622042
2.55,3.0136135,2.6163967
3.5,3.6137815,3.473054
3.5,3.6072366,3.4898174
3.0,3.0870316,2.9527123
4.25,4.01641,4.195979
2.5,3.0849304,2.5614357
3.0,3.2696533,2.9893107
2.0,2.723815,2.0218124
0.8,0.97007143,0.7999149
10.0,10.383513,10.000488
3.75,3.7583618,3.7628388
3.0,3.4419293,3.0574403
3.5,3.615349,3.4448903
4.75,4.5520134,4.687803
3.0,3.0797486,2.9526687
3.0,3.09374,2.9560864
3.0,3.202773,2.9635885
3.0,3.071876,2.9322574
0.8,0.99759746,0.8041432
4.75,4.496078,4.691645
3.25,3.5476499,3.2626033
0.8,0.99113035,0.8037572
3.5,3.5935235,3.5519016
3.75,4.372937,3.8095963
2.0,2.6478477,2.0271523
4.25,4.062375,4.195979
0.8,0.9666131,0.8043188
2.5,3.0600653,2.5673585
3.0,2.6275096,2.8060002
2.2,2.8362393,2.231974
3.75,4.054497,3.780946
3.0,3.348291,3.0570476
2.0,2.694326,2.0218124
14.0,13.852803,13.962928
3.75,4.003487,3.7732828
3.75,4.3589797,3.8095963
3.0,3.2376866,2.9966562
3.5,3.656706,3.472513
3.75,4.0302477,3.7638686
2.55,3.0136135,2.6178908
3.0,3.04793,2.9741867
3.5,3.5796866,3.442486
3.1,3.4350333,3.1008449
2.5,3.0745597,2.5615547
3.5,3.98094,3.5646405
3.1,3.0136135,3.0516741
2.5,2.9370117,2.5108445
0.8,0.9738213,0.80378854
3.0,3.0915601,2.9554152
3.75,4.3121386,3.80575
4.5,4.376604,4.471687
4.25,4.068898,4.195586
3.0,3.1697984,2.97099
3.25,3.5459917,3.2435014
3.25,3.5611246,3.316743
2.5,2.9225,2.5382855
3.75,3.9960034,3.7736754
5.63,4.234012,4.482491
3.75,3.7136347,3.6807423
4.06,3.5331054,3.2688982
2.0,2.639144,2.0259223
3.0,3.216047,2.9477282
3.0,3.3867793,3.0618005
3.0,3.2313073,2.9966562
3.0,4.05814,3.0570476
3.5,3.5797083,3.4448903
3.0,3.4393625,3.0574403
2.0,2.6666508,2.0218124
3.5,3.58314,3.4448903
3.0,3.070007,2.9494677
3.0,2.6221135,2.890605
3.75,3.7476995,3.7302763
3.25,3.5116928,3.205719
2.2,3.0774894,2.240144
3.0,3.4620745,3.0618005
4.25,4.217224,4.1976256
3.1,3.0136135,3.0535529
3.25,3.581094,3.3068922
3.0,3.0746152,2.9531555
2.5,2.9758985,2.5083966
2.5,2.9750957,2.5367603
4.0,3.7217498,3.9226468
2.2,3.062963,2.2381716
3.25,3.4668543,3.2634864
3.25,3.5704024,3.2417345
3.5,3.9168112,3.5655117
3.5,3.5511882,3.479169
3.75,3.7534487,3.7280028
2.5,3.0310829,2.556811
3.75,4.068264,3.786021
4.75,4.541054,4.691975
3.75,4.3038373,3.8107948
2.5,2.9764824,2.5092754
3.0,3.1597743,2.9644554
2.2,3.0981057,2.241374
2.5,2.93056,2.5372694
4.75,4.5089264,4.6860404
3.0,3.0906124,2.9560864
3.0,3.620825,3.0251803
2.5,3.0113053,2.5563562
2.5,2.974962,2.5423458
3.75,4.136364,3.7800767
2.5,2.9550014,2.5108445
2.55,3.0136135,2.6175215
4.25,4.066268,4.195979
3.0,3.28882,2.994233
4.25,4.064422,4.2010407
3.0,3.2418456,2.9966562
3.0,2.568066,2.5968318
3.0,3.3593864,2.9907348
2.5,3.0744011,2.5610986
3.1,3.0136135,3.0545998
2.2,3.1045525,2.241374
3.75,3.71929,3.738407
0.8,0.9871312,0.80516833
2.0,2.6804204,2.021214
4.25,4.0671353,4.195586
3.25,3.586273,3.3397996
3.0,3.1838918,2.960528
4.69,4.0380335,3.7674468
3.5,3.5578725,3.4795525
2.5,2.9935422,2.5392656
2.5,2.9485176,2.5379083
2.5,2.9386718,2.5359888
2.5,2.9601502,2.5083966
3.75,3.7409043,3.7276711
2.2,2.820595,2.2299645
4.25,3.972029,4.200648
15.0,19.92953,15.130731
4.75,4.573662,4.693894
3.0,3.2292056,2.9481857
3.0,3.5687373,3.0236044
4.5,4.399368,4.4437227
3.75,3.7617228,3.7245293
3.1,3.0136135,3.0528817
0.8,0.9976094,0.8041432
2.5,2.9437733,2.5362036
2.5,2.9634788,2.509472
2.5,2.9626527,2.536937
0.8,0.9927921,0.8017998
3.5,3.5882533,3.472513
2.55,3.0136135,2.6188166
3.75,4.0532656,3.7538111
3.1,3.387649,3.1012104
4.5,4.3390465,4.4712877
2.5,2.9724495,2.5423458
3.0,3.0716352,2.9329426
3.0,3.403882,3.0574403
2.5,3.077346,2.5589757
2.45,2.9389687,2.5134223
3.0,3.1780565,2.9703915
2.5,2.9438875,2.5354276
4.0,3.6528492,3.9201128
2.5,2.984183,2.5423458
4.5,4.448803,4.446792
3.5,3.6287792,3.567567
3.25,3.5465014,3.263881
3.0,3.4903378,3.055675
3.0,3.2416422,2.948241
3.75,3.760189,3.7628388
3.0,3.676502,3.0251803
3.75,3.7294846,3.6820154
3.1,3.4222007,3.1003788
2.2,3.0689278,2.241374
3.0,3.1579409,2.9614682
3.0,3.2488234,2.9959803
2.5,3.0206382,2.55614
15.0,19.207468,14.941976
2.5,3.0673301,2.5673032
4.5,4.364662,4.445501
2.5,3.1275635,2.5083966
3.5,4.0538836,3.5599072
2.0,2.6519024,2.0259223
4.5,4.367441,4.4465513
2.55,3.0136135,2.6163967
3.1,3.0136135,3.051535
3.5,3.8729358,3.5655117
4.5,4.3762383,4.4427767
2.5,3.0880606,2.5686755
2.5,2.959263,2.5381289
2.5,3.1554565,2.5429568
4.5,4.39144,4.446792
2.2,3.0803535,2.2381716
3.75,4.044902,3.7500882
2.2,2.8172734,2.2305055
3.0,3.1902668,2.9628549
3.0,3.0607748,2.9582644
3.25,3.5370307,3.270176
3.5,3.560644,3.494414
2.5,3.1832404,2.5417984
3.0,3.3508565,2.9893107
2.5,2.949276,2.5083966
3.75,4.3288784,3.8099263
4.0,3.704578,3.9213
3.75,3.7435365,3.72526
3.0,3.6378064,3.0251803
3.75,4.0014057,3.7736754
4.25,4.301274,4.1868925
2.5,2.9683847,2.542401
2.5,2.941683,2.5353942
4.75,4.499815,4.687797
3.0,3.170383,2.97099
2.5,3.163745,2.5429568
2.2,3.0734544,2.2381716
4.75,4.500985,4.691645
3.0,3.2411466,2.9966562
3.0,3.0698838,2.9296715
3.5,3.9662647,3.574729
3.0,3.1654358,2.963537
3.75,3.7121036,3.7281024
3.75,3.699135,3.727713
3.5,3.785914,3.564215
2.45,2.954537,2.5137906
2.0,2.6468039,2.0245647
2.5,3.0416799,2.5550587
4.25,4.1149817,4.1970277
2.0,2.7143917,2.0231922
2.5,2.9163742,2.5364034
2.5,3.0233793,2.5547931
2.0,2.6246386,2.0245647
3.75,4.0206847,3.748998
4.25,4.232855,4.1976256
2.5,2.945073,2.5108445
2.5,3.0252028,2.556811
2.55,3.0136135,2.6163967
2.5,3.0662851,2.5677607
8.95,10.379364,9.037425
3.0,3.1509972,2.97099
2.5,2.9659507,2.542401
2.5,2.9950962,2.5414472
3.1,3.3263843,3.1018782
3.0,3.1382978,2.9640963
3.25,3.5333993,3.203017
3.0,3.2982564,2.994233
4.5,4.3969183,4.446462
3.0,3.0862703,2.9329426
3.75,4.3133545,3.8100224
2.5,2.9956636,2.556811
2.5,2.9476418,2.5423458
3.25,3.565869,3.2419004
3.1,3.0136135,3.0516274
3.0,3.0790129,2.9727805
4.0,3.7112885,3.920923
3.0,2.9973574,2.9267101
9.25,9.757463,9.223219
3.75,3.9558651,3.7632825
2.5,2.9420328,2.5364463
2.0,2.6458588,2.0271523
2.5,2.9433308,2.5342946
3.1,3.4149644,3.100748
3.75,3.7207654,3.7289891
3.1,3.0136135,3.0511162
2.55,3.0136135,2.6150498
3.75,3.74602,3.751062
3.5,3.5928776,3.4830391
3.75,3.7229037,3.6799111
3.75,3.7652013,3.7628388
2.5,3.095285,2.5610201
3.75,4.0336905,3.7483459
2.1,2.6285777,2.5995374
3.0,3.0915096,2.953014
3.75,4.0213757,3.7519176
3.0,3.152121,2.9966562
2.0,2.6186175,2.0271523
3.0,3.0905585,2.9541297
3.0,3.4306579,3.0621932
7.6,7.8024607,7.604628
2.0,2.6693032,2.0218124
2.5,2.981414,2.5563562
3.75,4.2898407,3.8010693
3.0,3.06786,2.932485
3.75,3.7598855,3.7458556
2.5,3.0063133,2.55614
2.5,3.075682,2.5624676
0.8,0.9885323,0.80378854
3.0,3.2574244,2.961555
3.75,3.7237272,3.736952
3.0,3.3170867,2.9901938
2.55,3.0136135,2.6178908
3.25,3.536704,3.2739007
2.0,2.6428595,2.021214
2.5,2.9841712,2.5092754
4.25,4.214781,4.18737
4.25,4.1167536,4.1964564
2.5,2.9808123,2.5108445
2.5,2.962865,2.5108445
3.1,3.3950348,3.1018622
28.0,27.665125,27.829596
3.0,3.195,2.9966562
2.45,2.9376128,2.5136182
3.0,3.0221996,2.9754167
3.0,3.3578887,3.0570476
3.0,3.5740798,3.021457
2.2,3.0892158,2.240144
2.5,3.0702288,2.5673585
2.5,3.0881543,2.5606735
2.5,3.0248394,2.5547931
2.5,2.9400551,2.536528
4.0,3.669284,3.9229755
4.5,4.452879,4.446792
4.0,3.673509,3.923318
2.5,3.1829593,2.5417984
2.0,2.7031422,2.0218124
3.0,3.2416918,2.9622428
2.55,3.0136135,2.6178908
3.0,3.148736,2.9703915
2.5,2.9827127,2.5432606
3.75,3.7474196,3.7299254
3.5,3.57734,3.442486
3.75,3.71922,3.6820154
2.5,3.1044166,2.5422857
2.5,3.0029182,2.535385
3.0,3.148619,2.97099
3.0,3.3649356,3.0579169
3.75,3.7040355,3.7632315
4.5,4.4097958,4.4498134
2.5,2.9740005,2.534311
3.1,3.331966,3.1015787
3.0,3.2081695,2.95702
3.75,3.7582169,3.727871
3.75,3.7331946,3.6803768
3.0,3.4418094,3.0621932
3.0,3.1954668,2.964046
12.0,14.226892,12.11806
4.0,3.6495628,3.9253833
3.0,3.1100097,2.955744
3.75,3.7419825,3.7302158
2.0,2.693773,2.021214
2.5,2.9142754,2.5359888
3.0,3.6744795,3.0251803
3.0,3.279831,2.9893107
4.75,4.519781,4.6881285
3.0,3.106403,2.9560864
2.5,3.117381,2.5429568
3.0,3.3730006,3.0574403
2.5,2.8944535,2.507822
3.5,3.5489414,3.478106
3.5,3.5322726,3.4448903
3.75,4.3096514,3.8108048
3.75,3.746096,3.7279778
0.8,0.968094,0.8043188
2.5,2.946696,2.5394835
3.0,3.1913319,2.9658747
2.5,3.0858345,2.570196
3.0,3.9462,3.02466
3.75,4.3676367,3.8096862
2.2,2.8385866,2.231433
3.1,3.0136135,3.047057
2.5,3.1468036,2.5430532
3.0,3.6623254,3.0251803
3.5,3.57037,3.4927099
3.1,3.0136135,3.051535
4.0,3.7363129,3.9226468
3.1,3.4153748,3.1017992
3.75,4.018442,3.7732828
3.5,3.5525053,3.4775534
2.5,3.064356,2.567816
2.0,2.6758885,2.0271523
2.5,3.0239284,2.5567331
3.0,3.4146047,3.0574403
3.5,3.6100924,3.472513
3.0,3.0892298,2.9727805
4.75,4.546877,4.691735
3.75,3.9957454,3.7736754
2.5,2.931934,2.5083966
3.0,3.0753365,2.9316998
4.25,4.2729635,4.1864996
0.8,0.9724381,0.80448425
14.0,13.2476,14.570229
3.0,3.157581,2.9632099
3.0,3.0804267,2.9741867
2.45,2.9764476,2.5130568
3.0,3.062851,2.932485
3.75,3.656504,3.728233
3.0,3.260022,2.9635766
4.25,4.2588067,4.18737
3.25,3.5147657,3.2056584
4.25,4.1078196,4.1964564
3.75,3.7451427,3.7304928
3.0,3.3311193,3.0574403
3.0,3.1473029,2.97099
3.0,3.2901049,2.9901938
2.5,2.9901521,2.5108445
3.5,3.5805686,3.4448903
3.0,3.1175396,2.9292846
2.5,3.0599961,2.5686755
0.8,0.99455976,0.8040712
3.25,3.5654385,3.2653594
3.0,3.6829731,3.0251803
0.8,0.9623836,0.80360067
2.5,3.074328,2.5671308
3.75,3.7422774,3.7297335
14.0,13.346633,14.428243
4.25,4.306265,4.1868925
3.0,3.0821443,2.953204
3.5,3.6303082,3.547156
3.75,4.0741444,3.786021
3.75,3.8837059,3.7638538
2.2,3.0708954,2.2381716
3.0,3.2256298,2.9959803
3.25,3.5540178,3.2411168
3.75,4.34033,3.8095963
4.25,4.0722456,4.1865683
2.5,2.9503717,2.5369945
2.0,2.6185894,2.0271523
0.8,0.98243916,0.8008793
3.75,4.0550785,3.7864137
3.0,3.174949,2.97099
2.1,2.5372367,2.7508006
4.5,4.4066277,4.446462
2.5,3.0658958,2.5673585
2.5,3.0838275,2.5595548
4.5,4.410984,4.4388433
3.0,3.0820887,2.9329426
3.75,3.7526405,3.7302809
3.5,3.6228666,3.483365
3.75,4.121586,3.7800767
3.25,3.5677943,3.3612776
4.5,4.414773,4.4475646
3.0,3.0793633,2.9328873
3.75,3.7039354,3.7632315
2.5,2.927712,2.5083966
3.0,3.2861545,2.9610014
2.5,3.0763733,2.5613842
3.0,3.6470184,3.0251803
3.0,3.3550692,3.0574403
3.5,3.5687373,3.4765372
3.75,3.7234762,3.6814005
3.5,3.634155,3.4461205
3.25,3.544341,3.2439954
3.0,3.419347,3.0579169
4.5,4.433608,4.4427767
3.5,3.5545611,3.4911664
3.0,3.681216,3.0251803
8.95,10.50338,9.038517
0.8,0.9754782,0.78882456
4.0,3.7061388,3.9247417
3.0,2.5963225,2.587207
4.25,4.23549,4.187941
19.75,31.10668,19.426027
3.0,3.1488085,2.97099
2.0,2.7445529,2.0245647
3.5,3.6359272,3.473054
4.75,4.5164433,4.6958685
2.5,3.0125422,2.5544162
3.0,3.0775096,2.9534073
3.25,3.621178,3.364927
4.75,4.568663,4.691735
2.0,2.655759,2.0218124
3.25,3.5461128,3.2435014
3.0,3.2048984,2.9481857
3.0,3.2029214,2.9481857
3.0,3.2489738,2.946535
3.0,3.4664857,3.0574403
2.5,2.923018,2.5359888
9.25,9.582582,9.220764
3.0,3.2679994,2.9901938
3.0,3.0723488,2.9741867
3.0,3.1510525,2.9651895
4.25,4.234642,4.187941
3.0,3.192299,2.9664884
2.5,2.934653,2.5394785
3.0,3.310234,2.9959803
3.0,3.2948174,2.9619987
4.75,4.5634556,4.6923227
3.75,3.7252316,3.7332478
3.0,3.4724548,3.0584881
2.5,3.0698795,2.5619285
3.75,3.7200878,3.7273693
3.5,3.9826376,3.5668616
3.0,3.1816254,2.964448
2.5,3.114742,2.542502
3.0,3.0759664,2.9727805
3.0,3.5586789,3.0236044
3.75,4.1134186,3.7800767
0.8,0.9907462,0.80369353
3.0,3.0799632,2.9529204
3.5,3.612593,3.5547042
3.0,3.3001175,2.994233
3.5,3.5488932,3.4776714
2.2,2.7755375,2.2305055
3.25,3.4773035,3.264764
0.8,0.96945447,0.8041432
3.0,3.145947,2.97099
0.8,0.9858221,0.81857
4.5,4.4252605,4.446526
3.0,3.1196725,2.9633467
3.5,3.5826151,3.4783587
3.75,4.033844,3.7847571
2.0,2.6909761,2.021214
3.0,2.8609266,2.9604633
2.2,3.085154,2.241374
3.5,3.547919,3.4752383
3.1,3.4165318,3.1012104
3.0,3.0776591,2.9754167
2.2,3.0721762,2.241374
2.0,2.6572897,2.0218124
19.75,33.838726,20.511648
3.25,3.554861,3.2639415
4.0,3.7395318,3.9224126
2.5,3.0306835,2.5566149
3.0,3.5156548,3.055675
3.25,3.580664,3.3352535
2.0,2.6875062,2.0217488
2.55,3.0136135,2.615111
2.2,2.808833,2.231433
3.0,3.4356992,3.0574403
3.75,3.9402266,3.7638538
2.55,3.0136135,2.61665
2.0,2.677068,2.0218124
2.0,2.6595118,2.0218124
2.5,2.9689152,2.5108445
3.0,3.2440019,2.9959803
3.1,3.3189168,3.1015787
4.5,4.426575,4.446462
2.2,2.8292265,2.231974
3.5,3.6000242,3.47096
3.0,3.08323,2.9320962
3.0,2.6025372,2.5742373
4.5,4.1938667,4.483637
3.5,3.6078537,3.4461205
4.5,4.4476223,4.4457345
3.0,3.1585088,2.9650517
2.5,2.9647965,2.5108445
4.25,4.221832,4.18737
3.5,3.5760229,3.472513
2.2,3.0955484,2.240144
3.0,3.292346,2.96032
2.55,3.0136135,2.6178908
3.25,3.5813262,3.3076882
3.0,3.1889453,2.9481857
2.2,2.7827272,2.2299645
3.25,3.5538735,3.263387
2.5,3.0627172,2.5673585
3.0,3.4912329,3.0584881
3.0,3.1550257,2.9649055
3.0,3.2619908,2.960812
2.5,2.9623551,2.5364463
3.0,3.2615263,2.9477835
3.0,3.5174973,3.0584881
3.5,3.6309724,3.47096
3.5,3.545395,3.442486
2.0,2.651927,2.0259223
3.25,3.4963934,3.2768538
2.5,3.175702,2.5444772
3.0,3.0642967,2.950107
3.75,3.7184827,3.72267
3.5,3.7614508,3.5623233
3.0,3.0737743,2.9296012
2.5,3.0972252,2.5417619
3.75,3.7155662,3.6810317
0.8,0.9929744,0.8041432
3.75,4.3116026,3.8057535
3.0,3.0818975,2.9329426
3.75,4.015155,3.751615
2.1,2.5903432,2.6731174
3.0,3.080183,2.9544008
3.5,3.983004,3.5506275
3.75,4.3777704,3.8095963
3.75,4.05573,3.7815173
8.95,9.24018,8.948696
4.75,4.4833674,4.687449
3.0,3.3004577,2.9901938
2.5,2.9392185,2.5083568
3.0,2.6056738,2.7600243
2.65,3.530451,3.206442
3.0,3.2098582,2.9491005
4.75,4.5009193,4.6847906
13.33,8.822289,13.265841
2.5,3.098718,2.54258
2.45,2.9507315,2.5134223
4.25,4.3437862,4.1868925
2.5,2.9536476,2.535761
3.0,3.1679382,2.9635885
3.0,3.2519665,2.9893107
2.2,3.0653744,2.2381716
8.95,9.2362585,8.946349
3.25,3.579928,3.334745
3.1,3.416027,3.1012473
3.0,3.319548,2.994233
2.5,2.9414723,2.5083966
0.8,0.96731293,0.8035146
3.0,3.4043539,3.0621932
7.6,7.7952147,7.604999
3.75,3.7473893,3.681573
3.25,3.579771,3.3082106
3.75,3.7193758,3.7334833
3.75,3.7298853,3.7292275
3.5,3.5776274,3.4715009
3.75,4.033449,3.746749
3.75,3.7828999,3.7628388
3.25,3.5914462,3.3042297
0.8,0.9886965,0.79632163
2.5,2.963878,2.5083966
3.0,3.2706208,2.9608727
4.0,3.738535,3.9216301
2.5,2.9435377,2.5083966
3.0,3.0922506,2.9754167
2.5,3.063576,2.560273
3.75,4.064641,3.786021
3.0,3.1963134,2.9645941
3.5,3.6192968,3.4461205
2.5,3.07451,2.567816
3.5,3.6306207,3.5586956
3.75,3.6946914,3.6812046
3.0,3.2117803,2.9477835
3.1,3.0136135,3.0580487
2.5,2.9813633,2.5543745
2.5,3.1747541,2.5422857
3.0,3.5085886,3.0618005
2.2,2.828859,2.2299645
2.5,2.927282,2.5381672
21.0,18.42969,20.989517
3.75,4.3425355,3.8095963
8.95,9.352809,8.952529
3.0,3.2154257,2.9573815
3.0,2.581104,2.6033428
3.75,4.336961,3.8095963
3.5,3.6068468,3.472513
3.0,3.3877406,2.9901938
4.5,4.368518,4.445165
2.55,3.0136135,2.614673
4.75,4.475627,4.6896057
4.25,4.267758,4.1864996
0.8,0.98671085,0.80524105
2.5,2.941892,2.5338185
3.1,3.0136135,3.053176
3.0,3.077417,2.9338021
2.45,2.9409175,2.5137527
3.0,3.279903,2.9907348
2.0,2.6591387,2.0218124
2.5,2.9262831,2.5099986
0.8,0.9852083,0.80516833
2.0,2.70641,2.0218124
3.25,3.5131319,3.2688982
2.5,2.9903643,2.5092754
3.0,3.4963458,3.0584881
3.75,3.7237396,3.6812046
3.0,3.1057336,2.9627376
3.0,3.568608,3.0251803
2.2,2.855992,2.231433
2.5,2.980485,2.541203
3.0,3.2147956,2.9966562
3.0,3.0755677,2.9562774
3.0,3.197071,2.964046
2.2,2.8641474,2.231433
3.0,3.237014,2.948241
3.5,3.9337664,3.5656016
2.5,3.064824,2.5678735
3.75,4.0662794,3.7815173
3.1,3.4173632,3.1012104
2.5,2.9503994,2.5108445
4.5,4.2968063,4.4764624
2.0,2.621872,2.0271523
3.0,3.260159,2.9477835
2.5,2.906935,2.5361478
2.2,3.0966923,2.241374
3.75,3.7307346,3.7294066
2.55,3.0136135,2.6159093
2.5,2.9372559,2.5369945
2.5,2.9676156,2.542401
3.5,3.6196287,3.6161876
4.25,4.0623627,4.195979
3.0,2.57422,2.7673693
3.0,3.1600866,2.9650517
3.0,3.2569194,2.9893107
3.0,3.369578,2.9901938
2.5,3.078385,2.5763466
2.5,3.0731661,2.5598342
2.5,3.0755334,2.5619285
3.0,3.1499088,2.9709263
3.1,3.4248495,3.1012104
2.0,2.6474266,2.020355
3.75,4.3115664,3.806408
28.0,28.114235,27.751884
0.8,0.96754885,0.7982861
2.5,3.0069053,2.5576417
2.5,2.9368727,2.5372694
3.75,4.13826,3.7800767
2.0,2.654445,2.0245647
2.5,2.936096,2.5419436
3.0,3.2429726,2.9959803
3.75,3.9065678,3.7637827
4.75,4.5359344,4.692837
2.5,3.0283341,2.5092754
3.5,3.6188276,3.473054
45.0,33.13429,44.875027
3.0,3.0877385,2.9727805
3.5,3.5549102,3.5016773
3.0,3.2207873,2.948241
2.5,2.9922166,2.5553093
3.25,3.5619574,3.2406228
2.5,3.0013843,2.5553093
2.5,2.955492,2.536823
2.5,3.0870402,2.5610025
3.75,4.140195,3.7732828
7.6,7.713786,7.6050444
3.75,4.0554047,3.780946
3.0,3.2176661,2.9459417
3.75,3.721872,3.7254417
4.0,3.7416034,3.9240582
3.5,3.506887,3.442486
2.2,2.9742203,2.231974
3.0,3.0729272,2.9532468
4.75,4.508974,4.684022
2.5,3.0916445,2.541078
3.5,3.6232123,3.4461205
3.0,3.155473,2.97099
2.5,2.9251502,2.5364463
2.5,2.9593112,2.5419436
3.0,3.302131,2.9959803
3.0,3.2622879,2.96231
3.75,3.7155879,3.7276907
3.5,3.6164203,3.556315
2.5,3.0713038,2.5678182
3.25,3.5810394,3.338136
0.8,0.96641934,0.8035146
3.25,3.589957,3.3017073
2.5,2.9699283,2.5083966
3.1,3.0136135,3.0523653
3.75,4.066181,3.786021
3.75,4.0628786,3.780946
3.0,3.1073892,2.9509332
3.0,2.5467398,2.7104402
2.55,3.0136135,2.6163967
2.5,2.94935,2.5383325
0.8,0.978835,0.80378854
3.0,2.5746517,2.5760427
3.25,3.5506907,3.2441905
3.0,3.1908493,2.9966562
3.25,3.4975414,3.2634864
3.0,3.0804968,2.9328873
3.25,3.598881,3.30413
4.25,4.239884,4.18737
2.0,2.6344423,2.021214
3.1,3.0136135,3.0530553
3.75,3.7570665,3.681573
4.5,4.4144816,4.4442296
4.5,4.350938,4.437935
0.8,0.98506826,0.8015778
3.5,3.6234453,3.5887487
3.75,4.0612364,3.7815173
3.5,3.565081,3.473054
3.0,3.067585,2.9498763
4.25,4.29662,4.1864996
3.0,3.6484005,3.024313
3.75,3.717647,3.7226446
3.5,3.616546,3.5042024
2.45,2.9268062,2.514249
3.5,3.5563776,3.4922314
3.0,3.5472927,3.0618005
2.0,2.662655,2.021214
3.25,3.5702136,3.31171
2.5,3.1597362,2.5409389
2.5,2.9572477,2.5373058
0.8,0.9945207,0.8008491
3.75,3.762324,3.7276285
3.0,3.3162773,2.994233
4.0,3.698066,3.9213
3.1,3.0136135,3.0535529
3.0,3.083218,2.9754167
3.75,3.7261858,3.727498
0.8,0.9813557,0.80378854
4.25,4.18962,4.1972327
3.1,3.0136135,3.0535529
2.2,3.0822296,2.2381716
2.5,2.9204412,2.5359888
2.5,3.0337543,2.5556161
3.0,3.0833428,2.9540524
2.5,2.948169,2.5092754
3.75,4.039114,3.7525682
3.5,3.613952,3.5583043
3.0,3.0842175,2.9554152
3.75,3.7533014,3.72765
2.5,2.9448185,2.5099986
2.55,3.0136135,2.621458
3.0,3.1791668,2.9703915
3.0,3.1770244,2.9622428
3.75,4.076969,3.786021
3.0,3.4246655,3.0584881
3.5,3.5601027,3.4448903
2.5,3.1646118,2.5429568
3.75,3.9845324,3.7632825
3.5,3.5852578,3.473054
3.0,3.101189,2.9540684
2.5,3.008818,2.5092754
2.5,3.27964,2.562906
3.75,3.9770195,3.7736754
3.75,4.0168915,3.7508194
3.0,3.3101773,2.9959803
3.0,3.181995,2.97099
3.0,3.0833197,2.952719
3.25,3.5855496,3.3048983
8.95,9.512045,8.947143
2.0,2.6496165,2.0259223
3.0,3.2449484,2.948241
4.25,4.062608,4.195979
3.75,4.386271,3.8068943
3.0,3.5679069,3.02466
3.75,4.0495567,3.7727792
3.0,3.1520526,2.97099
3.75,4.2992344,3.8096862
3.0,3.2606058,2.960812
2.5,3.17838,2.5429568
2.5,2.9706376,2.5343535
3.75,4.261916,3.7974656
3.75,3.7621253,3.7632315
3.1,3.0136135,3.0532348
3.5,3.852471,3.5658417
3.0,3.2955346,2.994233
2.0,2.645131,2.0245647
3.75,4.0286617,3.767871
3.75,4.018407,3.7506106
2.5,2.932575,2.5099986
3.75,4.044243,3.7660077
3.0,3.620179,3.0251803
3.0,3.0981145,2.9727805
3.5,3.593595,3.47096
3.1,3.0136135,3.0510113
2.5,3.139565,2.5443387
3.0,3.624695,3.0209367
2.5,2.9461048,2.5369945
2.5,2.9716992,2.5416605
4.0,3.6947832,3.923318
2.0,2.6777225,2.021214
2.5,2.9541273,2.542401
2.5,2.9786613,2.542335
3.75,3.7276304,3.681663
3.5,3.6339157,3.5557563
4.25,4.1121163,4.1970277
2.0,2.649197,2.0218124
3.0,3.4371438,2.9947205
2.45,2.912099,2.514249
3.1,3.0136135,3.0528817
2.1,2.5649252,2.808488
3.0,3.206482,2.9475558
3.0,3.0758686,2.9533556
2.55,3.0136135,2.6150498
3.5,3.5289078,3.442486
2.0,2.6722388,2.0245647
4.25,4.2560987,4.187941
3.0,3.0878382,2.9490986
2.2,3.0740478,2.2381716
4.5,4.23867,4.4976625
2.5,2.9700644,2.5092754
2.55,3.0136135,2.6178985
2.5,2.96473,2.5335705
3.0,3.216047,2.9477282
3.75,4.352003,3.8082995
2.1,2.5795965,2.6708107
3.0,3.1125998,2.9550595
3.5,3.5769186,3.4939227
3.75,3.760473,3.7361848
3.5,3.5655615,3.4833899
3.0,2.5478196,2.7613716
3.75,3.7426705,3.7329128
3.5,3.6273048,3.5669787
4.25,4.110801,4.2010407
3.75,3.8538172,3.764354
3.75,3.6657777,3.7632315
2.0,2.6359956,2.0218124
2.5,2.9747488,2.5335705
3.0,3.201125,2.948241
3.0,3.1888032,2.9966562
3.25,3.194139,3.293295
3.0,3.2828052,2.9901938
2.2,3.0747705,2.240144
2.5,2.939836,2.5108445
2.2,2.8359494,2.231974
4.5,4.4020214,4.4421496
0.8,0.98992914,0.8037248
2.5,3.08456,2.5592937
3.5,3.603496,3.4461205
3.0,3.1642575,2.97099
2.5,2.9955444,2.5373583
3.75,4.3312016,3.8093781
4.75,4.562068,4.692837
3.5,3.5527072,3.4890513
3.75,4.2023306,3.7615356
2.5,3.0716786,2.5677607
4.75,4.5157485,4.690684
8.95,9.720919,9.033064
3.0,3.1603296,2.97099
14.75,18.316278,14.947551
2.45,2.9443822,2.5126038
3.25,3.5606117,3.263387
3.0,3.1475084,2.9709263
2.5,3.2397978,2.5431376
3.25,3.6893642,3.2384908
2.5,2.95757,2.542401
2.5,3.075951,2.5612595
2.5,3.0748987,2.567816
2.0,2.646934,2.0218124
2.5,3.0597925,2.555182
0.8,0.97257864,0.80419654
3.75,4.0587063,3.7815173
2.0,2.6346612,2.0259223
3.75,4.0587063,3.7864137
3.75,3.8964071,3.7638538
3.25,3.5502417,3.2413118
3.5,3.5689175,3.4748876
3.5,3.6539805,3.472513
4.25,4.2989616,4.1868925
3.0,3.1746554,2.9966562
3.5,3.9741573,3.5671742
3.5,3.5787544,3.47096
4.25,4.2171755,4.18737
2.0,2.6633773,2.0259223
3.25,3.5768902,3.327997
4.25,4.233515,4.1976256
3.5,3.5630925,3.480869
3.0,3.1418817,2.97099
3.0,3.1749282,2.964046
2.1,2.5925083,2.779707
3.1,3.0136135,3.0535529
2.2,3.0754952,2.241374
2.2,2.7841804,2.2305055
2.5,2.9727893,2.5108445
3.1,3.416803,3.1019447
3.0,3.317923,2.9893107
3.5,3.6206248,3.4461205
3.0,3.1733415,2.9649055
3.0,3.1066823,2.9554152
0.8,1.0045384,0.80410784
3.1,3.4021835,3.1003788
3.0,3.2743855,2.9479744
2.1,2.5943055,2.482867
3.0,3.195819,2.9474518
3.75,4.344719,3.8096924
3.0,3.4690845,2.9907348
2.1,2.6307817,2.602923
3.75,4.318102,3.8086295
2.5,2.9381955,2.5372002
0.8,0.9878874,0.8044074
3.5,3.6220946,3.553864
3.75,4.105177,3.7800767
8.95,9.327744,8.948176
2.5,3.0631063,2.5677607
3.0,3.1442077,2.9583
0.8,0.9892248,0.7979313
2.5,2.9325075,2.53783
3.25,3.5128658,3.200064
2.5,3.092751,2.5604048
9.25,9.564777,9.205131
3.0,3.3974442,3.0570476
0.8,0.9810599,0.80378854
20.45,18.357023,20.316902
3.25,3.5513737,3.263387
3.0,3.078243,2.932485
3.25,3.5637212,3.2677784
3.0,3.1454253,2.97099
4.5,4.3809795,4.44409
3.5,3.6420267,3.5531745
2.5,2.9942343,2.5083966
3.0,3.0873106,2.9727805
3.75,3.7185233,3.730741
3.0,3.174901,2.9650517
2.5,2.9476566,2.5364463
3.25,3.5576956,3.2419004
2.0,2.656239,2.021214
3.0,3.079289,2.9503915
3.0,3.3079834,2.9893107
3.0,3.0754008,2.9531248
2.55,3.0136135,2.6150498
0.8,0.9743781,0.8006139
2.5,2.9425013,2.535873
3.75,3.7557328,3.7290423
3.75,4.3458357,3.8096862
4.0,3.5815947,3.921816
2.5,3.0809546,2.559891
2.5,2.953249,2.5395844
3.0,3.0608945,2.9328873
4.25,4.1188636,4.200648
3.0,3.2194152,2.9481857
2.5,3.0724626,2.5629776
3.5,3.559524,3.484448
3.75,4.1502075,3.7723029
4.0,3.7341907,3.919413
2.5,3.0150604,2.5548544
3.75,3.971389,3.7736754
3.0,3.1782496,2.97099
2.5,2.9354897,2.5092754
3.0,3.4690845,2.9907348
2.5,2.961489,2.5423458
2.5,2.954082,2.5365112
3.0,3.0837517,2.9329426
3.0,3.0595617,2.9318
9.25,9.666721,9.223219
2.1,2.598586,2.599694
0.8,1.0007296,0.8041432
2.5,2.9236662,2.5380569
3.0,3.151935,2.9703915
3.0,3.2821848,2.9959803
3.5,3.6227443,3.5576591
4.5,4.2285767,4.468583
2.5,3.1295438,2.5409389
3.0,3.5567987,3.0618005
2.5,2.9715714,2.5361784
3.75,3.9814312,3.7736754
3.5,3.5600226,3.4448903
4.75,4.5109854,4.6881332
0.8,0.98747313,0.80516833
3.0,3.1619172,2.97099
2.5,3.1157975,2.5423145
4.5,4.4295497,4.448711
2.5,2.9532385,2.5092754
3.75,4.3129206,3.8043618
4.0,3.6642263,3.924141
0.8,0.9878101,0.8041748
4.25,4.2762995,4.1864996
3.0,3.0738854,2.9519873
3.0,3.2684689,2.9898517
2.45,2.9087965,2.514249
2.5,2.946073,2.5071583
2.55,3.0136135,2.6170678
3.75,4.3705807,3.8038619
3.0,3.2435582,2.9966562
3.0,2.5981686,2.8883326
2.2,3.0921183,2.240144
3.5,3.5479603,3.4748259
2.5,2.9883308,2.5424025
3.0,3.0756145,2.9727805
3.5,3.6640773,3.473054
4.0,3.6987855,3.923318
3.0,3.158764,2.9709263
2.2,2.8525715,2.231433
4.5,4.412991,4.446462
3.0,3.6162922,3.0236044
0.8,0.98183084,0.80355304
2.5,3.1173263,2.5429568
3.0,3.0739002,2.932485
3.0,3.3138187,2.9907348
3.0,3.2567217,2.9907348
2.55,3.0136135,2.6150498
2.2,2.8046844,2.2305055
2.5,3.0864193,2.5686755
3.5,3.6388876,3.473054
3.75,4.0175867,3.7511213
3.75,4.284973,3.8106987
21.0,18.853668,20.966341
3.0,3.1743736,2.9645941
2.45,2.969612,2.5125945
3.1,3.0136135,3.0536492
2.5,3.043478,2.553234
3.75,4.026643,3.7658548
2.0,2.8434665,2.0218124
3.0,3.196432,2.964046
3.0,3.2113981,2.960862
2.45,2.975093,2.5133283
4.25,4.052926,4.1970277
2.0,2.706857,2.021214
2.2,3.1180959,2.2381716
2.45,2.924573,2.5133283
3.75,3.7126021,3.7293673
3.0,3.27383,2.9893107
3.25,3.5652726,3.2419004
2.2,2.9221358,2.231974
3.25,3.549554,3.2410827
3.0,3.1881614,2.964869
3.5,3.5946863,3.472513
2.2,2.8250399,2.231433
4.25,4.11607,4.1970277
3.5,4.0080695,3.566704
2.5,3.0664272,2.5673585
3.75,4.063505,3.786021
3.0,3.164235,2.97099
3.0,3.4707665,3.0574403
2.5,3.1360052,2.541455
3.0,3.3104584,2.994233
4.5,4.3701735,4.444795
3.75,3.7236125,3.681573
3.0,3.2097404,2.9966562
3.5,3.6000812,3.4448903
4.5,4.3340244,4.4702907
3.75,3.7210414,3.6803768
3.0,3.0988708,2.9560864
4.25,4.268867,4.1864996
4.25,4.0707684,4.195586
3.0,3.0846477,2.9316998
2.55,3.0136135,2.6115632
2.5,2.9570098,2.541203
4.25,4.132004,4.200648
3.5,3.522477,3.443518
20.45,17.884306,20.406576
3.0,3.0551605,2.932202
2.2,2.8529394,2.231974
3.75,4.020813,3.7732828
3.0,3.0918303,2.9560864
3.0,3.093111,2.9554152
4.0,3.691427,3.9226468
3.0,3.2164285,2.964237
2.2,2.80165,2.231974
0.8,0.96328515,0.8045242
4.5,4.2417493,4.468583
3.75,3.7577422,3.7632315
2.5,2.9706464,2.541203
3.0,3.2437427,2.948241
2.0,2.6442215,2.0271523
2.5,2.9954154,2.5564528
3.25,3.5202906,3.2805505
3.75,3.7616923,3.681535
3.1,3.0136135,3.0528817
3.0,3.144351,2.9633608
3.0,3.0569687,2.932202
2.55,3.0136135,2.6170678
2.55,3.0136135,2.6170678
0.8,0.9857956,0.80378854
4.75,4.5345087,4.692837
2.5,2.9749665,2.5083966
3.75,3.7670147,3.7426672
2.5,3.0725024,2.561215
3.0,3.0586443,2.9324298
3.0,3.2695007,2.9901938
3.0,3.203805,2.9635885
2.5,2.9363399,2.5419436
2.5,2.9585972,2.5092754
2.5,2.9421477,2.5374496
3.5,3.6068854,3.472513
2.5,3.0689974,2.566616
2.0,2.6776686,2.0259223
3.0,3.137828,2.9603174
4.5,4.279001,4.4680605
2.5,2.9356952,2.5336812
4.25,4.0620804,4.195979
3.0,3.263129,2.9893107
0.8,0.9828702,0.80516833
2.5,3.080349,2.5686755
2.5,2.944685,2.542401
2.5,3.0871017,2.5621307
2.45,2.926661,2.514249
2.2,2.841124,2.231974
8.95,9.3611145,8.873036
3.0,3.5752254,3.021457
3.25,3.576953,3.3117096
3.0,3.0761647,2.9633625
2.0,2.612518,2.0259223
0.8,0.9822061,0.8047644
3.25,3.5465977,3.2626033
2.5,2.950306,2.5369945
3.0,3.207238,2.9477282
3.75,4.374672,3.8086295
3.0,3.196931,2.9658747
3.0,2.625249,2.602119
3.5,3.608174,3.4839206
4.5,4.40684,4.44284
3.75,3.7556622,3.7274551
3.0,3.312871,2.9907348
2.5,2.9660897,2.5092754
2.45,2.9431,2.5134223
3.0,3.091015,2.9312382
3.5,3.5845652,3.473054
4.25,4.112346,4.2010407
3.75,3.9080675,3.7632825
3.5,3.6614377,3.472513
3.0,3.161653,2.97099
2.2,2.811739,2.2299645
3.5,3.650294,3.47096
3.25,3.6090095,3.3389482
4.25,4.2306533,4.18737
2.2,2.8130727,2.231974
2.5,2.9299445,2.5359888
4.25,4.0630836,4.195979
2.5,2.9540384,2.5368118
3.1,3.336791,3.1020334
3.75,4.055375,3.7538111
2.5,2.957911,2.507822
0.8,0.9895433,0.80516833
2.0,2.8865752,2.0245497
2.2,3.06677,2.2381716
3.25,3.5466533,3.2427177
3.0,3.3065658,2.9901938
2.2,2.8645203,2.231433
0.8,0.9816233,0.80378854
2.0,2.6262941,2.0259223
3.75,3.7183173,3.7628388
2.2,3.089565,2.241374
3.0,3.1837654,2.961964
3.5,3.615413,3.4819903
2.5,2.965617,2.5417159
3.5,3.852331,3.5658417
3.5,3.9131167,3.5591683
3.5,3.6301372,3.4461205
3.0,3.4112852,3.0584881
3.75,4.04183,3.751352
0.8,0.9891629,0.7944744
4.0,3.7197917,3.9213612
3.0,3.1421766,2.97099
0.8,0.97943515,0.79940385
4.25,4.0631056,4.195979
4.25,4.2303457,4.1976256
3.0,3.0812888,2.9324298
2.5,2.9670606,2.5083568
2.5,2.9117808,2.535761
3.75,3.7365224,3.680839
3.0,3.1313887,2.9649055
2.5,2.932399,2.5351727
3.0,3.2579894,2.9893107
2.1,2.592126,2.6148205
3.5,3.940207,3.5658417
2.2,2.8629813,2.231974
45.0,33.10328,44.7748
2.5,2.983606,2.5083568
4.5,4.457385,4.446792
3.0,3.0699565,2.9328873
3.75,3.751979,3.7314854
3.0,3.0545151,2.9508367
2.0,2.659658,2.0259223
3.75,3.7232275,3.743681
2.5,3.102069,2.541455
2.2,3.0536451,2.2381716
3.0,3.0638714,2.9727805
2.5,2.9416537,2.507822
2.45,2.9590025,2.5130568
2.5,2.9658237,2.5343454
4.0,3.660816,3.921816
2.55,3.0136135,2.616389
0.8,0.97867393,0.80496776
2.5,3.0169897,2.5521736
4.25,4.1083965,4.1970277
4.25,4.3171277,4.1864996
3.5,3.795566,3.5677607
4.75,4.443714,4.6922817
2.5,2.9634235,2.5401018
3.0,3.1550453,2.97099
4.0,3.7097514,3.922123
3.25,3.5725358,3.3085072
2.5,3.0828755,2.5673585
2.5,2.9473085,2.5401018
3.0,3.2609537,2.9624968
3.0,3.4197502,3.0574403
2.5,2.9268847,2.507822
3.0,3.2597578,2.946535
3.75,3.73397,3.7262022
3.0,3.2663722,2.9622838
2.0,2.660524,2.0218124
3.5,3.6317039,3.473054
3.0,3.194465,2.9482985
3.5,3.9181478,3.563383
2.2,3.072467,2.2381716
0.8,0.97502744,0.7970926
2.5,2.9797,2.5099986
2.5,2.9526134,2.5341887
3.0,3.1565497,2.97099
2.0,2.6154716,2.0259223
3.0,3.3328922,2.9893107
2.2,2.8333073,2.230593
3.5,3.5974681,3.4461205
3.75,3.9087474,3.7638538
2.55,3.0136135,2.6150498
3.0,3.178875,2.9491005
4.5,4.337431,4.4702907
2.5,2.9550278,2.5417159
3.75,3.7281902,3.7632315
3.75,4.0249166,3.7663486
3.0,3.154875,2.97099
4.5,4.381687,4.4432616
2.0,2.6601171,2.0271523
3.1,3.0136135,3.0535529
3.75,3.7360399,3.681663
3.75,4.070964,3.786021
4.0,3.6597023,3.921816
3.1,3.4220223,3.1018622
2.5,2.9825583,2.5417159
3.75,3.7451212,3.7241883
3.75,3.7398121,3.6814005
3.5,3.6291628,3.473054
3.75,4.3299475,3.8040795
0.8,0.9707799,0.80446976
3.5,3.7637634,3.5658417
2.5,2.9735818,2.542401
3.0,3.0741258,2.932485
3.25,3.5487208,3.244779
4.25,4.0625725,4.195979
3.0,3.1492894,2.97099
3.0,3.223646,2.9453235
3.0,3.1721683,2.97099
0.8,0.9800208,0.80206656
0.8,0.98375964,0.8041432
3.5,3.539477,3.442486
2.5,2.9509861,2.538061
2.55,3.0136135,2.615566
3.75,4.039811,3.7632825
3.25,3.4884632,3.2056584
4.75,4.58889,4.691645
4.5,4.356217,4.4437222
3.0,3.1138964,2.9540684
2.45,2.9425051,2.5126038
3.0,3.0783591,2.954407
4.25,4.233137,4.187941
3.25,3.5353687,3.270176
3.25,3.4628234,3.2638876
2.5,3.0642884,2.559781
15.0,18.892612,15.078924
2.0,2.6868775,2.021214
3.0,3.1468253,2.97099
4.25,4.31487,4.1868925
2.5,2.9474132,2.5369945
3.0,3.2067351,2.948241
0.8,0.98595524,0.80088043
4.0,3.7073028,3.9213
2.5,2.956624,2.5099986
2.5,3.0546324,2.5637004
4.0,3.731883,3.918918
3.1,3.378659,3.1012473
3.0,3.0670218,2.9543986
0.8,0.9844918,0.8042479
2.5,2.9515467,2.5108445
3.5,3.6231058,3.5611408
2.45,2.9360166,2.5134223
3.0,3.214306,2.9959803
3.5,3.8355582,3.5658417
3.1,3.3726192,3.1016688
2.0,2.6348667,2.0271523
2.0,2.6831694,2.0217488
3.0,3.0882084,2.9580798
3.0,3.186936,2.964869
2.5,3.065082,2.5677607
2.2,3.0798018,2.2381716
3.5,3.5682776,3.4831176
2.5,2.914782,2.5083966
2.0,2.692296,2.0259223
2.5,3.0779228,2.5673032
3.5,3.553311,3.4746084
2.45,2.9119205,2.514249
4.75,4.5172777,4.691645
0.8,0.9904387,0.80368495
0.8,0.9799596,0.80368495
2.5,3.0216815,2.5083966
2.2,2.813834,2.231433
3.0,3.2684722,2.9959803
4.25,4.2051964,4.1972327
0.8,0.9850217,0.7970014
2.2,3.0649993,2.241374
4.5,4.3979435,4.447654
3.0,2.6293895,2.8416646
0.8,0.9978554,0.8041432
2.5,3.0716217,2.5614884
2.2,3.0856552,2.241374
3.0,3.3662703,2.9638753
2.0,2.685109,2.0218124
3.5,3.5974066,3.472513
2.5,2.9529974,2.5354927
3.0,3.0883296,2.9540684
3.75,4.2137,3.7615356
4.25,3.9034317,4.2010407
3.0,3.350147,2.9893107
2.5,3.0194116,2.5092754
4.0,3.7008243,3.9226468
3.0,3.010746,2.9329426
2.5,3.0849097,2.5583494
2.5,3.008902,2.5553093
3.75,4.361533,3.8072243
2.5,2.936023,2.536528
3.1,3.0136135,3.0543835
3.1,3.3827264,3.1012104
4.5,4.3493805,4.4397135
2.0,2.6786625,2.0218124
2.2,2.8619647,2.231974
3.0,3.2535644,2.9477835
3.5,3.7523363,3.5777116
3.75,3.7316062,3.72462
2.5,3.0234933,2.55614
3.1,3.0136135,3.0529106
3.5,3.5569763,3.47096
3.75,3.937556,3.7632825
2.55,3.0136135,2.615566
3.75,3.7031279,3.7257824
3.75,3.7169611,3.680839
3.25,3.4579463,3.2634864
4.5,4.403058,4.446792
2.2,3.0727777,2.2381716
4.5,4.320857,4.4494553
3.0,3.432534,3.0570476
3.5,3.5838158,3.472513
3.0,3.4277847,3.0621932
3.0,3.07332,2.950879
2.5,2.9332862,2.542592
3.0,3.4870336,3.0579169
2.1,2.6400418,2.5210633
3.0,3.2184472,2.9966562
4.75,4.515434,4.691645
3.0,3.117887,2.9562747
4.5,4.3953533,4.4481416
3.0,3.3710454,2.9901938
3.0,3.2662935,2.932202
2.55,3.0136135,2.6170678
0.8,0.9876907,0.81007975
3.0,3.153491,2.9703915
3.0,3.1428497,2.9709263
3.0,3.5653183,3.0251803
3.75,3.7226408,3.7218213
2.5,3.0191758,2.55614
8.95,9.259427,8.948462
3.1,3.0136135,3.053098
3.0,3.09838,2.9741867
3.0,3.065239,2.9727805
3.75,4.305602,3.8073578
3.1,3.0136135,3.052358
4.0,3.6449206,3.9226756
3.5,3.5444262,3.47096
2.5,2.9720001,2.5083966
2.45,2.9315205,2.5134223
0.8,0.9778057,0.797528
3.5,3.606067,3.4461205
4.25,4.1169205,4.1970277
3.0,3.222786,2.9966562
2.2,3.0820312,2.2381716
3.75,4.0539665,3.7538111
3.0,2.63049,2.928033
8.95,10.075075,9.038089
3.0,3.2301826,2.9622428
3.75,3.7318234,3.6808012
3.0,3.2675385,2.962321
4.0,3.7477543,3.9226468
13.33,8.879015,13.265841
3.75,3.7251046,3.7269795
2.5,3.0776205,2.5613189
3.25,3.5633938,3.2376697
2.5,3.1695232,2.5386136
3.75,4.0577326,3.780946
3.0,3.140831,2.9709263
3.0,3.2590177,2.9901938
3.1,3.0136135,3.053475
2.0,2.6496694,2.0218124
2.5,3.066496,2.5578213
2.5,2.9578567,2.5099986
3.1,2.997437,3.049887
3.0,3.3254056,2.9898517
4.0,3.6872427,3.9213
3.0,3.0822768,2.954547
3.25,3.54688,3.2617826
2.5,3.0625887,2.567816
2.0,2.6466184,2.0217488
2.5,2.9354331,2.5338075
3.0,3.0782976,2.9754167
3.0,3.2692294,2.9907348
2.55,3.0136135,2.6126678
2.5,3.0753553,2.5591803
4.5,4.352173,4.44559
3.5,3.5521863,3.4757364
3.75,4.3346443,3.8107886
2.5,3.0669103,2.567816
4.5,4.3770676,4.4566216
2.5,3.070109,2.5611186
3.75,4.056036,3.7815173
3.5,3.5882547,3.5513623
3.25,3.5582223,3.2376637
2.5,3.1333182,2.5604568
2.0,2.681918,2.0218124
3.75,4.052134,3.7538111
2.0,2.6240268,2.0271523
2.1,2.575292,2.8082414
2.5,2.945457,2.5092754
3.0,3.6959302,3.0251803
3.0,3.2416918,2.9622428
3.75,3.7604108,3.681573
3.75,4.070606,3.786021
4.0,3.7379692,3.923416
4.5,4.414773,4.4475646
4.0,3.6680489,3.923318
2.5,2.9091148,2.5083966
2.45,2.9342675,2.5137527
3.75,4.004646,3.7732828
2.5,2.9345188,2.507822
2.55,3.0136135,2.615566
3.0,3.0412529,2.9548914
3.25,3.563176,3.2404568
0.8,0.9844703,0.8035693
2.5,2.971347,2.5083568
3.0,3.6791177,3.0251803
3.5,3.601048,3.4461205
4.25,4.23435,4.18737
4.25,4.061837,4.195979
0.8,0.98743,0.8130088
4.75,4.5257215,4.691645
3.0,3.0935578,2.9560864
3.25,3.556011,3.2406228
2.5,3.0063415,2.5083568
3.75,4.055065,3.7815173
3.75,4.0387096,3.7638686
3.0,3.2669125,2.963769
3.0,3.7695348,3.0251803
4.25,4.1186485,4.200648
3.0,3.4190784,3.060428
2.5,2.933421,2.5083966
2.55,3.0136135,2.6158729
3.0,3.2737157,2.9959803
3.0,3.0789301,2.9727805
4.0,3.5947833,3.921816
3.0,3.1920469,2.9622598
0.8,0.99520797,0.8042159
4.0,3.6993945,3.9241486
3.1,3.0136135,3.0515962
3.0,3.0781448,2.9499948
4.0,3.6589558,3.921816
4.0,3.7156003,3.9245086
3.0,3.1865127,2.964046
3.75,3.7377908,3.7291045
3.5,3.641896,3.5487094
3.5,3.778345,3.5655117
4.25,4.237822,4.187941
2.55,3.0136135,2.6163967
3.0,3.0850406,2.9338021
3.75,3.799909,3.7628388
3.0,3.079251,2.9510512
2.5,2.9326055,2.537418
3.0,3.2701771,2.9608727
0.8,1.0052091,0.80516833
3.0,3.2519245,2.9477835
2.5,2.97715,2.5351212
2.0,2.648138,2.0245647
12.0,16.207394,12.067021
3.1,3.0136135,3.051535
3.5,3.8019893,3.5667205
3.75,3.7497983,3.7287905
3.75,4.034067,3.769033
3.1,3.387179,3.100807
3.25,3.572101,3.2410455
3.75,3.7854269,3.6820314
3.75,3.7124681,3.680839
3.1,3.4058814,3.101665
2.1,2.64261,2.5465012
2.5,3.0696583,2.5671308
3.5,3.618469,3.4448903
3.25,3.5418582,3.270176
3.0,3.0809274,2.9727805
3.75,4.0552597,3.780946
3.25,3.5545044,3.2646646
3.0,3.0747442,2.962064
3.0,3.1519752,2.9709263
2.65,3.308342,2.7660718
2.0,2.6419713,2.0259223
3.75,3.7276983,3.6819525
2.5,3.2555537,2.5386422
3.75,3.7662795,3.7401044
4.0,3.6745772,3.9178133
3.0,3.0725358,2.9328873
3.25,3.5531313,3.263387
3.75,3.7005908,3.6812046
3.75,3.9528675,3.7736754
3.0,2.8580117,2.9578953
2.5,2.9454656,2.5364463
2.5,3.054737,2.5686755
3.0,3.3259544,2.9907348
3.75,4.092681,3.7732828
3.5,3.5443873,3.442486
3.0,3.0800247,2.9741867
3.0,3.1255767,2.9633625
2.5,2.9593778,2.5354674
4.0,3.7167723,3.923318
3.0,3.2596593,2.9959803
3.0,3.2197742,2.954683
3.0,3.0935419,2.9548914
2.45,3.0277011,2.512115
4.5,4.385001,4.444223
3.75,3.7660024,3.7301106
3.5,3.5484416,3.4778137
2.2,3.0653744,2.2381716
3.1,3.338034,3.1003788
2.5,2.9507143,2.538749
2.5,2.9658558,2.507822
3.0,3.1316254,2.9521816
3.75,3.7674716,3.726005
2.5,3.1272056,2.541455
3.0,3.1686325,2.9966562
3.5,3.574579,3.472513
8.95,9.367435,8.948176
3.75,3.9452927,3.7638538
3.0,3.1659734,2.9650517
0.8,1.0010859,0.80516833
14.0,13.09801,13.94149
2.45,2.9388025,2.5134223
2.0,2.689048,2.021214
3.0,3.094869,2.9625626
3.0,3.2291603,2.9593434
0.8,0.97603464,0.8003888
2.5,2.8996758,2.5337565
3.75,3.7248087,3.7269192
3.75,3.7011697,3.6812046
2.55,3.0136135,2.6114194
2.5,2.9633818,2.5360687
4.25,4.0638084,4.195586
2.5,3.0853107,2.558144
3.25,3.5436416,3.2381577
3.25,3.475086,3.2022333
2.5,2.9022257,2.507822
3.0,3.1032944,2.9540684
3.75,4.312106,3.8096924
2.5,2.9590278,2.5083966
3.75,4.1096535,3.7800767
2.5,2.927475,2.5325398
2.5,3.0604653,2.564158
2.5,2.9350753,2.5362036
3.75,3.7511117,3.7287807
3.75,3.7572868,3.7628388
2.45,2.993898,2.5130568
2.5,3.056944,2.5602477
3.0,3.0943036,2.9556315
2.5,3.0230203,2.5547931
3.0,3.1168222,2.954928
0.8,0.97306275,0.8037249
2.0,2.6421187,2.0218124
3.75,4.064418,3.7815173
3.0,3.586391,3.0251803
3.75,3.7707083,3.6811106
3.75,4.0227222,3.7723665
2.5,2.9090736,2.5099986
2.5,3.0688727,2.564545
2.1,2.5923402,2.56344
2.5,2.920134,2.5364463
2.5,2.9816475,2.5380046
4.0,3.6778584,3.9213
4.5,4.2863197,4.4685717
3.1,3.0136135,3.054376
3.75,3.9583273,3.7736754
3.75,3.7318456,3.7257009
3.1,3.0136135,3.054376
3.25,3.558536,3.3079965
3.0,3.1596866,2.9577584
2.5,3.0911198,2.560688
2.2,2.801295,2.2299645
6.4,10.897856,6.467781
3.0,3.217121,2.9477835
2.5,3.1493998,2.5429568
2.55,3.0136135,2.616613
3.75,3.7569218,3.7293487
2.5,3.0816216,2.5673032
3.5,3.8488498,3.5656016
3.0,3.228792,2.9898517
2.5,3.2172513,2.5377464
3.0,3.1837711,2.9635885
0.8,0.99537826,0.8030163
3.25,3.5601037,3.24182
3.75,3.747769,3.7268913
3.1,3.6102023,3.0999885
3.0,3.2233942,2.9959803
3.0,3.3709767,3.0618005
2.1,2.638183,2.655555
3.0,3.0620973,2.9741867
4.75,4.5299654,4.685911
2.5,2.8671577,2.542401
4.69,4.0497932,3.7727792
3.0,3.0904763,2.9727805
3.75,3.9135435,3.7615356
2.55,3.0136135,2.6215332
2.0,2.6602168,2.0218124
2.5,2.9843664,2.5092754
3.75,3.7249043,3.6803768
2.5,2.953384,2.5410974
4.0,3.7153687,3.9212708
4.75,4.5765643,4.691645
3.75,4.0653067,3.7801447
3.1,3.0136135,3.0535529
3.5,3.5950935,3.473054
3.25,3.559156,3.2406228
3.0,3.1481583,2.9709263
3.0,3.0750787,2.9316998
2.5,3.1861649,2.5422857
3.0,3.165117,2.9703915
3.0,3.1261353,2.9622858
3.75,4.3671074,3.8079295
3.75,3.743674,3.6808012
3.5,3.900715,3.5602772
0.8,0.98525226,0.79993045
3.0,3.3101285,2.9959803
3.75,3.7243474,3.6812046
3.5,3.6225069,3.472513
8.95,10.1350975,9.038428
2.5,3.0715322,2.5609086
2.5,2.930551,2.5083966
3.5,3.5427575,3.442486
3.0,3.36441,3.0584881
2.2,2.7947369,2.2299645
3.0,3.240224,2.9959803
3.25,3.5666175,3.3127172
3.0,3.1938794,2.9475005
3.5,3.6196663,3.552956
3.75,3.718705,3.7362707
3.5,3.823428,3.5666142
3.0,2.614254,2.558106
3.5,3.8071117,3.5655117
19.75,29.11074,19.483818
2.0,2.6941,2.0218124
3.0,3.3260164,2.9901938
3.75,4.0045643,3.7736754
3.75,4.362441,3.8072243
2.5,2.954589,2.5365784
2.1,2.6265705,2.5907443
2.0,2.6458886,2.0271523
3.75,4.0333567,3.7732828
0.8,0.99056053,0.7999212
0.8,0.96593773,0.8035146
3.25,3.5581307,3.2419004
2.55,3.0136135,2.6163967
2.0,2.6425653,2.0259223
3.75,4.066354,3.7815173
3.1,3.0136135,3.0515962
2.55,3.0136135,2.6170678
2.5,3.107593,2.5410001
2.5,3.0158234,2.557634
3.0,3.0862825,2.9569094
4.5,4.291603,4.468581
2.5,3.074235,2.567816
2.0,2.6776593,2.0271523
3.5,3.937876,3.5655117
3.0,3.1782672,2.9621341
3.0,3.0993352,2.9548914
3.0,3.2292824,2.9625115
3.75,3.9595897,3.7632825
3.0,3.1596045,2.9643238
4.5,4.2306213,4.4811897
9.25,9.63196,9.2186165
3.1,3.0136135,3.051535
3.0,3.176418,2.9650517
2.5,2.9871826,2.5092754
3.1,3.0136135,3.054376
2.2,3.0695577,2.2381716
3.1,3.0136135,3.052051
4.5,4.369849,4.4695396
0.8,0.99850905,0.8037572
3.25,3.5839245,3.3351908
3.75,3.7176893,3.7260056
3.0,3.1602387,2.9703915
2.5,2.9997056,2.5553093
3.0,3.0709772,2.9533617
0.8,0.9893236,0.8042575
2.45,3.0263577,2.5130568
3.1,3.0136135,3.0535529
3.75,3.717468,3.6836572
3.0,3.2370522,2.964327
3.1,3.313272,3.1015787
3.75,3.735311,3.6819525
0.8,0.98795176,0.80410784
2.5,3.152793,2.540562
2.0,2.647765,2.0271523
2.5,2.9299188,2.507822
3.5,3.5542033,3.442486
2.5,2.9373162,2.5356102
4.75,4.539787,4.691735
3.5,3.5827672,3.4827342
2.2,3.065996,2.2381716
3.0,3.098669,2.9727805
2.5,3.029957,2.5670516
2.5,2.9559276,2.5099986
4.75,4.498075,4.6949964
4.5,4.26321,4.467692
2.0,2.672013,2.0245647
2.5,2.924846,2.5365365
3.0,3.1921735,2.9966562
2.45,2.913974,2.5138807
4.5,4.4487743,4.446462
4.5,4.3904223,4.4444222
2.5,3.083423,2.568218
3.5,3.5407896,3.442486
0.8,0.97677827,0.80516833
3.0,3.0692942,2.932485
4.25,4.2092113,4.187941
3.5,3.6455412,3.4461205
4.75,4.5413837,4.691735
3.25,3.5530596,3.2626033
3.0,3.1830585,2.964046
2.2,3.074435,2.241374
3.0,3.508713,3.0584881
3.5,3.6285098,3.5516386
2.5,3.1230185,2.5450222
4.5,4.1807356,4.4790435
3.0,2.602959,2.5976534
2.5,2.9590514,2.536823
3.75,3.7054532,3.7628388
2.0,2.6655235,2.0218124
4.5,4.434999,4.446888
3.25,3.5651484,3.2425895
2.0,2.6810808,2.0217488
2.5,3.1374297,2.5361667
2.2,3.0590346,2.240144
3.75,4.344549,3.8099263
3.0,3.07499,2.9540033
2.5,2.930683,2.5099986
0.8,0.94109017,0.80419654
3.75,3.7545455,3.7290926
3.0,3.271265,2.9893107
2.0,2.6433265,2.0218124
3.0,3.0988934,2.9727805
2.5,3.0720325,2.5677607
2.0,2.6626782,2.0218124
3.0,3.619428,3.0251803
3.75,4.057487,3.7864137
2.5,3.1156878,2.541455
20.45,17.872154,20.361969
0.8,0.9872283,0.79816353
2.5,3.0749016,2.5677607
2.5,3.0814505,2.567816
3.1,3.3956776,3.100985
3.0,3.234679,2.948241
3.0,3.2736502,2.9907348
2.5,3.0800457,2.5603743
3.1,3.0136135,3.0516741
3.5,3.5582232,3.442486
3.5,3.6340854,3.5799215
3.5,3.5957096,3.4787433
3.0,3.3514638,2.9901938
10.0,10.735825,10.009503
2.0,2.638372,2.0245647
2.5,3.1418374,2.5429568
3.75,4.028947,3.7638686
3.0,3.2542338,2.9893107
4.5,4.407707,4.4475646
3.0,3.0988083,2.9754167
12.0,12.9900055,12.0881405
3.0,3.081933,2.9569094
0.8,0.9734055,0.81730354
3.1,3.4283295,3.1013093
3.75,3.9450967,3.7638538
3.0,3.2353199,2.9588876
3.5,3.651961,3.472513
0.8,1.0026737,0.8037572
2.5,2.9297397,2.5071583
3.0,3.0635333,2.9402251
3.5,3.9106674,3.560918
3.5,3.6106446,3.5530293
3.0,3.3191755,2.9893107
3.5,3.8490167,3.5677607
3.0,3.1604393,2.964046
3.0,3.6234787,3.0251803
3.75,4.0513783,3.7525043
3.75,3.7227786,3.6820154
2.5,3.0896928,2.5665731
3.1,3.0136135,3.0535529
2.0,2.6421404,2.0271523
3.75,3.72902,3.735599
3.0,3.5258603,3.0618005
0.8,0.9913821,0.80367726
2.65,3.4371235,3.2022333
3.0,3.055276,2.9328873
2.5,3.0934403,2.5579934
3.5,3.762735,3.5631397
2.0,2.671862,2.0245647
2.5,2.9022255,2.5083966
3.25,3.5304139,3.206442
2.5,2.9359984,2.5083966
2.5,2.9966965,2.5424032
3.5,3.5498908,3.4834967
2.2,3.0778494,2.2381716
3.0,3.3957725,3.0574403
4.5,4.352625,4.4336414
3.5,3.7691255,3.56362
2.0,2.6413174,2.0259223
0.8,0.99348855,0.80516833
3.75,4.0669117,3.786021
3.25,3.581856,3.330398
2.5,3.0834763,2.5605698
3.75,3.755655,3.7283995
0.8,0.9527533,0.803537
3.75,3.7350025,3.6819525
3.75,3.732053,3.7296422
3.5,3.637135,3.472513
3.75,3.9962146,3.7638538
0.8,0.9766538,0.80443877
20.45,17.306034,20.344776
3.0,3.3175159,2.994233
2.55,3.0136135,2.6158729
3.75,3.7427838,3.7283995
2.2,2.8908668,2.231974
3.5,3.5483158,3.4744513
3.0,3.1693807,2.9491005
4.5,4.3943915,4.4356956
4.5,4.4385376,4.446888
3.75,4.3177986,3.8106987
4.5,4.423358,4.438839
2.5,3.0639336,2.5612047
3.75,3.7470164,3.7289438
3.0,3.0820937,2.932944
3.75,3.7531931,3.7344239
2.1,2.631836,2.7870367
0.8,0.97072077,0.79620224
2.5,3.0690255,2.567816
2.5,3.0963614,2.542125
2.5,3.0892663,2.54258
3.5,3.7619321,3.560918
2.5,3.0909617,2.5610268
3.75,3.7073267,3.7246351
3.0,3.2766976,2.96268
3.0,3.0840085,2.9500415
4.25,4.2689514,4.1864996
2.5,3.071752,2.5604172
3.0,3.3157587,2.9898517
3.75,3.728217,3.6808012
2.5,3.0636692,2.560902
3.0,3.4457426,3.0570476
3.1,3.0136135,3.0535715
2.5,2.9175494,2.5359888
3.5,3.5933223,3.442486
4.0,3.673509,3.923318
2.5,2.9215546,2.537978
3.5,3.7747421,3.5655117
3.0,3.21668,2.9477835
3.5,3.5539756,3.4901457
2.2,3.0752625,2.241374
3.0,3.2165303,2.964046
2.55,3.0136135,2.612205
2.55,3.0136135,2.616389
3.0,3.3848987,3.0574403
3.5,3.6458762,3.473054
3.75,4.329501,3.8077247
3.5,3.8532941,3.5658417
0.8,0.98595524,0.80088043
4.5,4.401582,4.4465513
3.75,4.0167394,3.7535968
3.5,3.5917,3.442486
3.25,3.5473135,3.2626033
2.5,2.9563556,2.5418882
2.5,3.0779793,2.5589757
9.5,10.213715,9.480421
0.8,0.9829694,0.8044625
4.0,3.6766436,3.922258
3.5,3.8333495,3.5616653
2.5,3.0700827,2.5603411
2.5,3.0154161,2.5516007
3.75,3.7427113,3.6819525
2.5,3.0058215,2.5092754
0.8,0.9714223,0.80443877
3.75,3.7687802,3.6820314
2.5,3.1325417,2.541455
2.0,2.6397095,2.0271523
3.0,3.3719091,3.0579169
2.5,3.0410228,2.552845
3.0,3.1629767,2.9617326
2.2,3.062485,2.240144
2.5,2.9450595,2.5108445
4.25,4.21665,4.187941
3.0,3.2283142,2.9481857
3.0,3.176011,2.9650517
20.45,17.870607,20.383066
2.0,2.632488,2.0245647
3.0,3.1524255,2.9703915
3.25,3.4210978,3.2029223
3.0,3.1437063,2.97099
2.5,2.9417884,2.5326107
3.75,3.740581,3.681663
3.0,3.0705311,2.9531164
3.0,3.2629793,2.9901938
3.75,4.30282,3.811845
2.5,2.9725933,2.5350583
3.5,3.5524971,3.485163
2.5,3.0698328,2.5677607
3.1,3.0136135,3.0528817
0.8,0.9877725,0.80516833
2.5,2.9582267,2.5108445
3.0,3.153923,2.9650517
3.75,3.7205827,3.681663
2.0,2.6617732,2.0259223
3.0,3.1667585,2.9650517
3.0,3.1852798,2.9966562
3.0,3.0740433,2.9322574
4.25,4.10919,4.2010407
3.75,3.7365272,3.681573
3.75,4.2604017,3.8074677
3.0,3.3799777,3.0574403
2.5,2.9393916,2.5365038
2.5,3.1630945,2.5429568
4.25,4.1198816,4.200648
0.8,0.98159415,0.8042266
2.5,2.9587793,2.5083568
3.75,4.069994,3.786021
3.0,3.553298,3.0236044
2.5,2.9886212,2.5440547
3.0,3.1136847,2.9548914
3.5,3.5845504,3.4461205
2.5,2.9729724,2.5083568
3.75,3.747863,3.7385962
4.25,4.104574,4.1970277
3.25,3.580664,3.3352535
3.0,3.2246914,2.9448996
3.75,4.0321674,3.7514062
3.25,3.571933,3.3062336
3.0,3.0703473,2.950107
4.0,3.6688511,3.9178133
3.0,3.2887578,2.9605649
3.0,3.019139,2.9329426
2.5,2.8783958,2.5092754
3.5,3.6174674,3.568045
3.5,3.5703938,3.442486
4.25,4.2395287,4.187941
2.2,2.8431067,2.2305055
3.5,3.5603864,3.4860735
0.8,0.9757949,0.80368495
3.25,3.495801,3.2022333
2.2,3.0764136,2.240144
3.0,3.1648424,2.964448
4.25,4.2393103,4.187941
2.0,2.7200637,2.0245647
4.25,4.1278405,4.200648
3.25,3.5410328,3.2688982
3.5,3.583485,3.4461205
3.75,4.3260193,3.787261
3.75,3.9395573,3.7736754
7.6,7.697009,7.604954
3.75,4.0640793,3.786021
3.0,3.2598872,2.9901938
3.75,3.7159321,3.7271478
4.5,4.415288,4.4399037
3.1,3.0136135,3.0542932
2.5,3.0618067,2.5677607
2.45,2.9515986,2.5134223
2.5,3.080298,2.567816
3.0,3.2680066,2.9614923
3.25,3.5778308,3.2654307
3.75,4.093664,3.7804694
3.0,3.2661943,2.948241
2.5,3.0939384,2.541078
2.5,3.0008059,2.5455675
4.25,4.2865496,4.1864996
4.0,3.727324,3.9204264
2.2,2.819094,2.231433
3.1,3.0136135,3.0491529
3.75,4.305093,3.8096924
3.25,3.5583148,3.2662144
3.25,3.57443,3.3117938
3.75,3.9842029,3.7732828
3.75,4.3246098,3.8099263
4.5,4.280979,4.4948387
3.5,3.935664,3.5670505
2.5,3.1765199,2.541329
3.75,4.064476,3.786021
3.0,3.4652724,3.0574403
4.75,4.4990788,4.6894064
2.0,2.6549914,2.021214
2.2,3.0655417,2.240144
3.0,3.059544,2.9741867
3.0,3.0743124,2.9754167
2.2,2.8866787,2.231974
3.0,3.0769305,2.9492338
3.1,3.0136135,3.0528817
4.0,3.6171913,3.9226391
2.5,2.9874454,2.555763
3.25,3.5455828,3.2435014
2.2,2.8255439,2.231433
3.5,3.609073,3.472513
0.8,1.0035887,0.80410784
3.0,2.5819976,2.5775838
0.8,0.9785533,0.80350983
4.25,4.2185125,4.18737
3.75,3.6456392,3.7461782
3.75,4.062195,3.780946
2.0,2.6481202,2.0259223
2.0,2.679841,2.0217488
2.5,3.1303518,2.5417619
3.0,3.0670977,2.9328873
4.25,4.0669956,4.195586
3.75,4.368555,3.809964
3.0,3.0798132,2.952081
3.0,3.2108595,2.948241
2.5,3.0757132,2.5670516
3.5,3.8258276,3.5645506
3.0,3.1694121,2.964046
4.25,4.110606,4.2010407
2.0,2.6644318,2.0259223
3.1,3.4197934,3.100807
2.5,3.011767,2.5563562
3.0,3.0836582,2.95216
3.0,3.079245,2.9541297
4.25,4.0995893,4.1964564
2.0,2.6568158,2.021214
2.55,3.0136135,2.616613
2.5,2.9474797,2.5083966
2.2,2.8627656,2.231974
3.1,3.3612044,3.1012104
3.75,3.7589953,3.7273843
3.75,4.0263596,3.761331
3.75,3.7617552,3.6820314
2.5,3.012419,2.5553093
4.75,4.4828763,4.690678
4.5,4.302557,4.469757
3.0,3.0703168,2.9530425
3.1,3.0136135,3.052051
3.5,3.9097855,3.5677607
3.0,3.1895373,2.9966562
3.5,3.8326313,3.5655117
3.0,3.2093525,2.9658747
4.0,3.6661882,3.923318
2.2,2.8143744,2.231433
4.25,4.2765684,4.1864996
4.5,4.239293,4.480669
2.5,3.0677853,2.5610893
4.5,4.423342,4.445495
2.5,3.0622392,2.567816
3.0,3.2533696,2.994233
3.1,3.0136135,3.050201
2.5,2.9351044,2.542401
2.5,2.9884458,2.5367603
3.0,3.0587528,2.9544728
8.95,9.319668,8.947007
2.1,2.6132889,2.9095573
3.25,3.553149,3.2662144
3.75,3.7605042,3.720989
3.75,3.774369,3.681573
3.75,4.035454,3.7514062
0.8,0.99327725,0.80516833
2.5,2.967015,2.5099986
3.0,3.1467118,2.9703915
2.5,2.9307568,2.507822
3.5,3.625748,3.5572467
4.0,3.7170825,3.917773
2.5,3.063326,2.5673032
3.25,3.5388253,3.270176
2.5,2.9278831,2.53365
3.5,3.6085927,3.4448903
0.8,0.982443,0.7999703
4.25,4.066702,4.195586
3.75,4.0460157,3.7698658
4.75,4.5064907,4.6856313
2.5,3.0195663,2.5547931
3.0,3.0790696,2.9518533
2.5,3.0444827,2.5637004
3.0,3.0729666,2.932485
15.0,21.07369,15.095928
0.8,0.9871022,0.7937495
3.0,3.2198644,2.9475005
2.5,2.9476092,2.542401
2.5,3.0772023,2.5673585
0.8,0.99078935,0.80410784
3.75,3.7631075,3.7392757
0.8,0.999634,0.80397373
3.0,3.2585206,2.9599457
4.0,3.6873682,3.924916
3.1,3.379901,3.100748
3.0,3.1836886,2.9966562
3.5,3.9272711,3.5632794
4.25,4.1823683,4.1972327
3.1,3.0136135,3.051535
4.25,4.230482,4.1976256
4.5,4.247157,4.4683585
3.75,3.7704813,3.728691
0.8,0.99957275,0.80516833
3.75,4.0400457,3.7670164
3.75,3.9792535,3.786021
3.75,3.754522,3.7294543
3.5,3.5159323,3.4448903
4.0,3.6991715,3.922863
3.0,3.466417,2.9631188
3.5,3.8430078,3.5655117
3.0,3.2084317,2.964869
0.8,0.97655296,0.80350566
3.75,4.298458,3.813275
3.0,3.081279,2.9557095
3.75,3.7282338,3.7372434
2.5,3.1644921,2.5437799
2.5,3.0846143,2.5636587
2.5,2.96869,2.538275
3.75,3.6610548,3.7628388
3.75,4.3174133,3.807364
3.5,3.5547104,3.47096
3.25,3.551423,3.2650168
18.0,20.573502,18.006767
2.5,3.1533623,2.5409389
3.25,3.5822265,3.306339
2.2,2.7931695,2.2305055
3.0,3.198814,2.97099
2.5,3.072989,2.568007
3.0,3.268217,2.9629984
3.75,3.6882706,3.730252
3.25,3.5671806,3.2654307
3.75,4.054492,3.7815173
2.5,3.0218174,2.556811
3.1,3.0136135,3.0504935
4.5,4.259544,4.469415
2.5,3.1055803,2.542278
3.0,3.4770033,3.0584881
2.0,2.6423635,2.0271523
3.0,3.0733614,2.932485
4.0,3.7351904,3.916822
2.65,3.3078423,2.7660718
3.0,3.2844067,2.9907348
4.5,4.2662,4.499952
4.5,4.3165646,4.422559
3.5,3.5861251,3.4448903
3.75,3.7003276,3.7306943
2.55,2.9863186,2.6150498
3.0,3.3789637,2.9901938
2.5,2.9400144,2.507822
3.25,3.5794294,3.2404537
4.25,4.217202,4.1976256
2.5,2.9538581,2.5328891
3.75,3.8763638,3.764354
2.5,3.1185164,2.542502
3.75,3.9593947,3.7473881
3.0,2.6265976,2.8129628
3.0,3.1842017,2.9475005
4.5,4.3861694,4.432752
2.5,2.9601655,2.5369945
2.5,2.9342585,2.5369506
2.5,3.0210319,2.5092754
3.5,3.6463127,3.4461205
3.5,3.6257112,3.5537941
3.75,3.9856741,3.76569
3.0,3.1978583,2.9645941
3.25,3.5723448,3.3053286
2.0,2.6263847,2.0271523
3.75,4.3055773,3.807364
3.0,3.3642077,2.9901938
2.0,2.689138,2.0218124
3.0,3.6766376,3.02466
2.5,3.0872684,2.5603454
12.0,13.625471,11.971477
4.5,4.4101467,4.448711
3.0,3.4185054,3.0570476
3.5,3.6213918,3.500719
3.0,3.0832715,2.932485
3.75,3.747423,3.7435353
3.0,3.1939163,2.9475558
3.0,3.65682,3.0251803
3.0,3.7076688,3.02466
2.2,2.8040638,2.2299645
3.5,3.620834,3.5511642
2.5,3.0376194,2.5554612
0.8,0.9795385,0.8042266
3.0,3.0655706,2.9292846
3.75,3.7108955,3.6812046
2.2,2.8036852,2.2299645
3.0,3.1949742,2.964046
3.1,3.3251934,3.1011126
2.0,2.7191331,2.0218124
3.75,3.9848192,3.7732828
4.5,4.3152246,4.4823728
4.25,4.065819,4.195979
2.5,2.9970472,2.538275
3.5,3.6226017,3.5525317
3.0,3.1370497,2.9643238
3.75,4.0624666,3.7864137
3.75,4.3053885,3.8095963
2.5,2.9790096,2.555205
3.25,3.5775092,3.307193
2.45,2.9245057,2.5134223
3.25,3.5454385,3.244779
3.5,3.5514429,3.4852495
3.5,3.561693,3.4448903
3.5,3.8542955,3.5606072
3.0,3.1050177,2.9597573
2.5,2.9133348,2.5083966
3.0,3.2674708,2.9901938
3.5,3.5968642,3.4833486
2.5,2.9558787,2.5099986
2.0,2.6731803,2.0217488
3.5,3.621471,3.473054
4.25,4.127247,4.200648
3.75,4.310322,3.7967756
3.0,3.1980028,2.931721
2.5,2.943039,2.5364463
2.5,2.9591823,2.5099986
3.1,3.3549314,3.0999885
2.5,2.9930902,2.5083568
6.4,13.974267,6.4666896
0.8,0.98689514,0.79768133
4.5,4.223876,4.508017
3.0,3.197126,2.9635885
3.0,3.3379397,2.994233
2.5,3.075511,2.5673585
0.8,0.9900502,0.80428743
3.75,3.718568,3.7267375
3.0,3.1736002,2.9470108
10.0,10.486981,10.009933
4.0,3.662782,3.921816
3.5,3.5537655,3.4776714
2.5,3.0618274,2.5673032
0.8,0.97783315,0.7981267
2.2,2.844585,2.2299645
4.25,4.124696,4.200648
4.25,4.06299,4.195586
3.75,4.143512,3.8108633
3.5,3.5584052,3.4448903
3.75,3.764969,3.7420793
3.75,3.7243168,3.7257009
3.0,3.2286544,2.948241
4.25,4.064892,4.195586
3.0,3.0612924,2.9754167
2.55,3.0136135,2.6150498
3.75,3.893133,3.7638538
3.0,3.6326962,3.0267634
2.5,3.1518035,2.543382
0.8,0.98367345,0.797528
3.0,3.7458088,3.024313
3.1,3.0136135,3.0528817
3.5,3.589814,3.4715009
3.0,3.2242575,2.9481857
2.5,3.085351,2.5591893
2.5,2.9175427,2.5359888
2.45,3.1084425,2.5116842
3.75,3.9758153,3.7632825
3.5,3.5891092,3.4461205
0.8,0.95547134,0.80466026
3.75,4.123522,3.7732828
3.5,3.9989655,3.5646405
3.5,3.6010575,3.5509562
2.0,2.6983757,2.021214
3.25,3.5711863,3.2410455
2.55,3.0136135,2.615189
2.5,2.984829,2.5424025
7.6,7.992791,7.604628
3.5,3.6453142,3.5542753
3.75,3.6118894,3.720549
3.5,3.5766385,3.473054
3.0,3.149054,2.9703915
2.5,2.9704432,2.542401
3.5,3.5513852,3.4881415
3.75,4.353978,3.8096862
3.0,3.0953586,2.9541028
0.8,0.9909543,0.80446213
14.75,17.824038,14.817597
3.0,3.0627282,2.9741867
4.75,4.4846,4.691645
3.0,3.6056275,3.021457
3.5,3.6011252,3.5645828
2.2,2.807421,2.2299645
3.25,3.5473392,3.2649367
3.75,4.363715,3.805911
8.95,9.8672085,9.037719
3.25,3.7456465,3.3067472
4.25,4.0638905,4.195586
4.0,3.5873501,3.921816
2.2,2.8020027,2.2299645
0.8,0.99894166,0.8041432
3.0,3.0807867,2.9526687
2.5,3.1597362,2.5409389
3.5,3.5734468,3.473054
3.75,3.8935704,3.7638538
2.2,2.79973,2.231974
3.0,3.1978624,2.9458864
3.0,3.706259,3.0251803
3.0,3.2259328,2.9481857
3.75,3.7384949,3.7628388
2.55,3.0136135,2.6163967
2.5,2.98977,2.5108445
3.0,3.0952814,2.9554076
3.5,3.7751439,3.563866
4.0,3.6518185,3.9269526
3.0,3.3918657,3.0574403
3.75,4.0639668,3.780946
4.5,4.262149,4.494666
3.5,3.6234424,3.473054
2.5,3.0212424,2.5092754
3.0,3.0854979,2.9560864
2.45,2.9467416,2.514233
2.0,2.6193328,2.0259223
3.0,3.1981297,2.9959803
0.8,0.9834441,0.80368495
6.4,9.491829,6.418031
2.2,2.8925424,2.231433
0.8,0.99350905,0.79776853
4.25,4.13225,4.200648
3.0,3.25947,2.963817
2.2,3.1038985,2.2381716
2.2,2.8611484,2.231974
3.75,4.054876,3.7864137
3.5,3.8418374,3.564215
3.25,3.5759623,3.3077054
3.5,3.5564213,3.442486
3.5,3.54869,3.4795492
4.5,4.297191,4.4684315
2.5,2.9592116,2.5099986
3.75,3.7614713,3.7327812
2.0,2.6558223,2.0218124
4.25,4.1126547,4.2010407
2.5,3.0103662,2.5108445
3.0,3.0635965,2.932485
2.5,2.9900565,2.5083568
3.5,3.6178088,3.5524182
3.0,3.1259184,2.9534671
0.8,0.9553982,0.80360067
2.55,3.0136135,2.6150498
2.5,2.9406776,2.5099986
3.0,3.1775358,2.9703915
3.1,3.4233313,3.1017992
0.8,0.98852336,0.80378854
3.5,3.5773559,3.4448903
3.0,3.1651788,2.964046
3.1,3.3718662,3.1016688
4.5,4.28828,4.467665
3.0,3.3208032,2.9898517
2.5,2.9753482,2.5099986
2.5,3.3808403,2.558315
3.5,3.5708392,3.4448903
3.1,3.4063725,3.1017992
2.0,2.6449132,2.0259223
4.25,4.0669355,4.195586
3.0,3.0712335,2.9741867
2.5,3.042225,2.552845
2.5,3.0696366,2.5612135
3.75,3.9300587,3.7638538
2.5,3.0223408,2.5548544
3.5,3.5541656,3.488905
4.25,4.064095,4.195586
3.0,3.7094476,3.0251803
3.0,3.1600077,2.9703915
2.5,2.9807534,2.5108445
2.5,3.0207837,2.55614
4.0,3.6611457,3.922941
4.5,4.465804,4.4448156
2.5,3.0617416,2.5664804
2.2,3.0919764,2.241374
3.75,3.7274258,3.6798973
2.5,2.9876692,2.5355463
3.1,3.3077922,3.101064
2.5,3.0776901,2.5625734
4.25,4.125332,4.200648
0.8,0.9993534,0.80419654
2.2,2.8104367,2.2305055
3.0,3.203624,2.9481857
2.5,3.0876515,2.562124
3.25,3.559441,3.30627
3.5,3.594879,3.473054
2.5,3.0256267,2.5547931
4.5,4.337509,4.468706
3.0,3.1768084,2.97099
3.75,4.0358887,3.7520745
4.5,4.420705,4.446462
2.5,3.0141106,2.5561323
9.25,9.661722,9.213434
2.5,2.9474726,2.5419436
3.75,3.741436,3.6818879
18.0,19.16154,17.980492
3.25,3.5603194,3.236886
3.5,3.5522468,3.4764569
3.75,4.2984324,3.8096862
4.0,3.6658528,3.924141
4.75,4.5218153,4.691387
4.75,4.492402,4.690509
3.5,3.5832016,3.4798708
3.0,3.100154,2.9560864
2.5,2.9557986,2.5365784
3.0,3.1959062,2.9966562
2.5,3.0078845,2.5092754
3.0,3.0605078,2.9344077
15.0,19.13548,15.102187
2.5,2.9634523,2.5373058
2.0,2.699185,2.0218124
3.75,4.3673277,3.8116672
2.5,3.08753,2.559873
0.8,0.97793746,0.79816353
2.2,2.8227053,2.231974
4.75,4.501643,4.691645
3.5,3.6511624,3.472513
3.1,3.0136135,3.0535529
3.0,3.2428286,2.994233
2.5,2.9425092,2.5083966
3.75,3.7174942,3.6814005
3.75,3.6788294,3.7628388
3.75,4.0058794,3.7732828
3.75,3.7679162,3.6828716
4.25,4.221877,4.18737
3.75,3.73922,3.681663
3.25,3.5780528,3.333395
2.5,3.1319182,2.5437875
2.5,2.9898438,2.5083966
3.0,3.0720952,2.9329426
3.5,3.5503802,3.4799752
22.5,20.564383,22.191204
3.5,3.6614,3.473054
3.1,3.0136135,3.0535529
3.5,3.6650593,3.472513
2.5,2.9358552,2.5419436
3.0,3.416934,3.0584881
3.75,4.0741224,3.7732828
4.0,3.705438,3.922123
3.1,3.0136135,3.0528817
3.0,3.0605507,2.9329426
3.0,3.2038739,2.9481857
2.5,2.9440613,2.5099986
3.25,3.5544226,3.2649367
2.55,3.0136135,2.615566
3.75,4.052124,3.786021
3.5,3.5646617,3.4771676
2.5,2.9955316,2.5092754
2.5,2.982687,2.5092754
4.5,4.1982517,4.4861894
3.0,3.1846325,2.9650517
3.0,3.0807915,2.962064
2.2,2.8078494,2.2299645
3.0,3.228718,2.948241
2.55,3.0136135,2.6163063
3.0,3.163802,2.964046
2.5,2.9300983,2.5380578
3.0,3.692597,3.0251803
0.8,0.9894302,0.80410784
2.5,3.0102928,2.5553093
3.25,3.5871503,3.3104126
3.25,3.5902436,3.3050935
3.75,3.7007499,3.7303205
3.0,3.2551985,2.9898517
3.75,4.1318073,3.7732828
3.0,3.0837874,2.9754167
3.75,4.137311,3.7732828
2.55,3.0136135,2.6170678
3.75,4.3548727,3.8057535
3.75,4.3830585,3.8079295
3.75,3.7577028,3.7367966
4.25,4.1198215,4.200648
2.5,2.976067,2.5092754
2.5,2.988082,2.5092754
2.5,2.9310389,2.537152
2.0,2.654286,2.021214
3.0,3.0747008,2.9322574
2.5,3.0942986,2.5589194
4.25,4.2171755,4.18737
3.75,3.718656,3.7632315
3.0,3.2003314,2.961555
2.45,2.9434128,2.5137906
3.0,3.1582646,2.960775
4.25,4.069582,4.195979
2.2,2.8192477,2.230593
3.75,4.318945,3.8078008
4.75,4.49963,4.6750646
2.5,2.978848,2.5083966
3.75,4.0572214,3.7815173
3.1,3.0136135,3.051535
4.75,4.584429,4.6937156
4.25,4.066758,4.195586
2.55,3.0136135,2.6170678
3.75,3.7617552,3.6820314
3.5,3.6144035,3.472513
3.5,3.6126463,3.552782
2.2,2.8387938,2.231433
3.0,3.2777672,2.9907348
3.25,3.5792582,3.2446845
3.75,3.772033,3.6814795
2.0,2.6642003,2.0245647
3.0,3.0868165,2.9754167
3.75,3.7278428,3.7632315
3.0,3.1219316,2.9540684
3.5,3.5497868,3.477547
3.0,3.1055865,2.9534671
4.0,3.6756425,3.9235957
3.75,3.7122593,3.6820154
2.5,2.9667594,2.5092754
2.5,2.9720488,2.542401
3.0,3.4825287,3.0618005
2.5,2.92385,2.5361798
3.75,4.044194,3.771394
4.75,4.5033,4.692229
2.2,2.8726168,2.231974
3.0,3.0640135,2.9741867
4.0,3.7374704,3.9241486
4.25,4.1166964,4.1964564
3.0,3.7690551,3.02466
2.5,2.9717302,2.5092754
3.75,3.6837018,3.7271478
2.2,2.8941705,2.231433
4.5,3.683647,4.4796176
3.75,3.744184,3.728276
4.75,4.5201006,4.691615
3.0,3.180234,2.948241
2.1,2.6083846,2.6938689
3.5,3.5943868,3.4461205
0.8,0.9512994,0.803537
3.75,3.9614089,3.7632825
2.0,2.6290865,2.0271523
4.5,4.3959255,4.446462
2.0,2.6327307,2.021214
3.25,3.529568,3.203172
3.0,3.0784736,2.9329426
3.75,3.7105486,3.740699
2.5,2.9403863,2.5366995
2.5,3.0711331,2.5673585
4.75,4.5052004,4.691709
4.25,4.1133356,4.2010407
4.25,4.23349,4.1976256
3.75,4.0391426,3.76709
2.5,2.9399886,2.5364463
4.25,4.118556,4.2010407
3.0,3.0859218,2.9727805
2.5,3.073987,2.5594387
3.5,3.498758,3.442486
3.0,3.0683856,2.9754167
4.5,4.3861585,4.446462
3.5,3.5544796,3.4791894
2.55,3.0136135,2.6150498
3.0,3.108402,2.9540684
2.45,2.9297233,2.514249
3.0,3.1787484,2.97099
3.1,3.4043643,3.1016688
2.5,2.960115,2.5419436
3.1,3.3898635,3.1008449
3.0,3.2275956,2.9491005
2.5,3.0224342,2.557002
2.5,2.949191,2.5351803
2.5,2.9662387,2.5423458
3.0,3.1413426,2.9703915
3.5,3.6253273,3.4832132
2.2,2.8521013,2.231974
3.75,4.0254445,3.7638538
3.75,4.395529,3.8099263
23.0,15.852682,15.727373
2.2,3.0604508,2.240144
2.0,2.6634912,2.0217488
3.0,3.2238445,2.9635885
2.2,2.80956,2.231433
2.5,3.0848286,2.5600736
2.0,2.65611,2.0245647
2.5,2.94657,2.5083966
3.5,3.8392818,3.5655117
3.75,3.7402642,3.7222867
3.0,3.3424532,2.9907348
3.25,3.5545595,3.244779
3.75,4.0172763,3.7519815
2.5,2.9441457,2.5364463
4.25,4.207435,4.187941
3.0,3.0865624,2.953014
4.5,4.2466383,4.476278
0.8,0.97099894,0.8035693
3.0,3.0689814,2.9554152
4.25,4.118801,4.200648
3.25,3.5251644,3.2805505
0.8,0.9896226,0.8034785
3.0,2.6282272,2.9183958
3.25,3.554073,3.2389414
0.8,0.9897229,0.80516833
3.0,2.5910587,2.5924916
2.2,2.81757,2.231433
3.5,3.5985322,3.4461205
3.75,4.042137,3.7553334
3.0,3.1607819,2.9598246
0.8,0.97962123,0.8035693
3.0,3.161385,2.97099
3.25,3.5516548,3.263387
3.0,3.2102952,2.948241
3.75,4.3356385,3.8072243
3.5,3.576965,3.442486
2.5,2.9830594,2.5390596
3.75,4.297792,3.806851
3.0,3.0848413,2.952262
3.75,3.7211933,3.680839
3.5,3.6100035,3.4461205
4.75,4.5058994,4.690684
3.0,3.2148106,2.9477282
3.0,3.0807302,2.954008
3.0,3.1846838,2.9650517
2.5,2.9528508,2.5083966
4.25,4.0650625,4.195586
3.5,3.560142,3.479191
2.45,2.931378,2.51296
3.75,3.7700925,3.681535
2.0,2.6376643,2.0271523
2.2,2.9753869,2.231974
2.5,3.0781775,2.5673032
2.5,2.9841774,2.534137
3.5,3.5359638,3.4851036
3.1,3.3182657,3.1011126
3.5,3.9154577,3.5637162
3.5,3.8430107,3.5655117
3.0,3.0603387,2.9741867
3.0,3.365337,2.9901938
2.2,3.072532,2.240144
3.75,3.7298205,3.6808012
3.5,3.8066046,3.5614967
3.0,3.2329485,2.944583
0.8,0.97811663,0.79680055
3.75,3.9631276,3.7736754
2.0,2.6731026,2.0218124
21.0,19.052137,21.037367
4.5,4.4281054,4.4429502
3.0,3.2277887,2.9604702
3.1,3.0136135,3.0557997
2.2,3.0722826,2.2381716
45.0,32.018707,45.024666
2.5,2.9715724,2.5083966
0.8,0.98421156,0.79915273
3.0,3.0778353,2.932485
3.0,3.4939296,3.0618005
2.5,3.0406032,2.5665321
3.75,4.071381,3.7732828
2.5,2.9854684,2.5432606
18.0,20.63072,17.915384
4.25,4.068285,4.195979
2.0,2.6835809,2.0218124
2.45,2.9748127,2.5125945
3.5,3.5703955,3.4846935
4.75,4.544734,4.6907735
3.0,3.3206563,2.9907348
2.5,2.9297872,2.5364463
0.8,0.96229124,0.80357826
3.0,3.0710766,2.948839
0.8,0.98935044,0.8042159
2.45,2.9362347,2.514249
0.8,0.99569637,0.8041434
4.0,3.6725037,3.920923
8.95,5.8574333,8.935869
3.75,4.3392043,3.8077047
2.55,3.0136135,2.6178985
3.0,3.1709294,2.9635885
3.75,4.020584,3.7732828
3.25,3.5540297,3.2406228
2.5,2.9954581,2.5543745
3.1,3.425591,3.1012473
2.0,2.6644306,2.0218124
0.8,0.9787569,0.8039869
2.2,2.830002,2.231974
3.5,3.5855029,3.442486
4.5,4.412768,4.4415574
2.0,2.6323483,2.021214
3.0,3.0730908,2.9754167
2.55,3.0136135,2.615566
4.5,4.286229,4.5126696
2.55,3.0136135,2.6131017
2.5,3.0272655,2.5547931
4.25,4.2239666,4.1976256
2.5,3.0644913,2.567816
3.75,4.015772,3.751615
3.0,3.4432688,3.0621932
3.0,3.0781798,2.9533617
3.0,3.0780165,2.9560084
4.75,4.495453,4.687797
2.5,3.1681817,2.545368
2.5,3.0778813,2.5671308
3.0,3.143981,2.9703915
3.5,3.6044443,3.5678203
2.5,3.0170996,2.55614
4.25,4.114256,4.1970277
2.55,3.0136135,2.6159341
3.0,3.08747,2.9754167
2.5,2.9837456,2.5099986
3.1,3.3682706,3.1019058
3.0,3.0761817,2.9508119
2.5,2.979553,2.555763
3.0,3.6455128,3.0251803
18.0,20.824987,17.472157
3.75,3.712153,3.6803768
2.45,3.0138946,2.5130188
3.5,3.8527138,3.5655117
3.0,3.093006,2.9526818
2.5,3.1294684,2.5422857
3.0,2.5912888,2.6876392
3.0,3.1541958,2.97099
2.5,2.9626012,2.5369945
2.5,2.9128695,2.5108445
4.25,4.1272373,4.200648
2.5,3.060835,2.560409
3.75,4.299917,3.806851
2.45,2.917336,2.5098567
2.5,2.9645705,2.5092754
2.5,2.9837377,2.5099986
3.5,3.560984,3.4921608
2.5,2.9321594,2.537215
3.0,3.1612117,2.9635885
3.0,3.2594028,2.994233
4.0,3.6999395,3.922123
3.0,3.243452,2.994233
3.75,3.7190776,3.680839
2.5,2.975749,2.5419436
3.0,3.4268084,3.0621932
3.5,3.8463318,3.562252
3.1,3.4190667,3.1012473
3.0,3.0791833,2.9328873
2.5,2.9631538,2.5364463
2.5,3.0451024,2.552845
3.75,4.0159883,3.7736754
3.0,3.12321,2.9630122
3.1,3.0136135,3.053475
3.0,3.0690222,2.95654
3.0,3.1654167,2.97099
2.5,3.2023087,2.5374522
2.5,2.9681616,2.5347626
2.5,2.9852524,2.5099986
3.0,3.1104975,2.9541962
4.25,4.241672,4.18737
3.0,3.2760718,2.994233
3.75,4.029299,3.7633748
3.75,4.056183,3.7815173
14.75,17.652815,14.831131
3.5,3.8578806,3.5658417
3.0,3.354732,2.944583
45.0,30.208263,44.88666
2.45,2.945948,2.5136971
8.95,9.911538,9.034313
3.0,3.2292957,2.9477282
3.0,3.2651272,2.9959803
3.75,4.0398445,3.753883
2.5,2.941661,2.5364463
2.2,2.7931862,2.231433
2.45,2.9386532,2.5136971
2.5,2.9619193,2.5364463
3.75,3.7182534,3.7258813
3.75,4.35268,3.8106987
2.2,3.1435945,2.236799
2.5,3.079568,2.5611584
2.5,2.9537263,2.537452
2.5,2.9079323,2.5083966
4.25,4.255413,4.187941
0.8,0.9907414,0.80410784
3.75,3.761596,3.7293487
3.75,3.6788685,3.6812046
3.5,3.5904422,3.473054
3.0,3.2985578,2.9901938
2.0,2.7143164,2.0218124
4.75,4.530696,4.6815014
3.5,3.610512,3.473054
3.75,3.7119396,3.7280712
3.25,3.5317552,3.200064
2.5,3.0678701,2.565919
3.75,3.7318578,3.6799111
3.0,3.1951804,2.9635885
3.1,3.0136135,3.052051
2.2,2.7711082,2.2299645
4.75,4.508623,4.691645
0.8,0.94625545,0.80524105
2.2,2.7955244,2.231974
3.0,3.1975331,2.9645941
4.5,4.4367285,4.4482484
2.5,2.986757,2.5414462
2.5,2.974658,2.5092754
2.5,3.0866969,2.5603454
4.5,4.2180834,4.449978
2.5,2.9659443,2.5423458
3.5,3.5778053,3.484036
3.75,4.335972,3.809334
3.0,3.3735697,3.0584881
3.0,3.0491729,2.9741867
2.55,3.0136135,2.6150498
3.75,3.7053883,3.6812046
4.25,4.1096506,4.2010407
3.75,4.285766,3.8107886
4.5,4.419181,4.45047
4.75,4.57728,4.6958685
3.1,3.0136135,3.053176
3.0,3.1699214,2.9966562
3.0,3.080837,2.9727805
2.5,3.085257,2.5661156
3.0,3.251271,2.9624968
3.1,3.0136135,3.051535
3.0,3.086037,2.9538825
0.8,0.9686062,0.80484813
2.0,2.68535,2.0218124
3.75,3.8115933,3.7632315
0.8,0.96510625,0.8041432
3.0,3.3354192,2.9907348
3.0,3.2666626,2.9893107
3.1,3.0136135,3.0535529
3.0,3.1850657,2.9597573
3.0,3.246539,2.9959803
3.25,3.5603623,3.2662144
2.2,3.0396178,2.241374
2.5,2.9592226,2.5419436
2.5,2.9830637,2.5083568
4.25,4.2335463,4.1976256
4.25,4.06272,4.195979
3.5,3.6323905,3.47096
3.25,3.6082327,3.3023465
3.0,3.4499242,3.0584881
4.75,4.504769,4.6864104
2.5,2.9309065,2.5364463
2.5,2.9314435,2.5370522
2.5,3.0725024,2.561215
3.0,2.5943623,2.7426217
3.75,3.719805,3.7383277
0.8,0.98817956,0.80516833
3.5,3.908368,3.5656078
3.75,4.3297043,3.8072243
3.0,3.2989233,2.9901938
3.1,3.4264383,3.1012104
3.75,4.0668125,3.786021
2.5,2.989256,2.5432606
2.55,3.0136135,2.6158729
3.0,3.236363,2.9966562
3.0,3.2333689,2.948241
28.0,27.663195,28.800203
2.55,3.0136135,2.6150498
3.0,3.1795168,2.9624906
2.5,3.1041932,2.5437875
3.1,3.0136135,3.0530553
3.75,4.0256443,3.7732828
4.25,4.2135444,4.1972327
0.8,0.9745844,0.80378854
0.8,0.98029065,0.8035693
3.0,3.0760102,2.962064
3.0,3.3281388,2.9646542
3.0,3.473236,3.0584881
3.5,3.5969703,3.4715009
3.1,3.0136135,3.051158
2.5,2.9767838,2.5378704
0.8,0.9510128,0.8052217
2.5,2.9356287,2.542401
2.5,3.1507316,2.5409389
2.5,2.97958,2.5346766
3.75,3.729741,3.7241595
2.5,2.9772482,2.541203
2.65,3.2981243,2.7660718
2.5,2.9713864,2.5348635
2.5,3.0170531,2.5099986
3.0,3.0717413,2.9328873
4.5,4.4457474,4.446462
3.5,3.5888228,3.442486
3.75,3.746096,3.7279778
3.0,3.2225516,2.9477282
3.0,2.5776806,2.7799554
2.45,2.9068263,2.5136971
3.0,3.1222668,2.9513597
3.25,3.5451927,3.2435014
4.0,3.7167723,3.923318
3.0,3.103065,2.9548914
2.5,2.9676616,2.538275
2.2,3.088357,2.241374
2.5,2.9428596,2.5418882
3.1,3.316046,3.1015787
4.75,4.566716,4.691645
3.75,3.7157633,3.6803768
3.5,3.615469,3.4461205
4.25,4.1097326,4.1970277
2.5,3.120855,2.5422857
3.75,4.352453,3.805581
4.75,4.5135393,4.6834264
2.5,3.157688,2.5422857
3.75,3.946586,3.7736754
4.25,4.2342854,4.187941
4.25,4.2203035,4.1976256
18.0,20.415407,17.648178
3.75,4.114977,3.7804694
3.75,3.7097275,3.7285364
3.75,3.7763035,3.6820314
3.5,3.5504992,3.4731495
3.5,3.6111443,3.4448903
3.0,3.1537437,2.9709263
2.2,3.0752268,2.2381716
3.1,3.379746,3.1003788
3.5,3.5744576,3.4840112
3.0,3.0652127,2.9511774
2.5,3.1592631,2.5409389
3.5,3.5811098,3.484249
3.5,3.850398,3.5655117
3.0,3.0582042,2.9519584
3.25,3.5627234,3.2419004
3.75,3.7093933,3.7628388
3.5,3.9229834,3.5622165
3.1,3.3969474,3.1018622
3.0,3.2319143,2.9477282
3.5,4.0482497,3.5582354
3.0,3.2159002,2.9635885
3.0,3.0865457,2.9754167
2.5,3.2416153,2.535858
2.5,2.9121587,2.507822
3.5,3.457229,3.443518
4.5,4.340911,4.4723525
3.75,4.3017564,3.8057547
3.75,3.7474906,3.724388
3.1,3.0136135,3.0537906
0.8,0.9747534,0.8041432
2.5,3.0812695,2.567816
4.0,3.7393813,3.9224126
0.8,0.9718858,0.8041432
3.0,3.593284,3.021457
4.0,3.7184489,3.9250667
2.2,3.0920131,2.240144
7.6,7.844784,7.605426
3.75,4.11296,3.7732828
3.1,3.0136135,3.0535529
3.0,3.1919136,2.9966562
0.8,0.9801315,0.7967096
3.25,3.5725143,3.3066013
19.75,33.640804,20.132273
2.5,2.94072,2.5108445
3.25,3.5485017,3.2435014
2.5,2.9505563,2.5365717
4.5,4.34412,4.44376
3.25,3.5878344,3.3051853
2.5,3.1152058,2.5417619
3.75,4.2916374,3.8107886
2.2,2.9035208,2.231433
3.75,4.3175535,3.8170574
3.75,4.3557796,3.8086352
3.5,3.6171978,3.472513
3.25,3.5565357,3.2662144
2.2,3.0805812,2.241374
3.0,3.1802735,2.9703915
3.0,3.0871668,2.95153
3.0,3.4849124,3.0621932
2.5,2.9499025,2.5083966
4.5,4.383919,4.446792
2.5,3.0325623,2.5092754
3.75,3.7406542,3.7632315
3.0,3.0692515,2.953491
2.5,3.0157483,2.5553093
3.5,3.5597193,3.473054
3.25,3.5619032,3.3324122
4.75,4.50665,4.690684
2.5,2.9349902,2.542401
2.45,2.9384747,2.51296
3.25,3.5555623,3.2630866
0.8,0.9710716,0.80378854
3.0,3.0752974,2.9516468
3.75,4.055638,3.780946
2.45,2.9279594,2.5137906
2.2,2.8315802,2.2305055
3.1,3.4106522,3.1016688
3.0,3.0667524,2.9484196
3.75,4.181008,3.8079295
3.75,3.7125561,3.7280712
2.0,2.6945972,2.0217488
3.75,3.7477434,3.681663
2.5,3.1304536,2.5422857
3.0,2.5627663,2.7724338
4.5,4.267705,4.4830403
3.0,3.2150726,2.9477282
3.0,3.0794184,2.9727805
3.75,4.0550766,3.7815173
2.5,2.9721127,2.5083568
3.5,3.6050494,3.5640152
3.1,3.0136135,3.053475
2.5,3.150896,2.5382626
3.75,3.70707,3.7268867
2.0,2.6937373,2.0245647
2.0,2.6637015,2.0271523
3.25,3.5535543,3.3256638
2.2,3.1098173,2.2387714
0.8,0.98269415,0.8035693
3.75,3.7236226,3.733657
4.75,4.5069323,4.6878033
2.5,3.123899,2.5417619
2.0,2.6790102,2.0218124
3.75,3.7577283,3.7663677
2.5,2.9583654,2.542401
3.75,4.331125,3.81382
4.5,4.415614,4.446462
4.25,4.128804,4.200648
2.55,3.0136135,2.615111
6.4,11.709427,6.4673543
3.0,3.5352101,3.0584881
3.75,4.311433,3.811845
2.5,2.9666734,2.5423458
3.0,3.1698334,2.962562
3.0,3.0892298,2.9727805
3.0,3.441298,3.0579169
7.6,8.099171,7.605426
2.2,3.0716572,2.2381716
2.5,3.0701246,2.5565567
0.8,0.97412574,0.80461836
3.75,4.3006544,3.8086352
3.0,3.1325147,2.963158
2.5,3.0100584,2.5553093
2.5,2.9593494,2.5400465
2.5,3.1639085,2.5429568
3.1,3.0136135,3.051535
2.5,2.946939,2.5099986
2.5,2.9903107,2.5551975
2.5,2.9613795,2.5419436
3.5,3.5494246,3.4781523
3.75,3.7512257,3.7292454
3.0,3.0698874,2.9511254
8.95,10.161528,9.039487
0.8,0.9630102,0.80360067
4.75,4.513335,4.687183
2.2,3.0603867,2.2381716
2.5,2.9817386,2.5108445
3.5,3.5725367,3.4790053
2.5,2.9834056,2.5424025
3.25,3.5691843,3.2638097
3.0,3.381022,3.0579169
3.75,4.3057957,3.8095963
0.8,0.99066776,0.80516833
2.2,3.0952697,2.241374
3.5,3.5921876,3.4461205
4.5,4.435005,4.443294
2.5,2.9348497,2.5083966
4.0,3.7100246,3.9193518
2.45,2.9519691,2.515144
3.75,4.29082,3.8074677
3.25,3.5565333,3.2406228
3.75,4.1192884,3.7804694
2.5,2.9588733,2.5418882
3.5,3.56515,3.4808772
3.5,3.9730935,3.5656016
2.5,3.0734515,2.5644746
3.75,3.718016,3.7405932
2.2,3.0856938,2.241374
3.1,3.3573487,3.1020372
4.25,4.2146797,4.18737
3.5,3.587268,3.442486
3.25,3.5839999,3.3047993
3.75,3.7215946,3.7632315
3.75,3.9678416,3.7736754
2.5,3.1349552,2.541455
4.0,3.7266614,3.9226468
2.0,2.6327643,2.0245647
2.55,3.0136135,2.6170678
0.8,0.97521734,0.80378854
3.25,3.568933,3.3018744
22.5,21.16918,22.310337
2.5,3.0687416,2.5569623
0.8,0.97934616,0.7993839
2.5,2.9472857,2.5335705
4.5,3.7465289,4.467911
2.5,3.0782483,2.567816
2.45,2.9218342,2.514233
3.0,3.1441295,2.963909
3.5,3.585335,3.472513
3.0,3.159213,2.9966562
2.2,2.8310542,2.231433
3.0,3.327065,2.994233
4.75,4.5011225,4.691741
3.25,3.5765176,3.3086112
2.5,2.982085,2.5099986
3.0,3.0711625,2.9328873
3.25,3.5588763,3.263387
3.5,3.5976994,3.4448903
3.0,3.3061824,2.9907348
14.0,13.197369,13.997964
3.5,3.6248684,3.5519874
3.0,3.4405909,3.0570476
2.0,2.6517992,2.0245647
3.5,3.6119082,3.472513
3.0,3.218616,2.9966562
3.0,3.2146676,2.9966562
3.0,3.17943,2.96364
3.0,3.580645,3.021457
4.25,4.2203636,4.1976256
2.2,3.100007,2.2381716
3.5,3.6292663,3.4715009
3.5,3.8667734,3.5602772
2.5,2.9315782,2.5083966
3.0,3.2360563,2.9959803
2.5,3.1603801,2.5409389
7.6,7.5956182,7.605426
3.0,3.071648,2.9754167
3.75,3.7275841,3.6812046
3.25,3.581425,3.3061724
3.75,3.9257414,3.7638538
3.75,3.7282712,3.736463
2.55,3.0136135,2.6219206
3.0,3.5234044,3.0621932
3.5,3.5527594,3.442486
2.5,2.9883213,2.5079029
3.0,3.216894,2.9635885
2.5,3.0793915,2.5642867
2.5,3.1682365,2.5405111
4.0,3.657169,3.922941
2.5,2.973713,2.537875
0.8,0.97950613,0.8035146
3.0,3.2633057,2.9901938
3.0,3.0794892,2.9328873
4.5,4.3688655,4.454292
3.5,3.9537892,3.5618865
0.8,0.9887197,0.8005655
2.2,3.0843487,2.240144
3.75,4.1024017,3.7804694
4.5,4.3311768,4.4251676
0.8,0.9794433,0.8039869
2.5,2.9578118,2.507822
3.0,3.0861964,2.9540143
2.55,3.0136135,2.6159267
2.1,2.5863066,2.6045907
3.75,3.7157776,3.7297049
3.0,3.2033625,2.9618137
45.0,29.236105,45.171288
4.0,3.6585715,3.923318
2.5,2.9614947,2.5083568
4.75,4.4994097,4.687797
2.1,2.594229,2.4261262
3.75,3.9074476,3.7632825
4.5,4.274916,4.4670753
3.5,3.6326864,3.5519722
4.75,4.509409,4.6927476
3.0,3.2702327,2.9901938
0.8,0.9888098,0.804114
2.5,2.9520738,2.5380025
4.0,3.6572647,3.9226468
4.5,4.220909,4.4694266
8.95,10.406303,9.037719
3.75,4.305888,3.8106987
3.5,3.562988,3.47096
4.5,4.396239,4.441659
2.55,3.0136135,2.6150498
3.75,3.7594457,3.7628388
2.5,2.9719448,2.5099986
3.25,3.5390236,3.203017
3.1,3.0136135,3.0535529
3.0,3.2253757,2.9477835
2.0,2.6414866,2.021214
2.5,3.078601,2.5673585
3.25,3.5480945,3.2427177
3.75,4.3027277,3.811845
3.0,3.288263,2.9901938
4.5,4.242646,4.4713297
3.75,3.9733121,3.7736754
3.0,3.1003323,2.9741867
3.0,3.0677445,2.9329426
0.8,0.98932743,0.80367726
3.75,3.7603729,3.7300723
8.95,9.338293,8.946857
3.5,3.5909717,3.4715009
3.5,3.5481062,3.4766247
2.2,3.0612123,2.241374
2.5,3.0078063,2.5548544
3.0,3.2100558,2.96234
8.95,9.224351,8.948035
3.75,4.031538,3.767871
0.8,0.98317486,0.80089927
2.0,2.6674538,2.0217488
3.75,4.056101,3.7864137
3.0,3.0806823,2.9622376
2.5,2.9444802,2.537215
2.5,2.9566946,2.5423458
2.2,3.0698574,2.241374
0.8,0.9742967,0.80357826
21.0,17.345844,20.97791
2.2,2.8010974,2.231974
3.0,3.70601,3.0251803
3.0,3.2031066,2.9477282
3.75,4.037589,3.7514062
7.6,7.7482395,7.6047053
3.0,3.1341934,2.97099
2.0,2.6784897,2.0218124
4.75,4.5577054,4.6876297
3.1,3.3354053,3.100807
3.75,4.0241776,3.75264
2.5,3.1428223,2.5417984
3.0,3.1422899,2.9645216
3.0,3.1979518,2.9661145
3.25,3.5745156,3.3153133
8.95,9.350572,8.948886
3.75,3.713677,3.6803768
3.0,2.5676339,2.7007551
4.0,3.6775424,3.9213
3.5,3.5484118,3.4769409
0.8,0.9945207,0.8008491
2.5,2.9312806,2.5083966
3.5,3.6683443,3.472513
3.0,2.9256816,2.97099
2.5,3.045712,2.563104
2.5,2.9350424,2.5336926
2.5,2.9489756,2.542401
3.75,3.743064,3.7628388
2.5,3.075271,2.567816
2.5,3.1460013,2.541475
2.5,3.0694838,2.5673585
3.75,3.7482665,3.7242942
3.25,3.584408,3.3316438
0.8,0.9832592,0.8025502
3.0,3.071982,2.9554076
3.75,3.7460244,3.7299254
2.5,2.9538107,2.5083966
2.5,2.9733734,2.5083966
3.75,3.7344954,3.728557
2.0,2.6507523,2.0245647
3.5,3.571468,3.473054
12.0,13.167582,12.052726
2.5,2.9597268,2.5418882
2.5,2.9499655,2.5108445
2.5,2.9571326,2.5108445
3.75,4.3929973,3.8036895
2.2,2.807732,2.231433
2.45,2.963211,2.51526
12.0,13.370139,12.039425
3.0,3.070397,2.9328873
3.0,3.1772606,2.964046
3.0,3.1694002,2.9638753
3.0,3.1151237,2.9549892
2.55,3.0136135,2.6187563
8.95,9.369971,8.941046
3.0,2.930581,2.97099
2.2,3.0738132,2.240144
2.2,2.8369842,2.231974
4.5,4.338127,4.4685326
2.0,2.6124647,2.0259223
3.5,3.571403,3.4824197
3.75,4.0576105,3.7864137
3.75,3.7392151,3.730029
2.0,2.7128057,2.0218124
2.5,3.0617373,2.567816
2.5,2.972474,2.542401
2.5,2.9512591,2.5359888
2.5,3.0674899,2.5623114
8.95,9.36264,8.948886
3.75,3.7100227,3.7285604
2.0,2.6691911,2.021214
2.5,3.1363208,2.542502
3.0,2.9388075,2.971408
3.25,3.580393,3.3057995
3.75,4.3564444,3.805581
3.0,3.151099,2.97099
3.0,3.2495575,2.9623034
2.5,3.148921,2.5417619
2.5,3.127229,2.5410001
2.2,3.0505826,2.240144
4.25,4.1261196,4.200648
2.5,2.9543908,2.542401
3.75,3.7472837,3.7299829
2.5,2.9888012,2.5423458
4.5,4.234869,4.4740753
3.0,3.5777428,3.021457
4.75,4.4732676,4.690348
3.0,3.063054,2.9491854
3.75,3.7537649,3.7292454
3.0,3.3207126,2.9893107
3.75,3.9518096,3.7632825
3.1,3.414457,3.1016688
2.5,3.0086598,2.55614
2.2,3.071701,2.241374
0.8,0.9892434,0.80410784
4.25,4.11341,4.1964564
3.0,3.0780365,2.9564545
4.25,4.2303767,4.1976256
4.5,4.299117,4.4696465
2.5,2.995789,2.507822
3.0,3.181514,2.97099
2.5,2.9944353,2.5411582
2.5,3.6837866,2.5471585
3.5,3.6494071,3.472513
3.0,3.2589488,2.9901938
4.75,4.4656096,4.691735
3.0,3.058937,2.932485
3.5,3.8466809,3.5655117
3.75,4.028064,3.7732828
3.75,4.111308,3.7800767
2.2,3.0416086,2.241374
2.5,3.0829906,2.5593135
2.5,2.9187014,2.5359888
2.2,3.111879,2.2381716
3.0,3.1557364,2.9703915
3.0,3.0771446,2.9741867
4.25,4.231017,4.1976256
2.0,2.6380727,2.0271523
2.5,3.060634,2.5670755
3.0,3.082196,2.9329426
3.75,4.31203,3.8074677
2.5,2.9489496,2.5092754
3.0,3.2707617,2.9907348
3.0,3.2360797,2.9477282
2.5,2.9780116,2.537452
4.5,4.373042,4.4465513
2.5,2.9623356,2.5416605
2.45,2.9624922,2.51296
2.5,2.9940612,2.5423458
3.0,2.6041145,2.804349
3.0,3.217378,2.9966562
3.5,3.8765953,3.5636046
3.0,3.0657885,2.932485
3.5,3.5918868,3.472513
3.0,3.6021128,3.0209367
2.5,3.0577521,2.5666733
3.5,3.9856813,3.5677607
3.75,4.3173695,3.80575
3.75,3.7329643,3.6808012
2.5,3.075588,2.5644746
4.0,3.6670012,3.920923
4.5,4.3673773,4.4681973
3.1,3.3743298,3.1012104
2.5,2.9508905,2.535844
3.0,3.1953583,2.9966562
3.75,4.0195723,3.755196
3.1,3.3207052,3.1013262
3.5,3.5694568,3.4839664
3.0,3.2850597,2.9907348
2.5,3.0658233,2.566618
3.25,3.5564635,3.3079572
3.75,4.385556,3.8096862
2.5,3.0222163,2.5092754
3.0,3.0709984,2.952473
0.8,0.97549254,0.80368495
3.0,2.5893116,2.7283523
3.0,3.1030447,2.9966562
3.0,3.1919284,2.9481857
3.0,3.3437576,2.9901938
3.0,3.0787408,2.9324298
10.95,10.16204,10.8366785
2.5,3.0264325,2.5547931
3.5,3.6248875,3.5580547
3.75,4.252843,3.7615356
45.0,34.42007,44.88388
4.5,4.4291277,4.4382267
0.8,0.97304904,0.80026346
3.0,3.3811746,3.0570476
3.0,3.2022579,2.962605
3.25,3.549205,3.2439954
2.2,3.0343537,2.241374
3.5,3.5784519,3.4799352
3.1,3.0136135,3.047057
3.1,3.0136135,3.049648
4.25,4.2348566,4.187941
0.8,0.98891973,0.80516833
3.0,3.0691178,2.961558
2.5,2.9946136,2.5083568
3.0,3.144613,2.9709263
3.0,3.6278675,3.0251803
3.75,4.037588,3.7650306
3.0,3.2260926,2.9624906
3.0,3.6614904,3.0251803
3.0,3.1498663,2.9703915
3.0,3.0577364,2.9754167
2.5,2.919322,2.53671
3.0,3.1681728,2.9631248
2.5,3.0011992,2.55614
4.5,4.3964252,4.4457736
3.0,3.0440183,2.9754167
2.0,2.756175,2.0257797
3.75,3.73523,3.6814005
2.5,3.2664173,2.5522656
4.5,4.300769,4.468063
8.95,9.259928,8.948832
4.75,4.4920893,4.689978
3.75,3.7543283,3.7293339
2.5,3.0660443,2.5673032
2.5,3.0775137,2.5625868
3.0,3.2994962,2.994233
3.75,4.026601,3.7736754
4.0,3.696945,3.9213
2.5,2.9982271,2.5549324
4.25,4.114023,4.1970277
4.75,4.5785823,4.691975
3.0,3.481751,3.0621932
3.75,3.7322667,3.681663
2.0,2.6596901,2.0245647
3.0,3.0937722,2.9560864
3.0,3.085723,2.9520142
3.75,4.038551,3.766953
4.25,4.0642138,4.195586
3.0,3.333526,2.9907348
3.0,3.0693748,2.932485
4.75,4.5043797,4.683692
3.0,3.1576483,2.9966562
4.5,4.257228,4.4977593
3.1,3.0136135,3.0556183
4.75,4.5596027,4.6884565
3.75,3.705181,3.726692
3.75,3.7074034,3.7632315
2.2,2.8618364,2.231974
4.0,3.7082326,3.9241486
3.0,3.0781124,2.9575362
3.5,3.6017966,3.4461205
2.5,3.1543162,2.5429568
3.25,3.5786502,3.3063867
2.5,2.965619,2.5423458
2.2,2.824085,2.231433
3.5,3.5761573,3.4801533
2.5,2.9663522,2.5360937
3.75,3.71198,3.723267
3.5,3.5210915,3.4447477
2.55,3.0136135,2.6178985
3.0,3.2005565,2.9959803
0.8,0.9780972,0.80350566
3.75,3.7580857,3.7251399
0.8,0.98232067,0.7962064
3.75,4.3682537,3.8095963
2.5,2.9436545,2.5367799
2.5,2.9905708,2.5108445
3.0,3.1388307,2.9581962
2.0,2.6328902,2.0259223
2.5,2.9731436,2.537452
3.75,3.770865,3.6823502
2.5,2.9389439,2.533879
2.5,2.9179368,2.5386877
3.0,3.1023676,2.9569356
3.75,4.017967,3.748998
3.0,3.1445572,2.9709263
0.8,0.9748545,0.80456334
3.0,3.059431,2.9741867
2.5,2.9450781,2.5382075
4.25,4.066121,4.195586
3.0,3.0725393,2.932485
0.8,0.9613228,0.80360067
4.25,4.115688,4.1970277
2.5,2.9537141,2.5338387
3.1,3.4126408,3.1009438
2.0,2.689888,2.0218124
2.55,3.0136135,2.6163967
2.5,2.9193573,2.507822
3.0,3.196266,2.9966562
2.5,3.0192153,2.556811
4.0,3.6479383,3.921816
3.75,3.895489,3.7638538
3.75,3.7722366,3.7316597
3.0,3.1920857,2.9481857
0.8,0.98289675,0.7998155
3.0,3.299264,2.9898517
4.5,4.4279485,4.446462
3.0,3.28681,2.9959803
3.1,3.0136135,3.0528817
2.5,3.0058215,2.5092754
2.5,3.13127,2.5410373
2.5,3.0797837,2.559359
3.0,3.1879175,2.964046
3.0,3.3272748,2.9898517
0.8,0.97609293,0.7969891
3.0,3.0690086,2.95069
3.25,3.5425663,3.2688982
2.5,2.930342,2.507822
3.0,3.0735872,2.9511309
3.0,3.084353,2.94987
2.5,2.907103,2.534147
4.25,4.106716,4.1970277
3.1,3.0136135,3.051535
3.25,3.5671356,3.2638097
2.5,3.11453,2.547347
3.0,2.5542152,2.6912172
3.0,3.0896149,2.9727805
2.45,2.9207015,2.5138807
2.5,3.0823445,2.5610025
0.8,0.98896366,0.80484635
3.5,3.6124647,3.5858982
3.25,3.564197,3.2575927
3.25,3.5028305,3.2022333
3.0,3.4335415,3.0570476
3.75,4.038847,3.7675838
4.75,4.562528,4.691735
3.25,3.5480702,3.244779
3.1,3.3233147,3.102356
3.5,3.9527433,3.5646467
2.5,2.9910793,2.5083568
4.75,4.490574,4.693894
4.25,4.1075783,4.1964564
3.75,4.074094,3.785041
3.0,3.3912277,3.0618005
3.75,4.059058,3.780946
2.5,2.9421732,2.5364463
3.75,3.7286003,3.736293
4.5,4.4358263,4.44409
3.75,3.6957996,3.7281263
3.75,4.047501,3.771257
3.0,3.072168,2.9741867
0.8,0.96895456,0.8034814
2.5,2.9700246,2.542401
4.75,4.4995193,4.688943
2.5,2.9469843,2.5099986
3.5,4.336462,3.5658176
2.5,2.9922366,2.561287
2.5,3.0179636,2.556811
4.75,4.485858,4.6928535
2.5,2.9675152,2.5350516
2.5,3.086938,2.559359
3.0,3.0919628,2.9560864
2.5,2.93099,2.5099986
3.0,3.0723202,2.9504724
3.5,3.5931194,3.473054
3.0,3.2682703,2.9959803
3.0,3.0814104,2.9545846
3.0,3.1184926,2.9625735
2.5,3.03376,2.5547931
2.45,2.9088044,2.5138807
2.5,3.1550512,2.5437875
3.0,3.1324625,2.9709263
2.5,2.9153323,2.5364463
3.25,3.5543633,3.2646646
3.75,3.9336593,3.7638538
3.0,3.396484,3.0618005
4.5,4.3521366,4.444795
3.0,3.114184,2.9556315
3.75,3.649399,3.7628388
7.6,7.9115686,7.60466
3.25,3.553695,3.262532
3.0,3.0807703,2.9557095
3.75,4.041811,3.7529893
2.5,2.9514446,2.542401
2.5,3.0574725,2.5665731
2.45,3.0896637,2.5098567
2.2,2.775458,2.2299645
2.5,2.9647064,2.539832
3.5,3.9323716,3.5622165
2.45,2.9529128,2.5127437
4.38,3.615907,3.593276
14.75,18.408133,14.934284
2.5,2.9808686,2.5418882
0.8,0.9807632,0.8035693
2.5,3.0215726,2.5547931
3.75,3.7367322,3.7632315
0.8,0.9809509,0.8041432
3.0,3.0674918,2.9727805
2.0,2.6511707,2.0245647
3.0,3.1325362,2.9631627
3.25,3.5539331,3.263387
3.0,3.2316732,2.9477835
4.5,4.223299,4.4829564
3.0,3.0774024,2.9554152
2.5,2.9414268,2.5083966
2.5,3.0792735,2.5673032
3.25,3.5491962,3.263387
3.75,4.128729,3.7804694
3.1,3.3028731,3.101941
2.5,3.0327213,2.5529063
3.0,3.3275447,2.9893107
0.8,0.9899379,0.80357826
3.0,3.079648,2.962594
3.0,3.3332314,2.994233
3.0,3.1479974,2.9709263
2.1,2.5629883,2.661876
3.5,3.618121,3.5629237
3.5,3.5743728,3.4461205
2.2,3.0682907,2.2381716
2.5,2.9516783,2.5354674
2.1,2.62906,2.5854454
3.0,3.226582,2.9641361
3.75,4.0538907,3.786021
3.1,3.4139774,3.1014023
3.1,3.3763926,3.102889
14.0,13.917479,14.136386
2.2,3.0614934,2.240144
3.75,3.9607995,3.7736754
2.0,2.6451125,2.021214
3.0,3.079548,2.9414735
3.5,3.60222,3.472513
0.8,0.99012285,0.79986805
3.5,3.5730217,3.497019
3.25,3.5363288,3.206442
0.8,0.98822784,0.8041432
2.5,3.0744348,2.5592446
2.0,2.6871564,2.0218124
3.25,3.55151,3.2654912
3.1,3.0136135,3.0535529
3.75,3.71197,3.6803768
3.75,3.7460735,3.7285712
3.75,3.909018,3.7638538
3.0,3.070946,2.9329426
3.0,3.252611,2.9477835
3.0,3.087528,2.9556315
4.0,3.7039874,3.921712
2.2,2.8065805,2.2299645
3.5,3.6043644,3.5529404
3.25,3.5721684,3.3068514
3.1,3.0136135,3.0528817
2.45,2.9414294,2.5134223
3.75,3.7118556,3.7301717
3.1,3.0136135,3.051535
3.0,3.1034875,2.9559083
2.5,3.0799403,2.5613968
4.5,4.410984,4.4388433
2.5,2.964466,2.542401
3.25,3.5331886,3.3002918
3.75,3.778219,3.7529285
3.5,3.6225111,3.486111
2.5,3.0895562,2.5600271
0.8,0.9810774,0.8035693
4.25,4.1097326,4.1970277
2.5,3.1210246,2.5409389
2.5,2.9184122,2.507822
3.0,3.0833316,2.9541779
3.5,3.609969,3.4461205
2.5,3.0694947,2.5622487
3.5,3.6495788,3.472513
4.5,4.293753,4.491908
3.0,3.2243223,2.948643
3.0,3.0845242,2.9727805
3.75,3.7160735,3.680839
4.5,4.4150276,4.445501
3.5,3.9771752,3.56952
2.65,3.5191352,3.2049353
4.25,4.1187935,4.200648
4.5,4.4343824,4.446462
0.8,0.9966788,0.8041432
2.5,3.0663395,2.558365
3.75,3.9474893,3.7632825
2.0,2.6425009,2.0218124
2.5,3.0794384,2.567816
4.5,4.2081757,4.514734
3.0,3.0764375,2.9627736
2.0,2.710317,2.0218124
2.5,2.950054,2.5412583
3.75,3.7537005,3.735592
0.8,0.98547894,0.8160673
3.5,3.6013868,3.4461205
4.75,4.515321,4.686128
3.0,3.1951525,2.9481857
8.95,9.230914,8.948462
3.1,3.3661928,3.1017992
3.75,3.7430499,3.7408557
3.75,4.0182815,3.7804365
4.25,4.2377253,4.187941
3.1,3.0136135,3.0495868
2.55,3.0136135,2.6147342
3.1,3.0136135,3.0515962
3.0,3.2592714,2.9898517
3.5,3.5978801,3.442486
3.5,3.58371,3.473054
2.5,2.9803243,2.5362315
4.25,4.192694,4.1972327
2.5,2.9481575,2.5083966
3.0,3.1604881,2.97099
3.5,3.5665734,3.472513
2.2,3.0756328,2.240144
4.5,4.3596497,4.4465513
4.5,4.4585867,4.44317
2.5,2.9342804,2.5360548
3.0,3.148495,2.9709263
4.0,3.669665,3.921816
0.8,0.9660728,0.804485
2.0,2.6896029,2.021214
2.45,2.970913,2.5134223
4.5,4.43993,4.4397607
3.1,3.4176774,3.100748
3.0,3.1933913,2.9445124
3.0,3.2469106,2.948241
4.75,4.5159187,4.691645
3.0,3.3094945,2.994233
3.75,3.7489913,3.7260506
3.0,3.299585,2.9907348
2.2,3.0760422,2.241374
0.8,0.9848527,0.80368495
2.5,2.9539483,2.5092754
8.95,9.8696375,9.036672
3.0,3.0711625,2.9328873
3.5,3.9370725,3.5655117
3.75,3.759239,3.726962
3.75,3.7590444,3.7276125
3.0,3.4555469,3.0584881
3.0,3.1730745,2.9629564
4.75,4.527517,4.691645
2.5,2.9448295,2.5108445
3.0,3.267696,2.9907348
3.0,3.0861423,2.9741867
3.0,3.5739365,3.0236044
2.45,2.9756358,2.5130188
3.75,4.2896805,3.803846
2.55,3.0136135,2.613716
3.75,3.7238753,3.7281024
3.75,3.9913104,3.7736754
2.0,2.654021,2.0271523
3.75,3.7300289,3.6808012
3.0,3.3065593,2.9893107
3.0,3.0756755,2.9565716
4.0,3.661328,3.923318
3.5,3.5685246,3.5568357
2.5,3.0075507,2.558235
2.2,2.8919115,2.231433
2.5,2.9636717,2.5376756
3.75,3.9819157,3.7608082
2.5,3.0026853,2.5083966
2.5,3.0792396,2.5619838
3.5,3.8358,3.5656016
3.5,3.578375,3.442486
2.5,2.957686,2.5418882
4.25,4.1187544,4.1964564
0.8,0.98707104,0.8003538
4.25,4.070245,4.1996684
4.5,4.414937,4.446558
2.5,2.9680886,2.5357091
3.5,3.1930404,3.4448903
2.2,2.8311186,2.2299645
3.0,3.3000386,2.9893107
2.5,2.9830067,2.538275
4.0,3.6630006,3.923318
3.0,3.1982374,2.9481857
3.0,3.1588516,2.9703915
4.5,4.227461,4.4694266
3.1,3.0136135,3.0515962
3.5,3.6112955,3.4448903
3.0,3.113203,2.9633126
2.2,2.8619862,2.231974
3.5,3.5548937,3.4799716
3.0,3.4200466,3.0618005
2.5,2.9524755,2.5092754
3.75,4.018981,3.751478
3.0,3.2043958,2.9966562
3.0,3.174664,2.9639316
0.8,0.9906697,0.80418056
3.5,3.5526333,3.472513
2.55,3.0136135,2.6163967
4.0,3.703184,3.926343
3.1,3.0136135,3.0543835
3.5,3.5520046,3.4774475
2.5,3.0823388,2.5617287
3.75,3.7041252,3.6812046
2.2,3.1055837,2.2381716
3.0,3.1907861,2.964448
3.0,3.075964,2.9741867
3.5,3.5823302,3.4798045
4.75,4.4682436,4.6885056
3.0,3.4059947,3.0570476
3.0,3.163677,2.9635885
3.0,3.16624,2.97099
4.25,4.12521,4.200648
2.5,3.007451,2.5411582
3.75,4.1230907,3.7804694
2.5,3.01439,2.5513065
4.0,3.663358,3.921816
3.1,3.0136135,3.0523944
3.5,3.6198497,3.4970646
3.0,3.3602376,2.9947205
3.25,3.558463,3.2419004
3.75,3.7399995,3.732344
3.5,3.5850582,3.472513
3.0,3.086225,2.9754167
3.5,3.8642805,3.5674865
4.0,3.683867,3.9247417
3.0,3.16722,2.9966562
3.1,3.389967,3.100807
2.5,3.2189717,2.5561323
3.5,3.8201563,3.5619953
3.0,3.1416965,2.97099
4.25,4.2325277,4.1976256
2.5,2.9464343,2.5364463
4.0,3.590152,3.921816
0.8,0.9976151,0.8041432
3.0,3.082192,2.956619
3.25,3.5558207,3.2646646
3.0,3.6203973,3.0251803
4.5,4.4474983,4.446462
3.1,3.4078047,3.1016688
3.75,4.056078,3.7864137
3.0,3.2076378,2.9481857
3.5,3.5561059,3.4986174
2.5,2.9663668,2.537452
3.0,3.0707552,2.9564166
3.25,3.5708373,3.3172433
2.2,2.8186212,2.231974
4.25,4.118751,4.200648
2.0,2.6400785,2.0271523
4.25,4.219084,4.1972327
3.1,3.0136135,3.052358
2.5,3.1552582,2.5396905
2.5,3.0820804,2.5623555
3.75,3.9651983,3.7736754
3.75,3.7171595,3.723994
3.0,3.3158088,2.9609406
3.0,3.6273663,3.0251803
2.5,2.978506,2.5083568
4.5,3.998718,4.4684315
9.5,10.078609,9.480791
2.5,2.9704237,2.5334477
3.5,3.6524901,3.47096
2.5,3.1646256,2.5437875
3.5,3.5692303,3.4780903
2.5,3.001101,2.5092754
3.75,3.7229373,3.7383132
0.8,0.9886551,0.80368495
4.5,4.3771305,4.446558
3.0,2.6106753,2.6097648
3.0,3.2312346,2.948241
3.75,4.0387297,3.7525682
3.75,3.7247515,3.680839
3.25,3.4693432,3.261088
2.5,2.9401808,2.538743
3.1,3.0136135,3.0511136
3.75,3.9484556,3.7736754
4.5,4.3771305,4.446558
18.0,21.146414,17.95898
3.0,3.16147,2.9643664
3.1,3.0136135,3.053176
3.0,3.2816343,2.9608793
2.5,3.0754874,2.5627387
3.0,3.1415725,2.97099
3.1,3.0136135,3.0543835
2.5,3.025766,2.5083568
4.75,4.526536,4.692837
3.75,3.7188566,3.680839
3.0,3.4397988,3.0618005
2.0,2.695076,2.0217488
3.25,3.58223,3.3031864
3.75,4.1540127,3.780946
3.1,3.4231436,3.1016688
3.75,3.7424352,3.681663
3.5,3.5763845,3.484357
10.0,10.890745,10.004835
3.75,3.7260127,3.7265193
2.45,2.9333615,2.514249
4.75,4.5004196,4.691645
2.5,3.0820293,2.5673585
2.5,3.0765145,2.567816
3.5,3.597642,3.473054
3.5,3.61681,3.5796118
4.5,4.2422056,4.4769545
3.75,3.7616513,3.737875
2.0,2.657612,2.0218124
3.5,3.5924191,3.4461205
8.95,9.296666,8.94936
3.25,3.5593991,3.263387
4.25,4.130972,4.200648
4.75,4.5198402,4.6804824
3.1,3.0136135,3.0516741
2.5,3.1022615,2.5396905
3.5,3.6085823,3.552977
3.0,3.4636652,3.0579169
3.0,3.155335,2.960226
2.2,3.0889654,2.240144
3.0,3.4177065,3.0574403
2.5,3.0743399,2.5595796
3.1,3.0136135,3.0535529
3.0,3.0788412,2.932202
2.55,3.0136135,2.615111
2.5,2.9580493,2.536823
2.55,3.0136135,2.6114693
3.1,3.4290535,3.1018622
4.25,4.1068068,4.1970277
2.5,3.1941204,2.569053
3.0,3.3103461,2.9901938
2.5,3.031106,2.556811
7.6,7.7838783,7.604999
3.75,3.7068393,3.6812046
3.0,3.4871922,3.0618005
2.2,3.0836797,2.241374
2.5,3.0889177,2.564843
3.0,3.0702543,2.949552
3.5,3.600455,3.4715009
22.5,20.848259,22.859667
3.0,3.064877,2.9324298
2.55,3.0136135,2.6167178
2.55,3.0136135,2.6150498
2.5,2.9310796,2.5359888
3.75,3.7321525,3.7285604
4.5,4.42916,4.446792
4.5,4.31378,4.468868
3.0,3.0573478,2.9543142
3.5,3.6049209,3.472513
2.5,2.9698439,2.5418882
3.75,3.753713,3.7311108
2.5,2.9207678,2.507822
2.5,2.9884236,2.5390596
4.25,4.107383,4.1964564
3.0,3.081075,2.954167
3.75,3.9208314,3.7638538
3.1,3.0136135,3.052051
2.2,2.7944531,2.231433
2.0,2.6479661,2.0245647
2.0,2.6750257,2.0217488
4.0,3.707975,3.926552
3.75,3.756252,3.7280002
4.5,3.9348578,4.4702125
3.75,4.065833,3.7815173
4.5,4.3937287,4.445332
2.5,2.9966872,2.5404265
4.25,4.071953,4.195979
3.1,3.0136135,3.051535
3.0,3.1526384,2.9703915
4.0,3.7083745,3.924141
3.0,3.213506,2.9600945
2.5,2.9050422,2.5376763
3.75,3.7450304,3.7301834
2.5,3.02121,2.5516007
4.25,4.345413,4.1868925
3.1,3.410317,3.1012473
2.2,2.8704302,2.231974
2.5,2.990185,2.5083568
3.75,4.128278,3.7732828
3.25,3.521139,3.264764
2.5,3.011506,2.5380905
3.0,3.121211,2.9645007
2.5,2.9539518,2.542401
3.25,3.56993,3.2419004
14.0,13.264175,13.953608
3.5,3.9482265,3.5838933
4.25,4.251647,4.187941
0.8,0.97260845,0.7995771
3.0,3.403465,3.0621932
3.5,3.8464081,3.559995
2.5,2.9425898,2.5341887
3.75,3.7435334,3.6819525
0.8,0.9810617,0.8032906
2.5,3.013229,2.5092754
4.75,4.5020604,4.690684
3.75,4.0612135,3.7864137
2.5,2.9444423,2.5083966
3.5,3.8455527,3.5655117
2.5,2.9348795,2.5419436
3.0,2.9967473,2.9901938
3.0,3.0845199,2.956917
3.1,3.0136135,3.051535
3.75,3.7560217,3.7304902
2.0,2.6885457,2.0218124
3.25,3.570764,3.2410455
3.0,3.072092,2.932485
3.0,3.076798,2.9508119
3.75,3.7370746,3.6799111
2.55,3.0136135,2.6175215
2.55,3.0136135,2.6178908
3.75,3.4853692,3.679832
3.75,4.1075735,3.7800767
3.0,3.2387786,2.9966562
0.8,0.9841068,0.8041432
2.5,2.9881895,2.536368
3.5,3.9370382,3.5615165
2.5,2.9642365,2.5092754
3.0,3.2192578,2.9605923
2.5,2.9356284,2.5083966
2.5,2.936625,2.5381424
2.5,2.9742246,2.5423458
0.8,0.99727076,0.8042575
14.0,13.745838,13.92377
3.25,3.557487,3.2454681
2.5,2.8977365,2.5083966
2.5,2.939635,2.5380533
3.0,3.4800022,3.0621932
2.45,3.1524177,2.5134223
2.5,3.181427,2.5422857
2.2,3.085726,2.2381716
3.75,3.741041,3.7310503
2.5,2.9328532,2.5083966
4.5,4.428582,4.453922
2.5,2.951473,2.5389638
3.0,3.2150056,2.9635618
2.5,3.0272582,2.5513065
2.0,2.65516,2.0245647
2.5,2.9449759,2.562292
2.45,2.9479496,2.5138807
3.5,3.5482216,3.4755638
4.5,4.3796754,4.445165
4.0,3.7193353,3.9241931
0.8,0.9951794,0.8041432
3.75,4.394516,3.8095963
3.25,3.5701354,3.313607
3.75,3.9283736,3.7632825
3.0,3.2124577,2.9966562
2.5,2.9805875,2.5083966
10.0,10.454984,10.006651
2.0,2.6826537,2.0218124
2.5,3.0713515,2.567816
4.75,4.53946,4.692837
2.5,2.968501,2.5350583
2.5,3.0662851,2.5677607
3.0,3.1767015,2.9703915
3.0,3.0892022,2.9610643
2.5,2.9663627,2.534406
3.5,3.611472,3.5525734
3.5,3.5598655,3.47096
4.25,4.067589,4.195586
3.5,3.5982358,3.5617325
2.5,3.2793055,2.5619144
3.75,3.7382598,3.6799111
3.0,3.1543484,2.97099
3.1,3.0136135,3.052874
4.5,4.312331,4.4703736
3.0,2.6331692,2.8749444
4.25,4.308099,4.1868925
3.75,3.7419825,3.7302158
3.0,2.629277,2.5909371
3.0,3.1630898,2.9966562
3.75,4.321477,3.8112762
2.0,2.6755512,2.0245647
3.0,3.2375731,2.9477835
2.5,3.1494203,2.5424116
3.75,4.0660615,3.786021
4.25,3.7527156,4.2010407
3.5,3.636034,3.4715009
2.5,3.0704904,2.5641026
3.75,3.7531931,3.7344239
2.5,2.9611788,2.5099986
3.25,3.551214,3.2435014
3.75,4.3036013,3.8082995
0.8,0.9804517,0.80332196
3.0,3.2844338,2.9893107
3.5,3.5609372,3.479049
2.5,2.9377253,2.5364463
4.0,3.6985564,3.922863
2.5,3.162188,2.5437875
4.75,4.533469,4.6855927
2.5,3.0224814,2.5576417
3.0,3.1522307,2.9643664
4.25,4.219735,4.1972327
3.5,3.5645516,3.482568
3.5,3.5589907,3.4923453
3.75,3.741502,3.7632315
3.0,3.2396092,2.9959803
3.0,3.0743856,2.9340055
3.0,3.5777137,3.0236044
2.5,2.9480128,2.5372806
4.75,4.5441504,4.6953235
3.1,3.0136135,3.0523944
2.5,3.0348659,2.5548916
3.0,3.1793492,2.9475005
3.75,4.3178277,3.8096924
2.2,3.0830865,2.241374
2.2,2.8589745,2.231433
3.0,2.5904675,2.6124332
0.8,0.99203336,0.7989267
2.5,3.0667248,2.5607808
3.25,3.5734375,3.3080316
3.5,3.533855,3.442486
3.25,3.44213,3.2056243
2.5,3.007172,2.5563562
2.55,3.0136135,2.6170678
3.0,3.148731,2.9649055
3.0,3.07386,2.951141
2.5,3.069481,2.5609288
3.0,3.0950732,2.9560864
3.0,3.0854473,2.9524076
4.5,4.3504734,4.4515266
3.0,3.5316145,3.0584881
3.0,3.080311,2.9645216
3.25,3.5540574,3.2411168
3.0,3.0611246,2.9754167
3.0,3.395017,3.0574403
4.0,3.6208177,3.9226756
3.75,3.867692,3.764354
4.25,4.2653975,4.1864996
3.75,3.690934,3.7364683
3.0,3.0691285,2.9328873
2.5,2.923524,2.507822
2.2,3.0775325,2.240144
2.2,2.8060243,2.2299645
2.5,3.0156643,2.5556161
2.2,3.0965137,2.241374
3.75,3.7095459,3.7271929
3.75,3.7069232,3.7294273
3.0,3.2193084,2.947043
3.0,3.1556723,2.9703915
2.45,2.962369,2.5138807
2.0,2.6495838,2.0218124
3.5,3.6078413,3.4715009
3.5,3.5949247,3.473054
4.25,4.2810326,4.1864996
2.0,2.6217232,2.0271523
2.45,2.9844563,2.5138807
2.2,3.077311,2.240144
3.5,3.5808494,3.47096
2.2,2.8133879,2.231433
3.75,3.7350144,3.7289999
4.5,4.328598,4.5024443
3.5,3.6294835,3.4461205
0.8,0.99444306,0.80452645
2.5,3.0929708,2.5629697
3.0,3.2257743,2.9481857
3.5,3.5525625,3.4777505
2.5,3.0819228,2.559891
3.0,3.2516675,2.9477835
4.25,4.268339,4.1864996
3.5,3.5717037,3.481901
2.45,2.9497309,2.5137906
3.0,3.2027247,2.963399
3.0,3.0644639,2.9539046
4.5,4.242383,4.4687767
3.1,3.0136135,3.0515962
4.5,4.41468,4.4475646
0.8,1.0007632,0.8047895
3.0,3.1522098,2.9703915
3.5,3.5490468,3.489384
3.5,3.6408875,3.550851
2.5,2.953027,2.5376787
3.75,4.356386,3.8096862
2.5,3.1357985,2.5429568
3.75,3.7353842,3.7231803
2.0,2.6718907,2.0217488
3.75,4.0573463,3.7540267
2.2,2.8412712,2.231433
3.75,3.7487943,3.7222905
2.0,2.6973236,2.0259223
3.5,3.6017966,3.4461205
18.0,20.438066,17.964386
3.75,3.7684042,3.6820314
2.5,3.1741629,2.5409389
4.75,4.529121,4.701982
2.0,2.6622176,2.0245647
2.1,2.5501654,2.7834063
3.75,3.728063,3.681663
4.25,4.0632963,4.195979
0.8,0.97132814,0.80318356
0.8,0.97247833,0.8041432
3.0,2.5987327,2.8055458
2.5,2.9987369,2.5553093
3.75,3.8861353,3.764354
0.8,0.9900305,0.80369353
3.5,3.639695,3.473054
2.0,2.6361053,2.0245647
4.75,4.4925017,4.690684
2.2,3.0821953,2.2381716
2.5,3.0067055,2.5092754
2.5,2.972539,2.5417619
3.0,3.5969784,3.021052
4.25,4.2688465,4.1864996
3.75,4.0592165,3.7864137
3.5,3.5581503,3.4770415
3.5,3.5916984,3.4715009
2.5,3.0173826,2.557634
2.5,3.114675,2.541455
3.1,3.3722918,3.1017992
3.75,3.7308376,3.6819525
3.0,3.1018043,2.9541297
3.5,3.9603388,3.5656016
3.0,3.4811766,3.0579169
3.5,3.5622904,3.5426564
3.0,3.0810752,2.9727805
3.75,4.0580826,3.7864137
3.0,3.3304644,2.9907348
3.5,3.5514567,3.4797575
3.0,3.0772083,2.9727805
3.75,3.745269,3.7338085
2.5,2.9360814,2.5083966
3.0,3.2208858,2.9653327
2.5,3.0644681,2.5650218
2.2,2.8244557,2.231974
3.1,3.4770641,3.0999885
18.0,20.454329,17.784708
3.0,3.1467545,2.9709263
2.5,2.964335,2.5099986
3.0,3.0751004,2.954506
2.5,2.9508615,2.5108445
3.0,3.0835013,2.9529424
2.5,2.9210005,2.5366373
3.75,3.743992,3.728635
3.0,3.1647227,2.963537
3.0,3.0608003,2.9331274
2.5,3.0731435,2.5574539
3.0,3.2190812,2.9481857
3.0,3.1447346,2.9709263
2.0,2.6397822,2.0271523
2.2,2.8500183,2.231974
2.5,2.939613,2.5378883
4.75,4.5038214,4.680256
4.25,4.2002177,4.1972327
3.75,3.7088134,3.7269769
3.75,4.312006,3.811845
2.45,2.9565196,2.514233
3.75,4.0379133,3.7514062
3.0,3.0708687,2.932202
3.75,3.71255,3.7295752
4.75,4.5011206,4.687803
12.0,13.658057,12.023114
2.5,2.952352,2.5108445
3.0,3.1887796,2.9645941
3.75,4.0506563,3.7727792
2.5,3.0862937,2.5610201
3.0,3.2739172,2.9901938
2.0,2.6492615,2.021214
4.25,4.207286,4.1972327
28.0,27.870714,28.15702
0.8,0.95411474,0.80408293
4.25,4.111018,4.1970277
2.0,2.6363468,2.0271523
3.0,3.1671755,2.97099
3.25,3.58201,3.3200774
3.0,3.4902282,3.0584881
4.75,4.509777,4.684022
2.5,2.918665,2.5083966
3.5,3.5535626,3.47096
3.0,3.0682974,2.932485
2.5,2.9542212,2.5389638
3.25,3.547016,3.244745
3.0,3.3004618,3.02466
3.5,3.7949886,3.5656078
0.8,0.9827493,0.80418056
2.2,2.8088636,2.2299645
2.5,3.0636964,2.5693972
3.75,3.7929497,3.7224154
3.0,3.1802266,2.9650517
3.5,3.6329372,3.5546446
2.2,2.8395867,2.231974
2.5,2.9524922,2.507822
2.5,3.140679,2.5410001
3.25,3.5692856,3.307941
3.25,3.4996111,3.1955426
3.25,3.5485892,3.2432723
3.1,3.0136135,3.0515962
2.2,2.8277059,2.231974
3.0,3.286142,2.9959803
9.25,9.636225,9.224917
3.5,3.5479636,3.4741502
3.75,3.7584233,3.726962
4.25,4.112565,4.2010407
3.5,3.554937,3.479667
2.5,2.9609494,2.5108445
3.25,3.5986254,3.330798
2.5,3.077598,2.567816
0.8,0.99694264,0.8027234
3.0,3.0915914,2.9355092
4.25,4.225691,4.18737
3.0,3.376433,3.0570476
0.8,0.99185383,0.80410784
2.5,2.929288,2.5364463
0.8,0.97345686,0.80360067
2.0,2.6746955,2.0218124
3.5,3.5383682,3.442486
3.75,4.1034937,3.7804694
4.25,4.2191496,4.1976256
3.25,3.52048,3.2056584
2.5,2.9659057,2.5373058
3.5,3.6128602,3.47096
0.8,0.99028665,0.7998478
9.5,10.3128,9.480127
4.25,4.26602,4.187941
3.0,3.0758913,2.9754167
2.5,2.959373,2.5099986
3.0,3.1336558,2.9618068
3.75,3.989339,3.7529285
2.5,2.9332044,2.5371745
3.75,4.3117924,3.8086295
3.25,3.5650895,3.3100011
4.5,4.432289,4.4484367
3.0,3.1988914,2.9635885
0.8,0.97740185,0.80107886
2.5,3.0818,2.5612786
4.5,4.238493,4.468583
3.0,3.1657019,2.964448
3.75,4.3855333,3.811845
4.0,3.6854339,3.9210706
3.75,4.11294,3.7800767
4.75,4.5622587,4.6879597
3.75,3.7373424,3.6819525
8.95,9.273587,8.94929
3.5,3.550937,3.5195162
3.5,3.5642672,3.4796333
2.45,2.9433665,2.5137906
3.75,4.056681,3.7538111
3.0,3.3491945,3.0579169
2.5,3.1256623,2.546147
3.0,3.084428,2.9532926
2.1,2.5989983,2.5615263
3.5,3.6253269,3.5529606
3.75,4.3783846,3.8079295
2.0,2.6480849,2.0245647
3.25,3.5882628,3.2640817
4.5,4.2853203,4.4484835
2.0,2.6403913,2.0245647
2.0,2.6392589,2.0218124
3.0,3.171463,2.9607983
3.0,3.1866617,2.9966562
4.5,4.4187894,4.446526
2.5,2.9266725,2.507822
3.75,4.3207498,3.811845
3.0,3.4409032,3.0621932
2.5,3.0110488,2.5108445
3.5,3.5534792,3.4913948
4.25,4.116596,4.1970277
3.0,3.254183,2.9959803
2.5,3.0755515,2.5593858
2.5,2.954341,2.5364463
4.0,3.662661,3.9222207
3.75,3.7232876,3.6812046
4.5,4.255596,4.499285
2.2,3.0779445,2.241374
3.75,3.7190025,3.7276373
3.5,3.6271513,3.57812
3.0,2.6142366,2.5792975
2.0,2.6918616,2.0217488
3.75,3.7349086,3.6830423
3.0,3.0886858,2.9754167
3.5,3.5585234,3.4818249
3.25,3.5538568,3.244779
19.75,30.65038,20.080597
4.0,3.4666998,3.9114923
2.5,3.0869482,2.5661156
3.75,4.042859,3.7504485
2.1,2.618894,2.7979805
3.0,3.0864413,2.9540684
3.0,3.3401442,2.9901938
3.25,3.556568,3.2649367
3.0,3.0847383,2.9754167
2.0,2.650958,2.0218124
3.25,3.772102,3.2410455
3.75,4.1356535,3.7736754
4.5,4.254074,4.4667068
2.5,2.9570155,2.5092754
2.5,2.943451,2.535936
2.5,3.074932,2.5612714
4.25,4.2323003,4.1976256
4.25,4.119756,4.1964564
3.75,4.323345,3.8072243
3.25,3.5573835,3.2405424
4.06,3.5793872,3.3322403
3.25,3.5127895,3.2253947
0.8,0.9631365,0.80364054
3.1,3.0136135,3.0515962
3.1,3.2991166,3.101941
3.0,3.342844,2.9901938
3.0,3.4462564,3.0584881
22.5,20.800747,22.202902
0.8,0.98261064,0.80117923
3.5,3.6226213,3.5564313
4.75,4.5016613,4.691975
2.5,2.9854856,2.541945
2.5,2.9440663,2.5364463
3.75,3.7384093,3.7482774
2.5,3.083492,2.5593135
3.0,3.3820586,3.0579169
2.5,3.1112394,2.541269
3.0,3.354589,2.9901938
0.8,0.9685652,0.79965276
3.0,3.0739639,2.952671
3.75,4.1017227,3.7732828
0.8,0.97786134,0.797764
3.25,3.5460832,3.263881
2.5,3.002375,2.5576417
4.5,4.36197,4.446462
2.5,2.94265,2.5372002
2.5,3.0218415,2.556811
3.0,3.12541,2.9537408
3.0,3.0831974,2.9754167
3.0,3.1568685,2.97099
3.75,4.374427,3.812175
2.5,2.9518423,2.507822
3.0,3.2409902,2.9959803
4.5,4.4226627,4.4445596
2.55,3.0136135,2.6163967
3.75,4.303191,3.8057485
3.0,3.0636125,2.928827
2.0,2.6939445,2.021214
2.0,2.6478772,2.0259223
2.2,3.073933,2.240144
3.0,3.5160434,3.0621932
3.75,4.313684,3.8059711
3.0,3.2173328,2.9966562
3.25,3.5671947,3.2376697
2.5,2.954687,2.5364463
3.0,3.3180842,3.0579169
2.5,2.9961734,2.5083568
3.1,3.4536319,3.1008449
3.0,3.3955877,3.0574403
2.5,3.0596578,2.5641026
4.5,4.3992043,4.444333
2.5,2.9504528,2.5373058
3.0,3.1592557,2.9703915
3.0,3.0786119,2.948634
4.0,3.6960125,3.9259984
3.5,3.5712047,3.4448903
3.5,3.5921967,3.47096
0.8,0.9905515,0.80369353
3.25,3.4919436,3.2690434
0.8,0.98753226,0.8037808
3.75,3.7222679,3.7370353
3.25,3.5204883,3.206442
3.0,3.178389,2.9647713
3.0,2.563516,2.717572
0.8,0.95762897,0.80360067
3.5,3.5705473,3.472513
3.75,3.7192547,3.727713
3.0,3.3682404,3.0574403
3.75,4.3198905,3.805911
0.8,0.98493487,0.80103374
4.5,4.3908863,4.446462
3.0,2.544407,2.7609031
2.0,2.6555467,2.021214
2.45,2.9492846,2.5137906
3.0,3.1007895,2.9540684
2.2,2.8000789,2.231433
2.5,3.0756185,2.5613503
0.8,0.9769412,0.8041544
3.0,3.2061632,2.9465406
3.75,3.9493144,3.7638538
3.75,4.333326,3.8107886
2.5,3.0021098,2.5400155
2.0,2.7062201,2.0218124
3.0,3.1488924,2.9703915
2.5,2.9226043,2.5386286
3.0,3.0750399,2.9754167
3.75,3.9393373,3.7632825
2.45,2.9354322,2.5141702
4.5,4.3709517,4.446558
2.5,3.0415683,2.5583315
0.8,0.96623755,0.80360067
3.0,2.6309803,2.640809
4.5,4.2656174,4.483561
4.25,4.10756,4.1964564
2.5,3.073411,2.5644746
3.1,3.4117374,3.1012104
3.5,3.8673925,3.5659378
2.5,2.9458935,2.5108445
4.25,4.1930847,4.1972327
4.75,4.5171595,4.691645
3.0,3.1939006,2.9645941
3.75,3.9611237,3.7632825
3.0,3.1693225,2.9469981
3.75,4.316708,3.806408
3.0,3.2369344,2.9605923
3.5,3.5704515,3.4934673
3.75,4.0149355,3.7508194
3.0,3.0782163,2.9524076
3.5,3.7720642,3.5658417
3.0,3.2231464,2.947043
3.1,3.2916288,3.1011126
2.45,2.9641027,2.5137906
4.25,4.127344,4.200648
3.0,3.082712,2.949834
2.65,3.52216,3.2056584
3.75,3.769121,3.681573
3.0,3.0805416,2.9527988
2.2,2.8687181,2.231433
4.75,4.4799576,4.690684
2.55,3.0136135,2.6158729
3.75,3.7182531,3.6812046
2.45,2.9227839,2.51296
2.2,3.0795908,2.2381716
3.75,3.7550426,3.7632315
2.5,2.9713202,2.537452
3.0,3.222277,2.9631248
3.5,3.5794756,3.4715009
2.0,2.6656144,2.0217488
4.5,4.421712,4.4475646
2.2,2.81172,2.2305055
3.0,3.2638986,2.9897916
3.75,3.7008634,3.7628388
2.2,3.0807626,2.2381716
3.1,3.4269109,3.1013093
2.1,2.6401598,2.6308265
3.75,3.7183034,3.680526
3.0,3.479084,3.0570476
3.75,3.7539115,3.737631
2.45,2.971663,2.5138807
3.0,3.1051688,2.9608781
2.2,3.0746784,2.241374
2.5,2.9573932,2.5108445
3.25,3.5337288,3.206442
2.0,2.6307976,2.0259223
3.75,3.707388,3.6812046
3.25,3.5501208,3.2626033
2.55,3.0136135,2.614673
3.75,4.2956514,3.8107948
3.5,3.6017365,3.4461205
3.0,3.0731869,2.932485
3.25,3.56738,3.3335676
2.2,3.0850854,2.2381716
3.0,3.0921047,2.9540684
3.75,3.7598875,3.7399135
3.0,3.0474017,2.951257
3.25,3.555748,3.260434
3.25,3.5603194,3.236886
3.0,3.0633554,2.9322574
4.75,4.5051866,4.6864104
3.5,3.609379,3.5524135
3.75,4.313431,3.8096924
3.75,3.7167456,3.7275627
2.0,2.6503413,2.0245647
2.5,3.1603143,2.5429568
3.75,3.7717204,3.7316597
3.0,3.0762413,2.9555888
2.5,3.0108218,2.55605
2.5,3.0365639,2.5079029
3.25,3.5791824,3.3067832
2.0,2.621107,2.0271523
3.25,3.569575,3.3310754
2.2,3.0711274,2.2381716
4.5,4.307846,4.468868
2.45,2.9461255,2.5138807
2.55,3.0136135,2.6158729
4.75,4.502267,4.6879597
4.5,4.366699,4.4465513
2.5,3.078413,2.5669696
0.8,0.990144,0.8046892
3.75,4.0660567,3.7815173
6.4,9.217077,6.417412
2.5,3.0092535,2.5092754
3.75,3.7243445,3.6819525
3.0,3.2859442,2.9608793
3.75,4.316444,3.8077047
2.0,2.6445637,2.0271523
2.5,3.0776925,2.567816
3.5,3.6160119,3.5784552
2.0,2.6661003,2.0245647
2.5,3.1796014,2.5429568
3.5,3.583622,3.4461205
3.75,4.390746,3.8040395
3.0,3.2455118,2.9618363
2.2,3.0811431,2.241374
2.5,3.0776653,2.5594175
2.0,2.6232777,2.0271523
2.0,2.6870081,2.0218124
3.0,3.108261,2.9540684
3.75,4.343729,3.801219
3.0,3.2948875,2.9907348
3.0,3.0631962,2.952378
3.0,3.0736876,2.932202
3.0,3.160683,2.9709263
3.5,3.5510075,3.486851
2.0,2.6718907,2.0217488
3.0,3.2184281,2.9481857
3.0,3.1533365,2.9703915
3.5,3.5597017,3.4944997
2.5,2.9194787,2.5370579
3.25,3.5812638,3.2987742
2.2,3.0505452,2.240144
4.25,3.6388571,4.18737
2.5,3.0064871,2.5559793
2.5,2.966907,2.537452
2.5,2.9776888,2.5543745
3.0,3.0906973,2.956917
2.5,3.0609882,2.5665731
2.5,2.961657,2.5423458
3.0,3.1294858,2.964066
2.5,3.1385298,2.5409389
3.1,3.0136135,3.0535529
3.0,3.1053476,2.9754167
3.0,3.1613166,2.9633608
3.5,3.612773,3.472513
3.0,3.2341628,2.948241
3.0,2.632049,2.5777006
3.75,3.7657976,3.7409482
3.75,3.740713,3.7290144
2.5,2.915467,2.5447228
3.0,3.0637279,2.9328873
3.0,3.0542142,2.9565325
3.0,2.5789657,2.646262
3.5,3.9847984,3.5554447
3.75,3.8749685,3.7638538
3.0,3.594353,3.0251803
3.75,3.766446,3.7280416
4.5,4.2542715,4.4682126
2.0,2.7098587,2.0218124
14.0,13.795509,15.082196
3.75,4.3249674,3.8060799
3.0,3.0703921,2.9329426
4.0,3.6914349,3.922863
3.0,3.0752974,2.9516468
3.5,3.6195462,3.5595179
3.75,4.0558386,3.7540267
2.5,2.9435759,2.5099986
3.25,3.5551383,3.2411168
2.5,3.098818,2.541455
3.1,3.0136135,3.0540066
2.5,2.9783082,2.5418882
0.8,0.98565423,0.80410784
0.8,0.9918281,0.7998478
3.0,3.1900501,2.9966562
3.0,3.106532,2.9576845
2.5,2.9788613,2.5099986
2.45,2.9689925,2.5134223
3.75,3.7467396,3.7282326
3.0,3.1196656,2.9907348
3.75,3.7583182,3.7282224
4.5,4.443901,4.44376
3.1,3.3321455,3.1018782
3.25,3.564687,3.2419004
4.5,4.4219475,4.446462
3.1,3.292305,3.1013262
2.5,3.011556,2.5561323
0.8,0.9885911,0.80516833
3.0,3.2552528,2.9621758
3.75,3.722993,3.6807423
0.8,1.0032153,0.80397373
4.75,4.474373,4.6907735
3.1,3.0136135,3.0543835
4.5,4.420775,4.446462
3.0,3.0536556,2.934463
3.1,3.3477702,3.1020372
3.0,3.3889523,3.0574403
4.5,3.8635085,4.467911
2.0,2.6367717,2.0271523
2.5,3.0834203,2.5616634
2.5,3.0682635,2.567816
3.0,3.0676675,2.932485
3.25,3.5534267,3.2654912
3.0,3.0812433,2.956917
2.2,2.8217812,2.2299645
4.5,4.2901983,4.4703736
2.2,2.8514643,2.2299645
3.75,3.7682197,3.7450795
2.5,3.083342,2.55866
0.8,0.96424806,0.80357826
3.75,3.7120016,3.72688
3.5,3.557431,3.4461205
3.1,3.0136135,3.0547435
3.0,3.3149762,2.994233
3.0,3.1544018,2.97099
3.0,3.2258744,2.9959803
3.75,3.7523468,3.7374327
3.5,3.5821517,3.4837823
4.25,4.05509,4.1970277
2.5,2.9418302,2.537215
3.75,4.3232555,3.7997289
4.25,4.117158,4.200648
4.0,3.6647055,3.9226468
3.0,3.3238597,2.994233
3.5,3.5831254,3.473054
2.5,2.973892,2.507822
2.5,3.1677117,2.5410001
3.0,3.082844,2.9596536
2.0,2.7080083,2.0218124
22.5,21.022448,22.583492
2.2,3.0845928,2.241374
2.5,2.9525642,2.5083966
3.0,3.072517,2.9296012
3.75,3.7169096,3.7248192
3.5,3.5870495,3.4448903
2.2,3.0829463,2.2381716
3.75,3.7343214,3.7318354
4.0,3.6839013,3.923054
3.25,3.5493019,3.2626033
2.5,3.0786188,2.567816
2.5,2.9925354,2.5108445
2.5,3.0742044,2.5626156
3.0,3.2925277,2.9621801
2.0,2.6300042,2.0271523
3.0,3.10572,2.9548914
2.5,3.0678608,2.560578
2.5,3.081618,2.5612714
3.75,3.9678416,3.7736754
3.75,3.7518613,3.744269
3.0,3.4599636,2.9928603
3.5,3.5499196,3.479169
3.5,3.6158955,3.47096
3.5,3.8501947,3.5656016
2.5,3.1033683,2.542502
3.75,3.7268684,3.6820154
2.0,2.695662,2.0218124
3.75,4.0580816,3.7864137
2.5,2.9635756,2.542401
3.75,4.0260153,3.7439165
2.5,3.1550522,2.5437875
3.1,3.0136135,3.0563266
2.5,3.0688968,2.558766
0.8,0.97591,0.8035693
3.25,3.5748217,3.3211865
2.5,2.9261196,2.5099986
4.5,4.389949,4.4393687
3.75,4.0566654,3.7815173
3.5,4.2274675,3.5636327
2.5,3.0604482,2.567816
4.25,4.1045218,4.1970277
2.5,2.9097264,2.5371728
3.0,3.2620654,2.9901938
3.75,3.7704809,3.6814795
2.1,2.6316097,2.6433363
4.0,3.6691997,3.923318
2.5,3.0081859,2.5108445
4.25,4.204134,4.187941
3.0,3.2608726,2.9901938
3.5,3.5900092,3.4870584
0.8,0.98547906,0.80042636
4.5,4.4326935,4.4484367
3.5,3.868514,3.5572767
3.0,3.1454194,2.97099
2.2,3.080791,2.241374
3.5,3.5549328,3.442486
2.5,2.98443,2.5440547
4.5,4.3960075,4.4709873
2.5,2.9922826,2.5543745
3.0,3.0799294,2.9541297
4.25,4.1243944,4.200648
3.5,3.654994,3.4715009
2.45,2.9740942,2.5121288
3.5,3.5474617,3.4798915
3.0,3.4522662,3.0584881
4.0,3.7010605,3.9247417
3.25,3.5476344,3.1929011
2.5,2.9584875,2.5423458
2.1,2.5772285,2.681141
2.5,2.9829102,2.5416605
3.0,3.2478294,2.9893107
3.75,4.0432005,3.7489262
3.0,3.063136,2.9329426
0.8,0.9893949,0.79700434
2.2,3.0680547,2.2381716
3.0,3.0720053,2.953552
4.5,4.3941755,4.444223
3.5,3.6276553,3.5589683
3.5,3.843358,3.5655117
3.0,3.4957144,3.0584881
2.0,2.663425,2.0271523
2.5,2.967215,2.507822
4.5,4.1945887,4.479564
3.75,3.9252987,3.7638538
18.0,20.734001,18.05737
3.25,3.5586743,3.2665007
2.5,2.9529939,2.5423458
3.0,3.3115702,2.994233
3.5,3.8056626,3.5655117
10.95,9.673226,10.840151
3.75,3.761401,3.6814795
3.0,2.5729964,2.8029876
2.2,3.0734518,2.2381716
3.0,3.168755,2.97099
4.5,4.408415,4.4412274
3.0,3.2176661,2.9459417
2.0,2.6407826,2.0245647
3.5,3.5532568,3.4746084
8.95,9.242437,8.948411
3.75,3.7280145,3.7178385
3.75,3.7391179,3.7233043
0.8,0.97309804,0.8037249
3.25,3.5893462,3.319391
3.0,3.074476,2.950879
0.8,0.99688834,0.80410784
3.75,3.9080563,3.7638538
3.0,3.1591554,2.97099
3.5,3.585724,3.472513
4.25,4.209545,4.1972327
3.0,3.563374,3.0236044
3.5,3.5876505,3.4841576
4.75,4.5689545,4.6927476
3.5,3.5880022,3.4461205
4.5,4.3470745,4.4718986
2.5,3.0135207,2.5561688
2.2,3.0634575,2.2381716
2.5,2.9762373,2.5405593
3.75,3.9625583,3.7736754
2.55,3.0136135,2.6170678
3.75,4.381543,3.8095963
4.5,4.39373,4.444795
2.5,2.9842308,2.5423458
3.75,3.7499256,3.7628388
2.2,2.7674603,2.2305055
2.5,2.998027,2.5423458
2.45,2.9412131,2.514312
3.0,3.9434726,3.0251803
3.1,3.0136135,3.0528817
2.5,2.9521842,2.5423458
3.75,4.37557,3.806856
2.5,3.1788423,2.5437799
2.5,2.9311626,2.5324285
8.95,9.316308,8.953057
3.75,3.7291586,3.6836572
3.0,3.1519148,2.9703915
3.75,4.0626802,3.780946
3.25,3.5509086,3.2612886
2.5,3.0917478,2.559505
4.0,3.6618457,3.921816
2.45,2.9509425,2.5130568
3.5,3.9465425,3.5671916
3.1,3.4274213,3.10041
2.55,3.0136135,2.615566
0.8,0.9753902,0.8035693
3.75,3.6677039,3.726999
3.1,3.0136135,3.0515962
2.55,3.0136135,2.6150498
12.0,12.410721,12.046399
4.75,4.478045,4.691741
3.75,3.7127616,3.727178
3.0,3.2391922,2.9613562
2.2,3.070745,2.240144
2.0,2.6940036,2.0217488
3.5,3.582633,3.472513
2.5,2.963878,2.5083966
0.8,0.9799327,0.80166847
4.5,4.4083776,4.445501
2.55,3.274805,2.6133828
3.75,3.7191222,3.7270036
4.25,4.2211013,4.1976256
4.25,4.1143436,4.2010407
3.5,3.6539562,3.47096
3.5,3.5833304,3.5031993
3.1,3.382982,3.100748
2.2,3.074728,2.241374
3.75,3.7295983,3.681663
0.8,0.9695069,0.7970328
2.5,2.9636748,2.5099986
3.0,3.1088357,2.9548914
2.2,2.8275795,2.2299645
3.0,3.0680418,2.932485
3.25,3.4949105,3.2022333
3.0,3.0799584,2.9554152
3.5,3.6321359,3.5589316
3.75,4.044224,3.7518458
3.0,3.6615853,3.0251803
3.5,3.982475,3.5643973
2.0,2.6659985,2.0245647
4.0,3.6944585,3.9241486
3.75,4.0431995,3.7504485
3.5,3.6045578,3.4909759
4.25,4.2379265,4.18737
3.0,3.264898,2.9901938
0.8,0.9622282,0.80360067
3.5,3.5516384,3.4762592
8.95,9.318303,8.94926
2.5,3.0766869,2.5616486
3.75,4.3141394,3.8106987
4.25,4.249361,4.187941
3.1,3.0136135,3.0526958
10.95,10.843336,10.836015
3.75,4.3771873,3.8068943
3.5,3.8571541,3.5606072
3.25,3.5485694,3.2646646
2.5,3.0806186,2.5603454
3.0,3.2711492,2.9959803
3.25,3.548124,3.2397647
3.5,3.5659697,3.4448903
0.8,0.99047863,0.8048018
0.8,0.96391904,0.8053149
2.65,3.5505078,3.2055871
4.25,4.24874,4.187941
2.2,2.864777,2.231433
3.5,3.6046038,3.4983592
3.0,3.1888082,2.9448996
3.75,3.7161705,3.73412
3.0,3.0842028,2.951221
3.75,3.7363365,3.7301834
3.1,3.0136135,3.051535
3.75,4.354458,3.8086295
3.0,3.0842214,2.9727805
2.2,3.0739322,2.2381716
3.75,3.748101,3.7298098
2.45,2.9717789,2.5138807
3.0,3.0596619,2.9741867
3.0,3.3593721,3.0574403
2.0,2.629377,2.0271523
3.1,3.3735688,3.1019545
2.5,2.901883,2.5083966
3.5,3.6216576,3.5564775
2.45,2.9437935,2.5138807
3.5,3.5840056,3.442486
2.5,2.9202213,2.534214
4.5,4.2470818,4.483621
3.1,3.0136135,3.053098
3.75,3.7494822,3.7291868
3.1,3.0136135,3.053921
2.5,3.180555,2.5412676
0.8,0.9889705,0.7981523
3.0,2.585608,2.6418254
4.25,4.2584352,4.18737
3.0,3.1821935,2.9633608
3.5,3.8954132,3.5632794
2.2,3.0836332,2.240144
4.5,4.2505226,4.4796176
3.25,3.5523002,3.2646646
3.1,3.0136135,3.0535529
3.75,3.5726917,3.679832
2.5,2.958284,2.5108445
2.0,2.661434,2.0168412
3.75,4.318136,3.8073592
2.2,2.8016307,2.231974
3.0,3.1105618,2.953839
4.75,4.5293255,4.691645
2.5,2.972527,2.5418882
2.5,2.9270563,2.5083966
3.5,3.5470383,3.4809372
3.5,3.5653682,3.4788253
3.5,3.5535738,3.4911664
2.1,2.5770955,2.6221125
2.0,2.6363013,2.0245647
2.0,2.6441174,2.0271523
4.25,4.1210546,4.2010407
3.75,4.3532724,3.8096862
3.0,2.9138079,2.9636414
4.25,4.2145205,4.1972327
0.8,0.9756347,0.7993839
2.5,3.084802,2.5611846
2.5,2.9537158,2.53648
2.5,3.1843498,2.5409098
2.5,2.9471865,2.5108445
2.5,3.0607991,2.5556161
2.5,3.0259948,2.5547931
3.0,3.20196,2.9448996
2.5,3.0894523,2.5611491
3.25,3.577086,3.309799
3.0,3.4858243,3.0621932
2.5,2.9626632,2.5423458
3.75,3.7403011,3.6830423
3.5,3.6117651,3.5522637
3.0,3.1479003,2.97099
2.2,2.7940915,2.2299645
3.25,3.5293746,3.260505
2.0,2.6683652,2.0271523
3.0,3.2890215,2.9901938
3.0,3.2549415,2.9959803
3.0,3.0753286,2.9532704
3.5,3.564669,3.472513
0.8,0.9899739,0.8036213
3.0,3.0578103,2.9741867
3.75,4.053975,3.7815173
2.5,2.9475093,2.5432606
2.5,2.9490864,2.5355895
3.1,3.317664,3.1011164
3.75,4.0651,3.780946
3.0,3.05577,2.9754167
3.0,3.1420345,2.9703915
2.5,2.9413857,2.5353942
3.75,3.7095149,3.7299013
0.8,1.0055833,0.80516833
2.65,3.547703,3.202851
3.0,3.0761774,2.9557095
2.5,2.9392207,2.5345347
3.75,4.0554657,3.780946
3.5,3.5803707,3.47096
3.5,3.863084,3.5631397
4.0,3.7075138,3.923318
4.25,4.1092424,4.1964564
3.5,3.5806386,3.4448903
3.0,3.195414,2.964046
3.1,3.4374216,3.10041
4.5,4.322726,4.470314
3.75,3.9217644,3.7638538
2.5,3.0834877,2.5623603
3.0,3.1235273,2.9703915
2.5,3.0367975,2.5552392
4.5,4.3851366,4.446462
3.0,3.1845665,2.9966562
3.0,3.0723147,2.9316998
0.8,1.0075476,0.80516833
2.5,3.0736132,2.5670269
3.1,3.0136135,3.0537438
3.1,3.4116728,3.101665
3.5,3.921644,3.564215
3.75,3.74554,3.7302246
4.5,4.467643,4.4484367
3.0,3.5036,3.0570476
3.75,4.043477,3.7540267
10.95,9.942602,10.8363085
2.5,3.1689324,2.5410001
3.0,2.600068,2.8571668
8.95,9.980825,9.033064
3.0,2.5670052,2.7178912
2.5,3.1684492,2.5373583
2.2,2.926856,2.231974
3.0,3.178987,2.9630272
4.5,4.3494306,4.459376
4.25,4.3016367,4.1868925
3.0,3.077641,2.9503546
10.0,10.358728,10.010468
3.0,3.1796403,2.9673734
3.75,3.774117,3.6820943
3.0,3.3659782,3.0579169
3.0,3.0775971,2.9539385
3.75,4.0350685,3.7675107
3.5,3.9967299,3.5667102
3.0,3.1526127,2.9627523
4.25,4.06573,4.195586
3.0,3.1749847,2.9639316
2.0,2.696723,2.0245647
2.5,2.9058585,2.5083966
3.5,3.887144,3.5677607
3.0,3.2126834,2.9959803
3.0,3.2874146,2.9901938
2.5,2.9762049,2.5417159
3.75,3.7081723,3.6810317
2.5,2.9526527,2.5108445
3.75,4.0048056,3.7736754
3.0,3.1717436,2.964869
2.5,2.9262567,2.5364463
3.5,3.5820887,3.4827342
4.5,4.4042807,4.448711
2.5,3.0706,2.5673585
3.0,3.0680525,2.9317446
2.5,2.9825761,2.537452
3.5,3.5669353,3.4905198
3.0,3.3263931,2.9893107
2.5,2.9917154,2.5411582
4.25,4.118825,4.200648
3.75,3.7184827,3.680839
2.5,2.9442663,2.5083966
3.5,3.9225004,3.5632794
3.75,3.775326,3.6814795
2.5,3.0788043,2.5591614
2.5,2.9629774,2.5371232
3.5,3.7583854,3.5618267
3.0,3.0622687,2.9306433
0.8,0.9702207,0.80483854
2.5,3.0738378,2.5624704
2.0,2.7093706,2.0218124
3.0,3.2541018,2.9898517
3.75,3.745557,3.681663
4.25,4.112254,4.2010407
4.5,4.34317,4.4723525
3.0,3.467127,3.0584881
2.2,3.0883458,2.241374
3.0,3.0726924,2.9526167
3.0,3.2618294,2.9898517
3.5,3.965667,3.566704
8.95,9.331602,8.947007
3.25,3.6143124,3.320503
2.0,2.6606698,2.0245647
3.5,3.6263187,3.4461205
3.0,3.0747414,2.932485
3.25,3.1673317,3.2575927
3.0,3.1549525,2.9643238
3.75,4.0363836,3.7485042
3.0,3.1678648,2.9703915
3.0,3.122859,2.97099
4.25,4.0651603,4.195979
3.75,3.7619352,3.6820943
0.8,0.9786868,0.80428886
3.5,3.5939982,3.550536
3.1,3.3663676,3.101665
3.0,3.2026045,2.964046
0.8,0.9950584,0.80397373
3.0,3.0814848,2.953919
3.75,4.340485,3.8096924
3.0,3.276699,2.994233
3.1,3.0136135,3.053176
3.0,3.2263844,2.948241
2.5,2.953347,2.5359888
4.25,4.2323227,4.187941
3.5,3.6261144,3.4461205
2.5,2.9481335,2.5108445
19.75,33.96128,19.968307
3.0,3.0660255,2.9727805
12.0,13.43773,12.033422
18.0,20.833433,17.99757
0.8,0.98680687,0.8037808
2.1,2.5973027,2.5926526
2.55,3.0136135,2.6150498
2.0,2.665946,2.0218124
2.45,2.9771042,2.5121288
2.45,2.951459,2.5141056
7.6,7.8774405,7.605338
4.0,3.7099254,3.9202602
4.25,4.064994,4.195979
3.0,3.4143493,3.0570476
2.55,3.0136135,2.6131017
0.8,1.0023212,0.80410784
3.25,3.55461,3.2419004
2.5,2.9384866,2.5397737
2.5,2.993332,2.509472
4.5,4.3126745,4.5034204
3.75,3.736243,3.7632315
2.5,2.9520187,2.542401
4.75,4.5725374,4.691645
2.5,2.9885664,2.536691
3.75,4.0452237,3.7529285
2.45,2.9889219,2.5138807
3.0,3.2755578,2.9901938
2.5,3.115596,2.5428789
2.0,2.6497927,2.0271523
3.0,3.133251,2.9615955
3.25,3.530093,3.203706
7.6,7.8847733,7.6050444
2.5,2.9503152,2.5401018
3.5,3.640997,3.472513
3.25,3.5928843,3.3096333
3.5,3.6245959,3.472513
2.0,2.640084,2.0271523
4.25,4.2155533,4.1976256
4.75,4.5071774,4.691735
3.0,3.3614225,3.0570476
3.75,4.3188887,3.8095963
3.0,3.1596437,2.9638567
4.0,3.7333221,3.9241486
3.0,3.1733537,2.9966562
10.95,10.24931,10.836015
3.0,3.1926904,2.9635885
2.5,3.1290975,2.541455
3.75,4.3753943,3.8099263
3.1,3.0136135,3.0561247
3.25,3.5488036,3.2435014
3.1,3.387853,3.1008449
2.0,2.6482954,2.0271523
3.0,3.257592,2.9601438
2.1,2.6029716,2.7363832
4.5,4.3237596,4.4352994
3.1,3.3055527,3.101941
3.5,3.552945,3.4876375
2.5,2.9169695,2.5359888
0.8,0.9562673,0.80386686
14.75,15.272673,14.902307
2.5,2.9600115,2.5083568
0.8,0.9857878,0.80452645
3.75,4.058251,3.780946
3.0,3.2153306,2.9627175
3.5,3.7836998,3.5655117
2.5,2.9397569,2.5381386
3.1,3.424685,3.1007442
2.2,2.8139112,2.231433
4.25,4.2748537,4.18737
3.75,4.332033,3.8099263
3.5,3.5585597,3.482791
2.0,2.631539,2.0245647
0.8,0.9770879,0.8041432
3.75,3.6662347,3.7632315
2.5,3.0229962,2.5547931
3.0,3.1695523,2.9653845
0.8,0.9721718,0.79716986
4.5,4.3520684,4.445501
2.5,3.0635862,2.5659742
2.5,2.781373,2.5312788
2.0,2.7032928,2.0218124
2.2,2.8279772,2.231974
2.5,2.9738007,2.5418882
2.5,2.9590607,2.507822
3.75,3.7251809,3.7247424
3.0,3.2140563,2.9481857
22.5,20.927473,22.633217
3.1,3.0136135,3.0516741
2.0,2.68784,2.021214
0.8,0.98549277,0.8035693
2.5,2.962227,2.507822
2.5,2.9891136,2.5425267
0.8,1.0067711,0.80516833
4.75,4.4915676,4.691735
3.1,3.0136135,3.051535
2.5,2.9874856,2.5423458
3.75,4.296757,3.8047874
2.5,3.0846472,2.5642564
2.45,2.969069,2.5138807
0.8,0.96209407,0.80470717
0.8,0.9542679,0.80416346
4.25,4.068631,4.195586
4.25,4.113785,4.1964564
2.0,2.6716912,2.0218124
3.75,4.319168,3.7995353
3.5,3.862363,3.5622165
2.55,3.0136135,2.615566
4.5,4.405843,4.4426155
4.0,3.6725714,3.922123
3.0,3.1643474,2.9645941
2.5,3.0456722,2.5552392
0.8,0.9885576,0.8008291
3.5,3.5714352,3.4786818
3.0,3.3311124,2.9901938
0.8,0.9894872,0.80369353
2.5,3.0736718,2.5678182
2.0,2.809668,2.020355
3.75,4.056411,3.7815173
2.5,3.060856,2.564158
3.0,3.140961,2.963414
4.5,3.5330136,4.4736934
3.75,4.1124187,3.7732828
2.5,2.9592302,2.53648
3.75,3.6604834,3.7632315
2.0,2.6023831,2.0259223
3.75,4.3552246,3.8095963
3.0,3.4434311,3.0621932
3.0,3.0664575,2.9727805
3.0,3.0641103,2.930025
3.75,4.314299,3.807364
3.0,3.4196393,3.0570476
2.5,2.931421,2.5099986
8.95,9.298023,8.948886
2.5,2.9719014,2.5423458
4.5,4.327383,4.4393578
4.25,4.062608,4.195979
2.5,2.947641,2.5419436
2.45,2.9405289,2.514312
2.5,3.0629206,2.5677607
4.75,4.5079174,4.6894064
3.0,3.4257274,3.0621932
2.5,2.9425168,2.53783
3.0,3.1768427,2.9703915
3.75,4.004758,3.7638538
3.0,3.1700923,2.97099
3.0,3.159908,2.9703915
3.0,3.5692658,3.0236044
28.0,27.688347,27.818415
2.2,2.8459697,2.231974
4.0,3.688296,3.9213
3.5,3.6329381,3.4461205
3.0,3.0726452,2.9292846
3.75,4.118202,3.7804694
2.2,2.7970886,2.2299645
2.55,3.0136135,2.6170678
3.0,3.175147,2.9639316
3.75,4.0569963,3.7864137
0.8,0.9767915,0.80378854
3.25,3.540582,3.2688982
3.5,3.5639453,3.481901
3.75,3.7555246,3.7294598
4.5,4.395623,4.443716
3.1,3.4135175,3.1012104
4.75,4.5169773,4.691645
3.5,3.5927932,3.5536942
2.5,3.1155875,2.5417619
3.5,3.6510088,3.473054
4.75,4.522256,4.689738
2.5,2.9326174,2.5385747
3.75,3.7599452,3.9098876
2.55,3.0136135,2.6123736
0.8,1.0014578,0.80516833
2.0,2.6467867,2.0245647
2.5,2.9243877,2.5356505
2.1,2.5851946,2.6300838
3.0,2.5985215,2.7422016
4.25,4.252557,4.187941
3.0,3.1656518,2.97099
3.0,3.4629018,3.0570476
3.75,3.7301157,3.731853
3.0,3.1171217,2.9560864
3.5,3.5481515,3.4797933
3.1,3.4158497,3.1012104
2.5,3.1121976,2.54258
3.75,3.7534246,3.7251728
3.0,3.060222,2.9727805
3.75,3.7278428,3.7632315
3.0,3.0829442,2.9554152
10.95,10.174636,10.836385
3.75,3.7555647,3.7276125
2.5,3.0187511,2.5576417
2.5,3.13127,2.5410373
3.0,3.066361,2.9296715
4.25,4.1147985,4.1970277
3.0,3.1623898,2.97099
2.2,2.8580256,2.231433
4.38,3.5591478,3.5017064
2.5,3.0670033,2.5677607
4.75,4.515399,4.691975
3.75,4.311941,3.8059745
2.0,2.6566715,2.0217488
3.25,3.5572226,3.2406228
4.25,4.3308563,4.1868925
3.0,3.0704982,2.9329426
2.5,2.9106932,2.5083966
3.75,3.7373443,3.7632315
2.5,3.1788268,2.5389907
3.0,3.275053,2.9625041
3.25,3.5692403,3.307961
2.2,2.862752,2.231433
3.5,3.5533087,3.4792225
3.75,4.022044,3.7732828
2.5,3.0335371,2.55856
2.5,2.9467127,2.5083966
3.75,4.099742,3.7804694
3.0,3.0738149,2.9545846
2.2,3.065587,2.2381716
3.75,3.9519708,3.7638538
3.25,3.554659,3.263387
3.75,4.3465233,3.8096862
0.8,0.9673736,0.8041619
4.0,3.6457057,3.921816
2.5,2.954041,2.5363092
3.25,3.5685532,3.306339
3.75,3.7825072,3.6814795
4.25,4.2933035,4.1868925
2.5,2.9632955,2.542401
2.0,2.606419,2.0259223
2.5,2.9280264,2.5365038
3.1,3.0136135,3.053026
2.65,3.239594,2.7660718
3.5,3.6039722,3.4461205
3.0,3.2545607,2.9893107
3.25,3.5315576,3.203017
3.0,3.4058704,3.0621932
2.0,2.667305,2.0217488
3.0,3.3442376,2.9901938
3.75,3.7859004,3.681535
18.0,20.544619,17.988062
2.0,2.6337037,2.0271523
4.0,3.7012854,3.9165277
3.5,3.6180532,3.5509298
3.25,3.5492456,3.240528
3.0,3.0738013,2.9318
2.2,3.087933,2.2381716
3.25,3.568853,3.3075206
3.25,3.5565555,3.3079572
3.75,3.7399156,3.7632315
3.0,3.314312,2.9907348
3.75,3.7285802,3.6812975
3.5,3.6158922,3.555771
9.25,9.717163,9.213434
2.0,2.6439478,2.021214
3.5,3.618581,3.483001
2.45,2.945639,2.5137906
3.25,3.6267138,3.3116872
3.75,4.3521433,3.8095963
2.0,2.6504598,2.0245647
4.25,4.11648,4.200648
2.5,2.9401994,2.5364463
2.5,3.112772,2.5434105
3.5,3.9413197,3.5645506
3.5,3.6367447,3.472513
3.5,3.551274,3.482819
3.75,3.7590864,3.753404
2.5,3.0635133,2.5677607
3.5,3.6059206,3.5532737
3.0,3.0673985,2.951116
3.5,3.5533643,3.4749336
2.55,3.0136135,2.6200929
2.2,2.7647147,2.2299645
3.5,3.6269796,3.5511224
3.0,3.054084,2.9282858
3.0,3.114143,2.9596932
3.0,2.575232,2.8015273
3.5,3.598004,3.473054
3.5,3.6018736,3.4835925
3.1,3.0136135,3.054376
3.0,3.0942152,2.9512992
3.5,3.7654843,3.5618267
2.2,3.0864842,2.2381716
2.5,2.977103,2.5418882
2.5,3.0790563,2.5679417
4.25,4.1058598,4.1964564
2.5,2.9971397,2.5548544
3.75,4.047962,3.7504485
2.0,2.6507874,2.0259223
3.5,3.8112671,3.5656078
4.5,4.419223,4.44284
3.75,3.7077875,3.7271929
3.0,3.2575302,2.9898517
2.2,2.8539648,2.231433
4.25,4.0658712,4.195586
3.5,3.5381806,3.442486
0.8,0.9835554,0.80088043
2.5,2.9920855,2.5092754
3.75,3.7698882,3.6820314
3.5,3.5754921,3.4746969
3.75,4.1279554,3.7800767
2.5,2.9325306,2.5364463
3.25,3.5167747,3.200064
2.5,3.004782,2.5083568
3.75,3.7093627,3.7280831
0.8,0.99628156,0.8037572
3.5,3.5813382,3.472513
3.75,4.407467,3.8050656
0.8,0.9874228,0.80378854
3.0,3.4601548,3.0574403
4.75,4.50727,4.6924024
3.0,3.2112126,2.964046
3.0,3.1814275,2.9966562
3.75,3.725683,3.7628388
2.5,3.0616374,2.5613177
2.5,3.0692034,2.567816
3.0,3.0642262,2.9554076
2.2,3.0783129,2.241374
3.5,3.560072,3.4448903
3.0,3.173527,2.9966562
2.5,2.9461284,2.542401
3.25,3.5331886,3.3002918
3.5,3.5802367,3.4461205
3.0,3.2618294,2.9898517
3.75,3.70071,3.7248502
2.5,3.0653987,2.5677607
3.75,3.9895697,3.7736754
2.5,3.008597,2.555763
4.0,3.6657517,3.923318
3.5,3.8810296,3.5667102
3.0,3.339705,2.994233
10.0,10.289769,9.995351
2.5,2.9024096,2.5083966
3.75,4.096017,3.7804694
3.0,3.2774608,2.9907348
2.5,2.9041946,2.5358536
3.0,3.0745049,2.9754167
3.75,4.3005114,3.8025029
3.0,3.5726616,3.0236044
2.5,2.9692616,2.5099986
3.75,4.033538,3.7650306
3.75,4.3090973,3.8057485
3.1,3.0136135,3.0556183
2.5,3.034373,2.55856
3.0,3.072142,2.9329426
3.75,4.061658,3.7790968
2.5,3.0632725,2.5640874
3.0,3.231077,2.9959803
4.5,4.3300495,4.470167
3.0,3.0751798,2.9727805
3.0,3.3949032,2.9907348
3.0,3.1937685,2.9475005
2.5,2.9784627,2.5108445
3.0,3.139559,2.9695325
4.5,4.413784,4.4429502
2.5,3.0845392,2.567816
3.5,3.6037564,3.4825487
3.0,3.084847,2.9533396
28.0,27.6842,28.342695
3.1,3.0136135,3.0515962
3.5,3.6259348,3.5533059
3.0,3.1120086,2.9550595
4.25,4.2275963,4.1976256
3.5,3.9465425,3.5671916
2.5,2.9396043,2.5353036
2.2,3.0834594,2.2381716
2.45,2.9354084,2.514233
4.5,4.4182825,4.4426155
3.0,3.592983,3.0251803
4.5,4.228614,4.468583
3.5,3.559919,3.4910827
3.0,3.7139099,3.0251803
2.55,3.0136135,2.6160197
3.75,3.714543,3.6803768
3.75,4.364423,3.8115218
3.0,3.0579975,2.9521468
0.8,0.97951096,0.8041432
2.2,2.7986298,2.2299645
2.5,3.0775542,2.5614963
3.0,3.1593757,2.9719262
3.0,3.4847689,3.0579169
8.95,9.365472,8.947178
14.0,13.324572,14.010196
3.25,3.5372114,3.2688982
3.25,3.5057366,3.2688982
3.5,3.6352985,3.472513
0.8,0.9755434,0.8036213
2.5,2.9662166,2.5423458
3.5,3.626424,3.4461205
2.0,2.6651258,2.0218124
2.5,3.0045125,2.5561688
3.5,3.5541315,3.4919004
3.75,3.7101524,3.7281024
3.25,3.5677736,3.3296657
3.5,3.5932553,3.472513
3.5,3.5987566,3.5686
3.0,3.1782193,2.9641035
2.5,3.1289968,2.5409389
3.5,3.553469,3.471005
0.8,0.97483665,0.8049352
3.75,3.898183,3.7638538
0.8,0.99483705,0.8050557
3.0,3.1804836,2.9650517
2.5,3.128803,2.5422857
20.45,17.239185,20.328295
2.5,3.1601768,2.5409389
3.0,3.3010905,2.994233
2.5,2.929154,2.5424025
0.8,0.9920639,0.80516833
3.75,3.779916,3.7632315
2.5,2.9522557,2.5108445
2.1,2.5775142,2.6246936
2.5,2.9889052,2.5099986
4.75,4.486685,4.686836
3.0,3.19161,2.9622042
2.2,3.0724483,2.2381716
2.5,3.0392299,2.5556526
2.5,2.9464054,2.542401
2.45,2.9607556,2.5130568
3.0,2.577782,2.5626004
3.0,3.48258,3.0570476
2.5,3.0671506,2.567816
3.0,3.2924497,2.994233
2.5,2.9547465,2.5083568
2.2,3.0889654,2.240144
2.2,3.0892158,2.240144
2.2,2.8089194,2.2299645
2.5,3.046028,2.5610447
3.5,3.5856192,3.442486
3.0,3.4566417,2.9582138
4.75,4.5136013,4.689778
3.0,3.0844424,2.9317572
2.45,2.9469862,2.5137906
2.2,3.1093059,2.241374
3.75,3.987553,3.7732828
4.5,4.2708435,4.4697466
3.5,3.6059697,3.473054
3.25,3.556534,3.2405424
3.1,3.0136135,3.051535
9.5,10.13489,9.484263
3.5,3.62836,3.481388
2.5,2.9695015,2.5083966
3.5,3.5503612,3.4799752
2.5,2.9297438,2.5379016
3.0,3.0830965,2.9328873
2.5,3.1659205,2.5437799
3.0,3.3166056,2.9893107
2.55,3.0136135,2.6170678
4.5,4.3516235,4.456781
3.0,3.0979702,2.9741867
3.0,3.1867356,2.9650517
3.75,4.1172256,3.7804694
6.4,8.235621,6.417564
3.75,3.759239,3.726962
4.0,3.6744146,3.9213
2.5,2.9749107,2.5099986
3.1,3.0136135,3.0515962
3.25,3.5700016,3.3066685
3.5,3.587558,3.473054
2.2,3.1227732,2.2381716
3.75,4.3199034,3.805581
3.0,3.0757852,2.9520664
2.5,2.9142578,2.507822
4.5,4.429798,4.446462
4.25,4.3160877,4.1864996
4.25,4.0640736,4.195586
2.5,2.954292,2.542401
4.5,4.3111057,4.4880624
2.2,3.0942926,2.241374
3.1,3.3216584,3.1018782
3.0,3.568532,3.0236044
2.5,3.1000566,2.5446963
4.25,4.2126713,4.187941
2.5,2.92717,2.5083966
2.5,2.9638586,2.5099986
4.5,4.2371964,4.4921155
2.5,2.957407,2.5353277
3.0,3.0613885,2.9727805
2.0,2.66141,2.021214
2.5,2.9371789,2.5083966
0.8,0.97702646,0.8040235
3.75,4.0742083,3.7632825
4.75,4.5571923,4.693894
2.2,2.8192742,2.231433
4.25,4.0678988,4.195979
3.5,3.987807,3.552691
3.5,3.5763948,3.473054
2.0,2.6915438,2.0218124
4.25,4.2657065,4.18737
2.5,2.9444976,2.5108445
2.0,2.6295848,2.0245647
4.5,4.2920313,4.467542
2.5,2.9322495,2.5099986
2.5,3.0759683,2.5673585
9.5,9.717171,9.480791
3.75,4.320481,3.8099263
3.0,3.0748525,2.9329426
3.0,3.648727,3.0251803
3.75,3.719397,3.6820154
3.75,4.3268776,3.8056011
0.8,0.97672904,0.8003852
8.95,9.319356,8.948546
3.1,3.0136135,3.051535
4.5,4.413897,4.4475646
8.95,9.985773,9.037326
2.5,2.9645357,2.5083966
2.55,3.0136135,2.6170678
3.0,3.1404798,2.9628954
4.25,4.2796144,4.1864996
3.0,3.1506212,2.9628048
7.6,7.65872,7.605526
3.75,3.7236784,3.6814005
2.5,2.963353,2.5099986
2.5,2.954363,2.5108445
2.2,3.0421948,2.2381716
2.5,3.0738091,2.567816
2.5,3.0880246,2.559873
3.75,3.7149127,3.7468433
3.1,3.0136135,3.0528817
3.5,3.5631487,3.4800117
2.2,2.803631,2.2299645
3.5,3.5903997,3.47096
3.0,3.0896673,2.9727805
3.25,3.5392716,3.203706
2.5,3.0619445,2.5696802
3.0,3.1625443,2.97099
4.25,4.303569,4.1868925
3.0,3.0833392,2.9318013
2.5,3.0810933,2.5611544
3.75,4.0375786,3.7514062
3.0,3.2549353,2.9898517
3.0,3.0820742,2.9545846
0.8,0.9874605,0.80318356
2.5,3.116952,2.5431452
2.0,2.6764257,2.0218124
2.5,3.1801157,2.5409389
3.75,3.7241418,3.7257988
2.5,3.0775542,2.5614963
2.5,2.9992619,2.5503497
3.75,3.7137554,3.6836572
2.5,3.0658903,2.5680008
3.75,3.75859,3.7409346
3.75,4.0622087,3.780946
3.1,3.4362721,3.1008449
3.0,3.0622067,2.9328873
2.2,2.7684548,2.2299645
2.2,3.094133,2.2381716
3.5,3.6432478,3.4461205
0.8,0.9789864,0.8041432
3.5,3.5678618,3.473054
3.0,3.3615458,2.9901938
3.0,3.559065,3.0236044
3.5,3.6009424,3.5518363
0.8,0.9847285,0.80456334
2.0,2.6501908,2.0217488
3.0,3.1294909,2.9513922
3.0,3.0800467,2.95034
2.5,3.069252,2.568218
3.0,3.213925,2.9635885
3.1,3.4120443,3.1016688
3.5,3.587867,3.5512574
3.0,3.5650938,3.0275993
2.0,2.700068,2.0218124
4.0,3.6579993,3.9226391
2.5,2.9936085,2.5548544
3.0,3.0566423,2.9521194
14.75,17.643133,14.852721
3.75,4.064247,3.786021
4.25,4.067341,4.195586
3.75,3.7584717,3.73035
3.0,3.1358066,2.9627645
3.0,3.738508,3.060428
2.5,2.910344,2.536255
2.5,2.908067,2.536017
4.25,4.1072607,4.1964564
3.0,3.189997,2.964046
3.1,3.0136135,3.0535529
3.0,2.5963655,2.8892186
4.5,4.2910614,4.468581
3.5,3.595234,3.472513
0.8,0.99414027,0.8037572
3.75,4.057396,3.7864137
3.5,3.6348832,3.4461205
3.0,3.1083245,2.9521203
3.1,3.381511,3.1012104
0.8,0.98964226,0.8037572
3.5,3.5347183,3.4448903
3.0,3.2019868,2.9481857
0.8,0.9911304,0.7941555
3.0,3.0505772,2.9316998
2.2,2.834009,2.231433
3.25,3.5485892,3.2432723
3.5,3.5496142,3.477762
3.75,4.3351574,3.8045092
3.0,3.147052,2.97099
2.2,3.068637,2.2381716
3.0,3.070852,2.9485137
4.0,3.63016,3.9226756
2.5,2.9448757,2.5370934
3.75,4.049827,3.7736754
3.25,3.5511665,3.263387
2.2,3.5588865,2.240144
2.5,3.0752578,2.56099
3.0,3.1852534,2.9481857
3.75,4.0441227,3.7530155
2.45,2.953614,2.5133283
3.75,4.3897605,3.8034122
3.75,3.997359,3.7736754
2.5,2.9284196,2.5366502
3.25,3.5541556,3.2662144
4.0,3.6937475,3.923318
0.8,0.96498424,0.80360067
3.0,3.3922653,3.0621932
3.75,3.7170193,3.7253768
3.25,3.5398796,3.206442
